event_type,file_path,time,is_directory,hash
created,.\Records\key_log\key_log_2025-01-11_12-58-56.csv,1736580537.0089636,False,ab3028243ff45248a7c1fa6ec63a8823
modified,.\Records\key_log\key_log_2025-01-11_12-58-56.csv,1736580537.0109577,False,ab3028243ff45248a7c1fa6ec63a8823
modified,.\Records\file_access_log\file_access_log_2025-01-11_12-58-56.csv,1736580537.026915,False,c742288ea724a6a6aca4919eb5124d95
modified,.\Records\file_access_log\file_access_log_2025-01-11_12-58-56.csv,1736580537.041875,False,dbaa7f0dca68cd3be0c8b72ddaaf4407
modified,.\Records\file_access_log\file_access_log_2025-01-11_12-58-56.csv,1736580537.0578327,False,cbe349e244a687004fedb9a7595e6829
modified,.\Records\file_access_log\file_access_log_2025-01-11_12-58-56.csv,1736580537.0747883,False,671b107e8ead9c86692449f2483107cc
modified,.\Records\file_access_log\file_access_log_2025-01-11_12-58-56.csv,1736580537.0917437,False,0f8d3eeb5de6692833a142edb14804e2
modified,.\Records\file_access_log\file_access_log_2025-01-11_12-58-56.csv,1736580537.1575649,False,52e230785c6b9214bb35599a3d66a156
modified,.\Records\file_access_log\file_access_log_2025-01-11_12-58-56.csv,1736580537.183497,False,aa65adaeaf398900e442eae86c03ffa0
modified,.\Records\file_access_log\file_access_log_2025-01-11_12-58-56.csv,1736580537.2293732,False,70be1ca46da8f81b463e26f396f81b37
modified,.\Records\file_access_log\file_access_log_2025-01-11_12-58-56.csv,1736580537.261288,False,b60cc393a507190b06b0d3eaaaa0e315
created,.\Records\mouse_data_log\mouse_data_log_2025-01-11_12-58-57.csv,1736580537.2802386,False,ceabe07f922a180bfa962468df806edd
modified,.\Records\mouse_data_log\mouse_data_log_2025-01-11_12-58-57.csv,1736580537.281235,False,ceabe07f922a180bfa962468df806edd
modified,.\Records\file_access_log\file_access_log_2025-01-11_12-58-56.csv,1736580537.3001847,False,10fa2e8112767b1fd44f5b38f233d9f1
modified,.\Records\file_access_log\file_access_log_2025-01-11_12-58-56.csv,1736580537.3291075,False,ff0ccb9e6a8299a9d47f509f33642b89
modified,.\Records\file_access_log\file_access_log_2025-01-11_12-58-56.csv,1736580537.3450637,False,1f4838e764335bc84d4d837b2c44d2cf
modified,.\Records\file_access_log\file_access_log_2025-01-11_12-58-56.csv,1736580537.390943,False,3acd2e50f02f1ff84616ad3cc9878057
modified,.\Records\file_access_log\file_access_log_2025-01-11_12-58-56.csv,1736580537.4208667,False,68cb9162af8375cfa88b53ae29707987
modified,.\Records\mouse_data_log\mouse_data_log_2025-01-11_12-58-57.csv,1736580537.4358215,False,2a4b6bafb263b261f27d0bb60919be65
modified,.\Records\file_access_log\file_access_log_2025-01-11_12-58-56.csv,1736580537.4577627,False,3ab5b24aeed988196bdf54885ba1aa1b
modified,.\Records\file_access_log\file_access_log_2025-01-11_12-58-56.csv,1736580537.4836946,False,1bdf6b775676bab77ba58a37b2b8c775
modified,.\Records\mouse_data_log\mouse_data_log_2025-01-11_12-58-57.csv,1736580537.52957,False,f3ebe5ea0e42f3925d9b1b4144cd0de2
modified,.\Records\file_access_log\file_access_log_2025-01-11_12-58-56.csv,1736580537.55251,False,daab677575522856d853ec752090db78
modified,.\Records\file_access_log\file_access_log_2025-01-11_12-58-56.csv,1736580537.5694633,False,09410fb0a26f46a519fca9aa48d88e7f
modified,.\Records\file_access_log\file_access_log_2025-01-11_12-58-56.csv,1736580537.5874164,False,2fa828ca93e3983da2ecba21b8a9b784
modified,.\Records\file_access_log\file_access_log_2025-01-11_12-58-56.csv,1736580537.6033742,False,9e0bbe2520dd03bcceab0460cf0f0195
modified,.\Records\file_access_log\file_access_log_2025-01-11_12-58-56.csv,1736580537.622323,False,c670aaac9e49b0f2f12c0986e79a4686
modified,.\Records\mouse_data_log\mouse_data_log_2025-01-11_12-58-57.csv,1736580537.63828,False,6261712ca57424f64c4ff7c049b0b52a
modified,.\Records\file_access_log\file_access_log_2025-01-11_12-58-56.csv,1736580537.6721895,False,4cb53decd9fbd4186b7e75d3f9532118
modified,.\Records\mouse_data_log\mouse_data_log_2025-01-11_12-58-57.csv,1736580537.7420022,False,e29e438203271fdbf9935db445913bd8
modified,.\Records\file_access_log\file_access_log_2025-01-11_12-58-56.csv,1736580537.7759123,False,3467705324b592716ac0b45200e8f255
modified,.\Records\mouse_data_log\mouse_data_log_2025-01-11_12-58-57.csv,1736580537.8148084,False,e29e438203271fdbf9935db445913bd8
modified,.\Records\file_access_log\file_access_log_2025-01-11_12-58-56.csv,1736580537.910551,False,36e48477d5c5bcf2b1a2b118b9c0618f
modified,.\Records\mouse_data_log\mouse_data_log_2025-01-11_12-58-57.csv,1736580537.9314954,False,0503d1618826338638deed3179294b63
modified,.\Records\file_access_log\file_access_log_2025-01-11_12-58-56.csv,1736580537.9604192,False,b6ee9f2bf8bcf58cea117622a50e849a
modified,.\Records\file_access_log\file_access_log_2025-01-11_12-58-56.csv,1736580537.9793677,False,290d381491bcc91ee841634808c4f28b
modified,.\Records\file_access_log\file_access_log_2025-01-11_12-58-56.csv,1736580537.9973197,False,aa1ac4908d0a0f9ced7f3131f5307c02
modified,.\Records\file_access_log\file_access_log_2025-01-11_12-58-56.csv,1736580538.0162687,False,257cee8f0dd98af9fb7927e98f63531f
modified,.\Records\mouse_data_log\mouse_data_log_2025-01-11_12-58-57.csv,1736580538.0421994,False,3da41f16ed9ebfc187b20b79b9d1b2c0
modified,.\Records\file_access_log\file_access_log_2025-01-11_12-58-56.csv,1736580538.0880792,False,8f23233ce0e27bdf008fec94ee6dc28d
modified,.\Records\file_access_log\file_access_log_2025-01-11_12-58-56.csv,1736580538.1219885,False,0673ac013a5e8ac8bcb7c53acdaf98c0
modified,.\Records\file_access_log\file_access_log_2025-01-11_12-58-56.csv,1736580538.1519058,False,f15344f90a813ffce1944a8f07219282
modified,.\Records\file_access_log\file_access_log_2025-01-11_12-58-56.csv,1736580538.2117457,False,78c38abc5a2af77e9e8f5371fb6e353e
modified,.\Records\mouse_data_log\mouse_data_log_2025-01-11_12-58-57.csv,1736580538.239678,False,ebc140773586d3fe56363722b3a67795
modified,.\Records\file_access_log\file_access_log_2025-01-11_12-58-56.csv,1736580538.2685945,False,0f5509c06f985fa5c17d10132538944a
created,.\Records\ip_change_log\ip_change_log_2025-01-11_12-58-58.csv,1736580538.298514,False,c9b0ead70c1574156cab03865c160591
modified,.\Records\ip_change_log\ip_change_log_2025-01-11_12-58-58.csv,1736580538.3025036,False,c9b0ead70c1574156cab03865c160591
modified,.\Records\file_access_log\file_access_log_2025-01-11_12-58-56.csv,1736580538.3194594,False,b24b030e2d77259f30c0aa7746e8c8c4
modified,.\Records\file_access_log\file_access_log_2025-01-11_12-58-56.csv,1736580538.3433955,False,0d3e1f698ab6fae7ae5f235e0168c42b
modified,.\Records\file_access_log\file_access_log_2025-01-11_12-58-56.csv,1736580538.3623445,False,8d83f91e8a350c83f76530648d95b478
modified,.\Records\file_access_log\file_access_log_2025-01-11_12-58-56.csv,1736580538.3812926,False,4259c07bdd668f8d07a12d50c1f3d389
modified,.\Records\mouse_data_log\mouse_data_log_2025-01-11_12-58-57.csv,1736580538.4032335,False,9f623ace0e66e3706ffb7508a8efa99a
modified,.\Records\file_access_log\file_access_log_2025-01-11_12-58-56.csv,1736580538.4191928,False,4b3c5ab285916ef99a21deabf6160dad
modified,.\Records\file_access_log\file_access_log_2025-01-11_12-58-56.csv,1736580538.4311616,False,15a9fbf5f82f29370d876edffd03c7a4
modified,.\Records\file_access_log\file_access_log_2025-01-11_12-58-56.csv,1736580538.448113,False,089d077d399ad5f5a2b97e974fb982e2
modified,.\Records\file_access_log\file_access_log_2025-01-11_12-58-56.csv,1736580538.4680603,False,c610d12735307ce7da1938427ec3d2ff
modified,.\Records\file_access_log\file_access_log_2025-01-11_12-58-56.csv,1736580538.4979818,False,b66b51ce0cad40109481835c2189c7a9
modified,.\Records\file_access_log\file_access_log_2025-01-11_12-58-56.csv,1736580538.5199237,False,c2748f3107595eb95a4c9c3725a0ddda
modified,.\Records\file_access_log\file_access_log_2025-01-11_12-58-56.csv,1736580538.5378735,False,16497a69300c55fe8bf641ccbc86b46f
modified,.\Records\file_access_log\file_access_log_2025-01-11_12-58-56.csv,1736580538.5558255,False,44223ed01f88b9c365ab3dd5cd84217c
modified,.\Records\file_access_log\file_access_log_2025-01-11_12-58-56.csv,1736580538.5747776,False,df834577887ebbef7d8e3adae677146e
modified,.\Records\file_access_log\file_access_log_2025-01-11_12-58-56.csv,1736580538.5907338,False,b72f3b70fbc8c709d3307f1fb14e4657
modified,.\Records\file_access_log\file_access_log_2025-01-11_12-58-56.csv,1736580538.610694,False,47197739032c63c4ec67290f97f6dbef
modified,.\Records\file_access_log\file_access_log_2025-01-11_12-58-56.csv,1736580538.6266363,False,3e64470a24ec2606073063cf61a57636
modified,.\Records\file_access_log\file_access_log_2025-01-11_12-58-56.csv,1736580538.6525693,False,44193bb06c60c8e43f121faad9c8f46d
modified,.\Records\file_access_log\file_access_log_2025-01-11_12-58-56.csv,1736580538.672513,False,ab4fe7a62942e8625cb40ec4558571e2
modified,.\Records\file_access_log\file_access_log_2025-01-11_12-58-56.csv,1736580538.6894677,False,5b5b80377e03600b29834b76d91c1c7a
modified,.\Records\file_access_log\file_access_log_2025-01-11_12-58-56.csv,1736580538.708418,False,8f97e28c38fc72b964558c15cd0f8d05
modified,.\Records\file_access_log\file_access_log_2025-01-11_12-58-56.csv,1736580538.7223804,False,c49be10b0acf628aba6beb8c0f43729c
modified,.\Records\file_access_log\file_access_log_2025-01-11_12-58-56.csv,1736580538.7413294,False,9630f61d8ee38daeffdaf514a3444082
modified,.\Records\file_access_log\file_access_log_2025-01-11_12-58-56.csv,1736580538.761277,False,ab9a06043c19298b6f31c72dde2a1d55
modified,.\Records\ip_change_log\ip_change_log_2025-01-11_12-58-58.csv,1736580538.7762375,False,a08b719fb352ffa9a676d95e17bfb134
modified,.\Records\file_access_log\file_access_log_2025-01-11_12-58-56.csv,1736580538.7971802,False,2e8983e7bd04f0a2001cdab84929116a
modified,.\Records\file_access_log\file_access_log_2025-01-11_12-58-56.csv,1736580538.818124,False,995818db5de2f5099889a6e3f9d0f6b3
modified,.\Records\mouse_data_log\mouse_data_log_2025-01-11_12-58-57.csv,1736580538.834082,False,48586a2b99d3c2b60a8c7fa68ac488e8
modified,.\Records\file_access_log\file_access_log_2025-01-11_12-58-56.csv,1736580538.851036,False,11b64f62fedf5138466558154b712181
modified,.\Records\file_access_log\file_access_log_2025-01-11_12-58-56.csv,1736580538.8709836,False,4d8c1e3de1bda7447951d2a5446a9aff
modified,.\Records\file_access_log\file_access_log_2025-01-11_12-58-56.csv,1736580538.8919268,False,47ec9a3a2c8568f77186c0a10a2eae69
modified,.\Records\file_access_log\file_access_log_2025-01-11_12-58-56.csv,1736580538.9118738,False,177107a78dc86d3c2794e59bda5342dd
modified,.\Records\file_access_log\file_access_log_2025-01-11_12-58-56.csv,1736580538.93308,False,2eca4cc17dabbabbf606f775cedb7784
modified,.\Records\file_access_log\file_access_log_2025-01-11_12-58-56.csv,1736580538.9520302,False,318cb81e9cd021e89fafcaae7d599b60
modified,.\Records\file_access_log\file_access_log_2025-01-11_12-58-56.csv,1736580538.9679897,False,070e8c84297fa8a3ff6ce2b93418d067
modified,.\Records\file_access_log\file_access_log_2025-01-11_12-58-56.csv,1736580538.9879336,False,3954aac6d4185c39e85cfcd7e74f56b2
modified,.\Records\file_access_log\file_access_log_2025-01-11_12-58-56.csv,1736580539.0058851,False,04695e4e78b84bfc864df7e7aeee2e13
modified,.\Records\file_access_log\file_access_log_2025-01-11_12-58-56.csv,1736580539.0278273,False,e2bf5359a6562bbcc2e5bd2c290dff97
modified,.\Records\file_access_log\file_access_log_2025-01-11_12-58-56.csv,1736580539.0427883,False,c14a4511b56c9e38c4e9fae659e7bad4
modified,.\Records\file_access_log\file_access_log_2025-01-11_12-58-56.csv,1736580539.0607383,False,beb28e1d818ca70a96e918a993fe930c
modified,.\Records\file_access_log\file_access_log_2025-01-11_12-58-56.csv,1736580539.0796895,False,7debb53947b57f5b66221b2e5e018414
modified,.\Records\file_access_log\file_access_log_2025-01-11_12-58-56.csv,1736580539.0996392,False,e32c90eb2f880368f29a8ab8090f4659
modified,.\Records\file_access_log\file_access_log_2025-01-11_12-58-56.csv,1736580539.117587,False,24833146bd56eefc52e9bab59566af50
modified,.\Records\file_access_log\file_access_log_2025-01-11_12-58-56.csv,1736580539.1365347,False,db2e3df51da22465e1327448e46f7449
modified,.\Records\file_access_log\file_access_log_2025-01-11_12-58-56.csv,1736580539.158477,False,cedbe4a08b324e2484fbefa7656a6446
modified,.\Records\file_access_log\file_access_log_2025-01-11_12-58-56.csv,1736580539.177427,False,d6c9bae1c43c67984e50c7253afbb7c4
modified,.\Records\file_access_log\file_access_log_2025-01-11_12-58-56.csv,1736580539.196376,False,37c9e2dddd4ad936c9ea95ff66bd1c34
modified,.\Records\file_access_log\file_access_log_2025-01-11_12-58-56.csv,1736580539.217319,False,30367cca23e0c2237ea1d89465f53af0
modified,.\Records\file_access_log\file_access_log_2025-01-11_12-58-56.csv,1736580539.2372658,False,6c9577c1c35b5523e2cb1e92edc35cd5
modified,.\Records\file_access_log\file_access_log_2025-01-11_12-58-56.csv,1736580539.2552183,False,fcd9df35f55df86dda882ad6a159eec3
modified,.\Records\file_access_log\file_access_log_2025-01-11_12-58-56.csv,1736580539.2801514,False,7f57a56a8f844f66320406b1bada8f65
modified,.\Records\file_access_log\file_access_log_2025-01-11_12-58-56.csv,1736580539.3000994,False,60de7f69bb93596f86171a3375a85b6b
modified,.\Records\file_access_log\file_access_log_2025-01-11_12-58-56.csv,1736580539.3170526,False,a578ff733ce6256df37899933c555cbe
modified,.\Records\file_access_log\file_access_log_2025-01-11_12-58-56.csv,1736580539.3340077,False,fc42f436c9724a47e89b58d1d9b084a3
modified,.\Records\file_access_log\file_access_log_2025-01-11_12-58-56.csv,1736580539.3509624,False,67492506a620b68b204d2d5cd67938ce
modified,.\Records\file_access_log\file_access_log_2025-01-11_12-58-56.csv,1736580539.3748996,False,0f9c72fa642e5aaf6376a6e938b4b4e8
modified,.\Records\file_access_log\file_access_log_2025-01-11_12-58-56.csv,1736580539.3958416,False,c701dbf1f156a95413f60dadbc010e59
modified,.\Records\file_access_log\file_access_log_2025-01-11_12-58-56.csv,1736580539.4137933,False,db50f307acfbb9312cac71ed2c59f490
modified,.\Records\file_access_log\file_access_log_2025-01-11_12-58-56.csv,1736580539.431745,False,7838194f2e8957d3095afb36dca453fc
modified,.\Records\file_access_log\file_access_log_2025-01-11_12-58-56.csv,1736580539.448701,False,257aa42c1eb0bb04f5b2cc401bf1ea10
modified,.\Records\file_access_log\file_access_log_2025-01-11_12-58-56.csv,1736580539.4666526,False,fe5b0f7bd5d65fa6a00a564840d2403f
modified,.\Records\file_access_log\file_access_log_2025-01-11_12-58-56.csv,1736580539.4826097,False,2dcee16a7b2296d2017e1c4f1a590074
modified,.\Records\file_access_log\file_access_log_2025-01-11_12-58-56.csv,1736580539.5015588,False,f3036b74e8205f7f34211a3147522581
modified,.\Records\file_access_log\file_access_log_2025-01-11_12-58-56.csv,1736580539.5185134,False,618ea6e702265621aed7d5468be34f68
modified,.\Records\file_access_log\file_access_log_2025-01-11_12-58-56.csv,1736580539.5374625,False,df87f5c3e39681ba3c78a18311270928
modified,.\Records\file_access_log\file_access_log_2025-01-11_12-58-56.csv,1736580539.5713747,False,6f46584d0fbf59d747b9c678c932494d
modified,.\Records\mouse_data_log\mouse_data_log_2025-01-11_12-58-57.csv,1736580539.5953088,False,02e23270a311175b79753416278754c6
modified,.\Records\file_access_log\file_access_log_2025-01-11_12-58-56.csv,1736580539.612263,False,26118347dca284ce89216b2486cc4636
modified,.\Records\file_access_log\file_access_log_2025-01-11_12-58-56.csv,1736580539.6302178,False,d8ad6efedf4a52bbea42c028bebdddb8
modified,.\Records\file_access_log\file_access_log_2025-01-11_12-58-56.csv,1736580539.6481667,False,8c292469991d4ca8aaf45abb64ed43bb
modified,.\Records\file_access_log\file_access_log_2025-01-11_12-58-56.csv,1736580539.6651218,False,2dd262933b0106fef89f7bba907eb080
modified,.\Records\file_access_log\file_access_log_2025-01-11_12-58-56.csv,1736580539.6830776,False,4b9673044f596a0337aa88e9970f5b31
modified,.\Records\file_access_log\file_access_log_2025-01-11_12-58-56.csv,1736580539.6990302,False,b9ccd14e6299b8f9310a33b1a227d0cb
modified,.\Records\file_access_log\file_access_log_2025-01-11_12-58-56.csv,1736580539.717984,False,fc5a27733ab80bdf03fbc50003567ac0
modified,.\Records\file_access_log\file_access_log_2025-01-11_12-58-56.csv,1736580539.7389243,False,43d904a013139fc09b4d5829856bc013
modified,.\Records\file_access_log\file_access_log_2025-01-11_12-58-56.csv,1736580539.7588716,False,a3dba8e458522db9f978f66f635e7c0d
modified,.\Records\mouse_data_log\mouse_data_log_2025-01-11_12-58-57.csv,1736580539.7758272,False,ad8f0c9848148e9ddb51317bc2eeef1c
modified,.\Records\file_access_log\file_access_log_2025-01-11_12-58-56.csv,1736580539.7937772,False,15c28089f7cfbcb64e45dc92d6a68c51
modified,.\Records\file_access_log\file_access_log_2025-01-11_12-58-56.csv,1736580539.8147213,False,66c1c53c336d6e98e78c2c226f1f8459
modified,.\Records\file_access_log\file_access_log_2025-01-11_12-58-56.csv,1736580539.8326738,False,d830e4d252b69b53f481ecee5f823125
modified,.\Records\mouse_data_log\mouse_data_log_2025-01-11_12-58-57.csv,1736580539.8486304,False,29057ecd45b1c17011db16a03de42af6
modified,.\Records\file_access_log\file_access_log_2025-01-11_12-58-56.csv,1736580539.8685772,False,18f2d623eb569e9b3b017519a81cd5f0
modified,.\Records\mouse_data_log\mouse_data_log_2025-01-11_12-58-57.csv,1736580539.8695743,False,29057ecd45b1c17011db16a03de42af6
modified,.\Records\file_access_log\file_access_log_2025-01-11_12-58-56.csv,1736580539.8875306,False,717f4c08d21f713765db94cdebb43187
modified,.\Records\file_access_log\file_access_log_2025-01-11_12-58-56.csv,1736580539.9074743,False,fff9440f7ea075ff9f2614ee9658d7de
modified,.\Records\file_access_log\file_access_log_2025-01-11_12-58-56.csv,1736580539.9264235,False,cf98d0801cd72a2296e95f16f4a9e3c3
modified,.\Records\file_access_log\file_access_log_2025-01-11_12-58-56.csv,1736580539.947367,False,79de6eca8c08b8c9e38164c15505eaee
modified,.\Records\file_access_log\file_access_log_2025-01-11_12-58-56.csv,1736580539.9683115,False,4061f8f759f037c278f2f20cb5bfe665
modified,.\Records\file_access_log\file_access_log_2025-01-11_12-58-56.csv,1736580539.986269,False,c5e3a9f7b3f0d4884d4376fcd24a9762
modified,.\Records\file_access_log\file_access_log_2025-01-11_12-58-56.csv,1736580540.0062096,False,7d502cc91d90cabd5750d89ec1e17fbf
modified,.\Records\file_access_log\file_access_log_2025-01-11_12-58-56.csv,1736580540.0261562,False,4293120a553e46ab183b095d7aa2b021
modified,.\Records\file_access_log\file_access_log_2025-01-11_12-58-56.csv,1736580540.045107,False,29540fd99601646d753cc40ae357d58d
modified,.\Records\file_access_log\file_access_log_2025-01-11_12-58-56.csv,1736580540.0620592,False,1c76e9acfb48a14010301445de571c47
modified,.\Records\file_access_log\file_access_log_2025-01-11_12-58-56.csv,1736580540.0810091,False,c3fe32c6804c3fb26f25e582544d4cc4
modified,.\Records\file_access_log\file_access_log_2025-01-11_12-58-56.csv,1736580540.1009557,False,9377e5fa43187230f826800613b143a6
modified,.\Records\file_access_log\file_access_log_2025-01-11_12-58-56.csv,1736580540.1219008,False,1feb238415a86fc8401534b2519d8c0f
modified,.\Records\file_access_log\file_access_log_2025-01-11_12-58-56.csv,1736580540.1418471,False,d9f72f8a9814cb9ac42c1dbbcdc39722
modified,.\Records\file_access_log\file_access_log_2025-01-11_12-58-56.csv,1736580540.160797,False,16182b9f8d0220806dccddbea611255d
modified,.\Records\file_access_log\file_access_log_2025-01-11_12-58-56.csv,1736580540.179745,False,1795945e0cacf94881272eea992abd07
modified,.\Records\file_access_log\file_access_log_2025-01-11_12-58-56.csv,1736580540.1996918,False,614fed4f6b7d0cdbf3ed78433a785bd2
modified,.\Records\file_access_log\file_access_log_2025-01-11_12-58-56.csv,1736580540.2186403,False,1213ecdcc177fde2e259f17723109f3b
modified,.\Records\file_access_log\file_access_log_2025-01-11_12-58-56.csv,1736580540.2395852,False,431ede5c6ca7b74bde6b3ebe3bbbffea
modified,.\Records\mouse_data_log\mouse_data_log_2025-01-11_12-58-57.csv,1736580540.2595356,False,1fa1debc87f04b724f27aa8fb5b3b390
modified,.\Records\mouse_data_log\mouse_data_log_2025-01-11_12-58-57.csv,1736580540.261529,False,1fa1debc87f04b724f27aa8fb5b3b390
modified,.\Records\file_access_log\file_access_log_2025-01-11_12-58-56.csv,1736580540.2814734,False,d0f0ce7bfd9678d971498611fc963151
modified,.\Records\file_access_log\file_access_log_2025-01-11_12-58-56.csv,1736580540.3004227,False,42f1cd9cf5ad705c8189632100a41bb6
modified,.\Records\file_access_log\file_access_log_2025-01-11_12-58-56.csv,1736580540.3193717,False,548e7f46fe63a76f456aabec563c9ad7
modified,.\Records\file_access_log\file_access_log_2025-01-11_12-58-56.csv,1736580540.3403158,False,456f25b36e3b0d39ba00bd7c7c6eb1c1
modified,.\Records\mouse_data_log\mouse_data_log_2025-01-11_12-58-57.csv,1736580540.3612614,False,ebf4c550a92f954e90027efa3dae4ac4
modified,.\Records\file_access_log\file_access_log_2025-01-11_12-58-56.csv,1736580540.3792114,False,d4d7f9bfd2c284772784cb97fef665bc
modified,.\Records\file_access_log\file_access_log_2025-01-11_12-58-56.csv,1736580540.397163,False,1f5f4e6e684fd20ed298ae31f5ee8e91
modified,.\Records\file_access_log\file_access_log_2025-01-11_12-58-56.csv,1736580540.4141178,False,27f656ce4f0014894ff65abf4d8cafe8
modified,.\Records\file_access_log\file_access_log_2025-01-11_12-58-56.csv,1736580540.4330678,False,1da1b8e481f9515cc6401cff01c52997
modified,.\Records\file_access_log\file_access_log_2025-01-11_12-58-56.csv,1736580540.4540129,False,0ee422cea9770966b839e388684f5178
modified,.\Records\file_access_log\file_access_log_2025-01-11_12-58-56.csv,1736580540.473959,False,de654a8a3a6776798ebfacba5a1a827e
modified,.\Records\file_access_log\file_access_log_2025-01-11_12-58-56.csv,1736580540.4919112,False,4c5befe6e83f006e496a7c838445049f
modified,.\Records\file_access_log\file_access_log_2025-01-11_12-58-56.csv,1736580540.510859,False,2c426ffda9c29433d987c9b31fb98232
modified,.\Records\file_access_log\file_access_log_2025-01-11_12-58-56.csv,1736580540.5298107,False,7b1660afd49de497bb6dc812a4ee5084
modified,.\Records\file_access_log\file_access_log_2025-01-11_12-58-56.csv,1736580540.5507529,False,d8220083230973fc1875af0f653674fd
modified,.\Records\file_access_log\file_access_log_2025-01-11_12-58-56.csv,1736580540.5697017,False,1d2af7650af86972451661fcf8fc11d6
modified,.\Records\file_access_log\file_access_log_2025-01-11_12-58-56.csv,1736580540.589649,False,293314c0ea8d8ab77ca3c4879a6c22cb
modified,.\Records\mouse_data_log\mouse_data_log_2025-01-11_12-58-57.csv,1736580540.611592,False,916da6c0b89ab33dd1fe92c79467ca7e
modified,.\Records\file_access_log\file_access_log_2025-01-11_12-58-56.csv,1736580540.6305413,False,79202a08e0b6d528030e41d004d906e2
modified,.\Records\file_access_log\file_access_log_2025-01-11_12-58-56.csv,1736580540.6534781,False,d070d496a7a761902bc58250fbea768e
modified,.\Records\mouse_data_log\mouse_data_log_2025-01-11_12-58-57.csv,1736580540.672427,False,74c35a867cab51d71073b44e3d2b898d
modified,.\Records\file_access_log\file_access_log_2025-01-11_12-58-56.csv,1736580540.6933715,False,acfd9cf2fa319119d2ebcd52aad5076e
modified,.\Records\file_access_log\file_access_log_2025-01-11_12-58-56.csv,1736580540.7123218,False,d9385b16dc236a807cb967c6ec72832d
modified,.\Records\file_access_log\file_access_log_2025-01-11_12-58-56.csv,1736580540.7292757,False,83cbc60b542629a720a2840696035be6
modified,.\Records\file_access_log\file_access_log_2025-01-11_12-58-56.csv,1736580540.7492225,False,ba0424a4e68034cbc734ee5f081f5015
modified,.\Records\file_access_log\file_access_log_2025-01-11_12-58-56.csv,1736580540.766176,False,e48d63ede86946de1e27c3a40e615b0d
modified,.\Records\file_access_log\file_access_log_2025-01-11_12-58-56.csv,1736580540.7851284,False,c81769c67555942b40db5b3be1ff8d1e
modified,.\Records\file_access_log\file_access_log_2025-01-11_12-58-56.csv,1736580540.8030791,False,309ff8d6f4eb6952dbea4d871a444fa7
modified,.\Records\file_access_log\file_access_log_2025-01-11_12-58-56.csv,1736580540.8230238,False,27aba7d22e148da8ba38848b616be8a1
modified,.\Records\file_access_log\file_access_log_2025-01-11_12-58-56.csv,1736580540.8399792,False,631481956e434b2ae2f95442bcad3328
modified,.\Records\file_access_log\file_access_log_2025-01-11_12-58-56.csv,1736580540.8549402,False,92dd3b6e8adbec68aa369587e2809724
modified,.\Records\file_access_log\file_access_log_2025-01-11_12-58-56.csv,1736580540.8728952,False,8b413e87d9f70cb627d1fdda141ac7c2
modified,.\Records\file_access_log\file_access_log_2025-01-11_12-58-56.csv,1736580540.8918402,False,9a52d548852c929f8f9fe829c5de62f7
modified,.\Records\file_access_log\file_access_log_2025-01-11_12-58-56.csv,1736580540.9097958,False,de6fe8a46110c84ee0ccc32f6c218aa2
modified,.\Records\file_access_log\file_access_log_2025-01-11_12-58-56.csv,1736580540.923755,False,2ca0e12773c90c8e4c185fa66bb29735
modified,.\Records\file_access_log\file_access_log_2025-01-11_12-58-56.csv,1736580540.9377203,False,4b4daf9db20bd45156ab6c824043ef00
modified,.\Records\file_access_log\file_access_log_2025-01-11_12-58-56.csv,1736580540.95567,False,6331a20b78a86b59f38b5df1b8eb274e
modified,.\Records\file_access_log\file_access_log_2025-01-11_12-58-56.csv,1736580540.9726238,False,35257bd808eb6796d4bc9f9a9eede3c8
modified,.\Records\file_access_log\file_access_log_2025-01-11_12-58-56.csv,1736580540.9905756,False,ce8ba0204751acae19d494efce492455
modified,.\Records\file_access_log\file_access_log_2025-01-11_12-58-56.csv,1736580541.009525,False,cb1492202639771e501e66576e21f3ab
modified,.\Records\file_access_log\file_access_log_2025-01-11_12-58-56.csv,1736580541.0304694,False,d044b7f3ba2567e0cae5a9c6d9d70403
modified,.\Records\file_access_log\file_access_log_2025-01-11_12-58-56.csv,1736580541.042437,False,ff34522a4fd1648aee85ff9053600efd
modified,.\Records\file_access_log\file_access_log_2025-01-11_12-58-56.csv,1736580541.059394,False,84508918e4a86d6cc5c4ba7a5a90a0b4
modified,.\Records\file_access_log\file_access_log_2025-01-11_12-58-56.csv,1736580541.0763476,False,7bb3bf1c61db12eafce461261fcacda0
modified,.\Records\file_access_log\file_access_log_2025-01-11_12-58-56.csv,1736580541.0933032,False,3f0b1a37d72fefca8766c6048b5b7844
modified,.\Records\file_access_log\file_access_log_2025-01-11_12-58-56.csv,1736580541.108261,False,aca1890a4b3c1dd107df5e2a9bfcae70
modified,.\Records\file_access_log\file_access_log_2025-01-11_12-58-56.csv,1736580541.1212254,False,5ae813a5d00c65e7160c3b921e2cd3b6
modified,.\Records\file_access_log\file_access_log_2025-01-11_12-58-56.csv,1736580541.136186,False,d183c217aa226c7607fcd292b2f858df
modified,.\Records\file_access_log\file_access_log_2025-01-11_12-58-56.csv,1736580541.1521444,False,e221e89b5a1be75a9271c2c03572f5fc
modified,.\Records\file_access_log\file_access_log_2025-01-11_12-58-56.csv,1736580541.1651103,False,93ffba68103e6aa13b8b9e4971a6721b
modified,.\Records\file_access_log\file_access_log_2025-01-11_12-58-56.csv,1736580541.186054,False,eab27b4ada8e338e55f8228bfe45faf4
modified,.\Records\mouse_data_log\mouse_data_log_2025-01-11_12-58-57.csv,1736580541.2050035,False,357c4bf2b472df4ec45bc0598312fa8a
modified,.\Records\file_access_log\file_access_log_2025-01-11_12-58-56.csv,1736580541.2209623,False,66ee183ac102a3e87dc0a4c0a89a70ef
modified,.\Records\file_access_log\file_access_log_2025-01-11_12-58-56.csv,1736580541.2409067,False,77d9bce2b11a228385a0e62f1e239040
modified,.\Records\file_access_log\file_access_log_2025-01-11_12-58-56.csv,1736580541.2678342,False,de0b012ae14fc91b3e1b04babfc611cf
modified,.\Records\mouse_data_log\mouse_data_log_2025-01-11_12-58-57.csv,1736580541.2927678,False,73b7aeb225b77e86d7393f2666246cf0
modified,.\Records\file_access_log\file_access_log_2025-01-11_12-58-56.csv,1736580541.3117201,False,46e9820317a09a37c8b6a0da320970d5
modified,.\Records\mouse_data_log\mouse_data_log_2025-01-11_12-58-57.csv,1736580541.3127158,False,73b7aeb225b77e86d7393f2666246cf0
modified,.\Records\file_access_log\file_access_log_2025-01-11_12-58-56.csv,1736580541.3276765,False,52e6ad72a6d1db0277bdf9af441addc9
modified,.\Records\file_access_log\file_access_log_2025-01-11_12-58-56.csv,1736580541.3476226,False,957d2fc408d8a89e1fe28a579b48ec40
modified,.\Records\file_access_log\file_access_log_2025-01-11_12-58-56.csv,1736580541.3605862,False,dc7e1d25212d497aa5582ebe4728596c
modified,.\Records\file_access_log\file_access_log_2025-01-11_12-58-56.csv,1736580541.3765438,False,4d7bc47c54bda42eefdcab1c6b2740e9
modified,.\Records\file_access_log\file_access_log_2025-01-11_12-58-56.csv,1736580541.390507,False,c99d8db7739629c679829ea5214393ee
modified,.\Records\file_access_log\file_access_log_2025-01-11_12-58-56.csv,1736580541.409457,False,d0c0f39fd5f5fceaf3703c2e81a82537
modified,.\Records\file_access_log\file_access_log_2025-01-11_12-58-56.csv,1736580541.422422,False,b9e71de09066cc5d5b15498b8037d9d6
modified,.\Records\file_access_log\file_access_log_2025-01-11_12-58-56.csv,1736580541.4433646,False,fdedf4509fc69d3e4907dd050554c0ed
modified,.\Records\file_access_log\file_access_log_2025-01-11_12-58-56.csv,1736580541.462315,False,93bdba65d0455a3800ea1738f4fbc80c
modified,.\Records\file_access_log\file_access_log_2025-01-11_12-58-56.csv,1736580541.483261,False,2ad16a6af3a722faf02d8199f5432e52
modified,.\Records\file_access_log\file_access_log_2025-01-11_12-58-56.csv,1736580541.4962242,False,a761b674dcfc8b4343f0088d94eb6110
modified,.\Records\file_access_log\file_access_log_2025-01-11_12-58-56.csv,1736580541.5161743,False,9338ac23e99a18379648fd0b0577db26
modified,.\Records\file_access_log\file_access_log_2025-01-11_12-58-56.csv,1736580541.535121,False,0610f865b591a20b5a6a3a75751eefb5
modified,.\Records\file_access_log\file_access_log_2025-01-11_12-58-56.csv,1736580541.5520763,False,c82c3d7efd809ebc318f262b5e0ea4fd
modified,.\Records\mouse_data_log\mouse_data_log_2025-01-11_12-58-57.csv,1736580541.571025,False,d4b90c1dd2762f1fa2549aa341daa738
modified,.\Records\file_access_log\file_access_log_2025-01-11_12-58-56.csv,1736580541.5869808,False,f05681cc9f5dd361d8b0d5f5bfd4296f
modified,.\Records\file_access_log\file_access_log_2025-01-11_12-58-56.csv,1736580541.6069293,False,129e2f51777425d1d3dcc2f6f714f6cf
modified,.\Records\file_access_log\file_access_log_2025-01-11_12-58-56.csv,1736580541.6268735,False,2f1d4420c17f14afb5afecc8518c9dd8
modified,.\Records\mouse_data_log\mouse_data_log_2025-01-11_12-58-57.csv,1736580541.6518083,False,6441ab7d392991d18d020b14c26de2a0
modified,.\Records\file_access_log\file_access_log_2025-01-11_12-58-56.csv,1736580541.6677647,False,5d84bb65ffd9dc630c05c5328a4000f2
modified,.\Records\file_access_log\file_access_log_2025-01-11_12-58-56.csv,1736580541.6797338,False,4ad403943925c849dd29f40ddd3fe48d
modified,.\Records\file_access_log\file_access_log_2025-01-11_12-58-56.csv,1736580541.6966898,False,ee9af9a9e5f066f4b3fa8049451a1bf7
modified,.\Records\file_access_log\file_access_log_2025-01-11_12-58-56.csv,1736580541.7156386,False,b332c7d5b0262088b7e7c36917173f0b
modified,.\Records\file_access_log\file_access_log_2025-01-11_12-58-56.csv,1736580541.734587,False,0d10a0d72570d999687d707be6843cb8
modified,.\Records\file_access_log\file_access_log_2025-01-11_12-58-56.csv,1736580541.752544,False,7f9a8bed4af8047ca00b4ab17e8d6ef3
modified,.\Records\file_access_log\file_access_log_2025-01-11_12-58-56.csv,1736580541.7724845,False,d1b8cb425c85d894d244c5056604d4a9
modified,.\Records\file_access_log\file_access_log_2025-01-11_12-58-56.csv,1736580541.7924314,False,b5892ec5a459fde9a8c85e899c8e95de
modified,.\Records\file_access_log\file_access_log_2025-01-11_12-58-56.csv,1736580541.8103821,False,db24c3978f090cf2601ed80ac82a0e18
modified,.\Records\file_access_log\file_access_log_2025-01-11_12-58-56.csv,1736580541.8293333,False,532b847ce7b8c043a666f039d49ace15
modified,.\Records\file_access_log\file_access_log_2025-01-11_12-58-56.csv,1736580541.839307,False,1f99d3c52232e8043d4a08ba4e31b4a0
modified,.\Records\file_access_log\file_access_log_2025-01-11_12-58-56.csv,1736580541.858255,False,8d36613b2dff2f4b2ea11cc3482f2776
modified,.\Records\file_access_log\file_access_log_2025-01-11_12-58-56.csv,1736580541.8702238,False,6170af8306104fe1eba896e3e67bd904
modified,.\Records\file_access_log\file_access_log_2025-01-11_12-58-56.csv,1736580541.885185,False,bdc216747c85c0881b8f70c875f7a049
modified,.\Records\file_access_log\file_access_log_2025-01-11_12-58-56.csv,1736580541.9041345,False,43e88d52ab135d17baf54e5b6fb4dbfc
modified,.\Records\file_access_log\file_access_log_2025-01-11_12-58-56.csv,1736580541.9230838,False,0aa334f9201c98177fd755dbb7e3dd03
modified,.\Records\file_access_log\file_access_log_2025-01-11_12-58-56.csv,1736580541.9390428,False,bc2e8cde8a923a6025c07a11c5cd8336
modified,.\Records\file_access_log\file_access_log_2025-01-11_12-58-56.csv,1736580541.9540021,False,74164f4d3bf44670fb914ce1453db1df
modified,.\Records\file_access_log\file_access_log_2025-01-11_12-58-56.csv,1736580541.9719505,False,bd549c62a636ca4607e25cbf4812a6fc
modified,.\Records\file_access_log\file_access_log_2025-01-11_12-58-56.csv,1736580541.9869144,False,dc32ace3fc9866df24dbc4df00bcf08b
modified,.\Records\file_access_log\file_access_log_2025-01-11_12-58-56.csv,1736580542.004863,False,808f1c4862f9f4c1e46ac21619d48cdb
modified,.\Records\file_access_log\file_access_log_2025-01-11_12-58-56.csv,1736580542.0258071,False,cd4fd739369965b2f7d4ff4b5286909f
modified,.\Records\file_access_log\file_access_log_2025-01-11_12-58-56.csv,1736580542.0417643,False,0ebe593c964ea9e53501b2afa174472a
modified,.\Records\file_access_log\file_access_log_2025-01-11_12-58-56.csv,1736580542.0597177,False,1cede24ca11a9a566d4351aa5c85b5cb
modified,.\Records\file_access_log\file_access_log_2025-01-11_12-58-56.csv,1736580542.0776696,False,8aacf02f3f1496f4b773162778191f93
modified,.\Records\file_access_log\file_access_log_2025-01-11_12-58-56.csv,1736580542.0966175,False,64456648b2da6a36de2bf1d5d6b0d4bb
modified,.\Records\file_access_log\file_access_log_2025-01-11_12-58-56.csv,1736580542.1105814,False,7ce59446c6d9f76bed12ced26560a0eb
modified,.\Records\file_access_log\file_access_log_2025-01-11_12-58-56.csv,1736580542.124545,False,012d33230641f4f81ee7d272c17fb71a
modified,.\Records\file_access_log\file_access_log_2025-01-11_12-58-56.csv,1736580542.1395054,False,21961a45e7eaa61863ed8212cb4dd237
modified,.\Records\file_access_log\file_access_log_2025-01-11_12-58-56.csv,1736580542.1534653,False,70ac9ab97eea12f0237e1e6fac56cd8a
modified,.\Records\file_access_log\file_access_log_2025-01-11_12-58-56.csv,1736580542.1674316,False,bcb27a9065954e035bb78ef5385d12d1
modified,.\Records\file_access_log\file_access_log_2025-01-11_12-58-56.csv,1736580542.1823885,False,b54d86a5aeec2b4327c3d9c3fa9b24a0
modified,.\Records\file_access_log\file_access_log_2025-01-11_12-58-56.csv,1736580542.1953535,False,835b1796b23268edeebd6a0cfc05f18f
modified,.\Records\file_access_log\file_access_log_2025-01-11_12-58-56.csv,1736580542.212312,False,e54522f99565ccd57ae04e8ad7558981
modified,.\Records\file_access_log\file_access_log_2025-01-11_12-58-56.csv,1736580542.2302604,False,953863097b10e376c35bad06b60e7756
modified,.\Records\file_access_log\file_access_log_2025-01-11_12-58-56.csv,1736580542.246218,False,e8a9429cea430179429c3e0b9301145f
modified,.\Records\file_access_log\file_access_log_2025-01-11_12-58-56.csv,1736580542.2631721,False,951d99ba3475396524f0752f3cf48a78
modified,.\Records\file_access_log\file_access_log_2025-01-11_12-58-56.csv,1736580542.2751415,False,ec898bd2a3c62d1482956d731a81a7f2
modified,.\Records\file_access_log\file_access_log_2025-01-11_12-58-56.csv,1736580542.2910972,False,b5d20df035c150570b5309ac0272b35f
modified,.\Records\file_access_log\file_access_log_2025-01-11_12-58-56.csv,1736580542.3040624,False,78920c8ea637b45f3ab7381844885bd7
modified,.\Records\file_access_log\file_access_log_2025-01-11_12-58-56.csv,1736580542.3220146,False,b5ab531cbca4b5f7ddd1f59ee690fcf3
modified,.\Records\file_access_log\file_access_log_2025-01-11_12-58-56.csv,1736580542.3449526,False,26cf5c16beced61aa4f54e845ce4fca0
modified,.\Records\file_access_log\file_access_log_2025-01-11_12-58-56.csv,1736580542.3619103,False,7a61269a067b216fa9a8776c63de5ec3
modified,.\Records\file_access_log\file_access_log_2025-01-11_12-58-56.csv,1736580542.37986,False,6e1ab17b22fbfd27b19c85e7c3a7709a
modified,.\Records\file_access_log\file_access_log_2025-01-11_12-58-56.csv,1736580542.3978114,False,ab49b75934c640aa6e7f5ec3c1bc40f2
modified,.\Records\file_access_log\file_access_log_2025-01-11_12-58-56.csv,1736580542.4117756,False,0aebfe580f0275a966afc9563ce7c4ec
modified,.\Records\file_access_log\file_access_log_2025-01-11_12-58-56.csv,1736580542.4307241,False,bfec52c52da54f12ce719d3ec78a10f5
modified,.\Records\file_access_log\file_access_log_2025-01-11_12-58-56.csv,1736580542.448676,False,d40b77986b257c086364aa5f08b22f07
modified,.\Records\file_access_log\file_access_log_2025-01-11_12-58-56.csv,1736580542.4656317,False,552e794098e236fcfa4d7e5391b43f7d
modified,.\Records\file_access_log\file_access_log_2025-01-11_12-58-56.csv,1736580542.4845853,False,565fc183e4f7fa8b2107a9023ecb68e0
modified,.\Records\file_access_log\file_access_log_2025-01-11_12-58-56.csv,1736580542.5015357,False,6dd5f1b5ebc994667ca1710cdab8aa6c
modified,.\Records\file_access_log\file_access_log_2025-01-11_12-58-56.csv,1736580542.5204842,False,14ce53c6240345e5c46c69280975b147
modified,.\Records\file_access_log\file_access_log_2025-01-11_12-58-56.csv,1736580542.5384362,False,4ea92137a72e3e5dc1ad4721e149f8aa
modified,.\Records\file_access_log\file_access_log_2025-01-11_12-58-56.csv,1736580542.5553944,False,3f875b902d0c48d126717bee833a0606
modified,.\Records\file_access_log\file_access_log_2025-01-11_12-58-56.csv,1736580542.5683563,False,7f926846b846b295bc0345f1f4c5edf7
modified,.\Records\file_access_log\file_access_log_2025-01-11_12-58-56.csv,1736580542.587306,False,7c6d9e3ff7265a7ebf70e3370fc9b835
modified,.\Records\file_access_log\file_access_log_2025-01-11_12-58-56.csv,1736580542.6062567,False,046a581c80f8a19f429322a924195ce6
modified,.\Records\file_access_log\file_access_log_2025-01-11_12-58-56.csv,1736580542.621216,False,2e5a537ab951f39b91c30207911ccdf0
modified,.\Records\file_access_log\file_access_log_2025-01-11_12-58-56.csv,1736580542.6351793,False,4bc5bf155f3d25a18e0a1786b3351bc8
modified,.\Records\file_access_log\file_access_log_2025-01-11_12-58-56.csv,1736580542.6511345,False,d9a5b9bd2516a3031f1cf0d08b7b911f
modified,.\Records\file_access_log\file_access_log_2025-01-11_12-58-56.csv,1736580542.6660957,False,dea9245e0dd806e0ae4d9eb7cf04352b
modified,.\Records\file_access_log\file_access_log_2025-01-11_12-58-56.csv,1736580542.6850455,False,5e8505ffbcf7539a8c55293bc8079fca
modified,.\Records\file_access_log\file_access_log_2025-01-11_12-58-56.csv,1736580542.6990092,False,6e682474bebad1c9aca2e3b0e79588a5
modified,.\Records\file_access_log\file_access_log_2025-01-11_12-58-56.csv,1736580542.7129693,False,6340e4a3e2db241df301bb7e9386da65
modified,.\Records\file_access_log\file_access_log_2025-01-11_12-58-56.csv,1736580542.7309208,False,7695ffc65a8217df198451ef1417555b
modified,.\Records\file_access_log\file_access_log_2025-01-11_12-58-56.csv,1736580542.7448838,False,9fbb5da567a6342cfd515fdff79cfb72
modified,.\Records\file_access_log\file_access_log_2025-01-11_12-58-56.csv,1736580542.7628362,False,f38fcd3e33fdbadfcf2ea2133528157e
modified,.\Records\file_access_log\file_access_log_2025-01-11_12-58-56.csv,1736580542.780788,False,6bce19bc57c81a1ca8b06b016218119e
modified,.\Records\file_access_log\file_access_log_2025-01-11_12-58-56.csv,1736580542.7997365,False,5322462cb64e95afb7d9b5e8e843fbca
modified,.\Records\file_access_log\file_access_log_2025-01-11_12-58-56.csv,1736580542.8117096,False,3931d8a11d38999bde7a27951f1c1a20
modified,.\Records\file_access_log\file_access_log_2025-01-11_12-58-56.csv,1736580542.8366387,False,ba87b84dae8538d26697fdb76c68d3d2
modified,.\Records\file_access_log\file_access_log_2025-01-11_12-58-56.csv,1736580542.8506017,False,836a1d50469c2f372360494a1632f10b
modified,.\Records\file_access_log\file_access_log_2025-01-11_12-58-56.csv,1736580542.8705478,False,b0bd733312d5160a0243171f655c31e9
modified,.\Records\file_access_log\file_access_log_2025-01-11_12-58-56.csv,1736580542.8865058,False,135310c5d9519524c00cacf0be3ece65
modified,.\Records\file_access_log\file_access_log_2025-01-11_12-58-56.csv,1736580542.9034615,False,84fd31d4f523a014bedc50d3ea996916
modified,.\Records\file_access_log\file_access_log_2025-01-11_12-58-56.csv,1736580542.9194157,False,a61e7fd66c5c5e0897b4b2732060c171
modified,.\Records\file_access_log\file_access_log_2025-01-11_12-58-56.csv,1736580542.938369,False,d63f44e2fcf91d0af83e9080bd898f05
modified,.\Records\file_access_log\file_access_log_2025-01-11_12-58-56.csv,1736580542.9573147,False,1f5f4791420d381bb77b7f1eb6208a7c
modified,.\Records\file_access_log\file_access_log_2025-01-11_12-58-56.csv,1736580542.972274,False,211bd3ca8ee81c3d8fe5a41585e4f9e1
modified,.\Records\file_access_log\file_access_log_2025-01-11_12-58-56.csv,1736580542.9902277,False,3cac003e31138f1e287b01f26996c01b
modified,.\Records\file_access_log\file_access_log_2025-01-11_12-58-56.csv,1736580543.0061855,False,23f5bbc42eaab3aa3cd709010a273761
modified,.\Records\file_access_log\file_access_log_2025-01-11_12-58-56.csv,1736580543.0211444,False,c2a18bf4c4c7f49e287838f171a90d88
modified,.\Records\file_access_log\file_access_log_2025-01-11_12-58-56.csv,1736580543.036105,False,046e016d362dee36739f31283e27fe3e
modified,.\Records\file_access_log\file_access_log_2025-01-11_12-58-56.csv,1736580543.0550532,False,abf38329afcf30e33e4e7f367d573713
modified,.\Records\file_access_log\file_access_log_2025-01-11_12-58-56.csv,1736580543.0700147,False,18b021044f428e5f3feadb4a2db1158e
modified,.\Records\file_access_log\file_access_log_2025-01-11_12-58-56.csv,1736580543.081982,False,e2c8e4c0a744bea929939a6ea296cdc7
modified,.\Records\file_access_log\file_access_log_2025-01-11_12-58-56.csv,1736580543.1019297,False,1264049e9607c287e174af71ef3bed77
modified,.\Records\file_access_log\file_access_log_2025-01-11_12-58-56.csv,1736580543.11988,False,893139e7e98cf3818c587150208964d3
modified,.\Records\file_access_log\file_access_log_2025-01-11_12-58-56.csv,1736580543.1328497,False,94d59400c8d79fc38c82b05677851a70
modified,.\Records\file_access_log\file_access_log_2025-01-11_12-58-56.csv,1736580543.1517947,False,18a63d5b72c1a687de120aebe4050537
modified,.\Records\file_access_log\file_access_log_2025-01-11_12-58-56.csv,1736580543.165759,False,d1481ebd564ecba6349a74dfd85cb515
modified,.\Records\file_access_log\file_access_log_2025-01-11_12-58-56.csv,1736580543.1837094,False,f4c3b794af7b8417c4b64f5adacfe8b1
modified,.\Records\file_access_log\file_access_log_2025-01-11_12-58-56.csv,1736580543.19867,False,5fc384ccca409474338097372154f483
modified,.\Records\file_access_log\file_access_log_2025-01-11_12-58-56.csv,1736580543.2196121,False,f1eb70b8b4b4f7ae216d41e442376449
modified,.\Records\file_access_log\file_access_log_2025-01-11_12-58-56.csv,1736580543.232586,False,f5174c6825136563cf08ece656503807
modified,.\Records\file_access_log\file_access_log_2025-01-11_12-58-56.csv,1736580543.247539,False,8540354b04bbdff33937fe4c6b030de6
modified,.\Records\file_access_log\file_access_log_2025-01-11_12-58-56.csv,1736580543.2615037,False,fed03e5fe0a355e45d0bc7623ebc3852
modified,.\Records\file_access_log\file_access_log_2025-01-11_12-58-56.csv,1736580543.2794547,False,12e7443e4f9c26a6e24c751804f19758
modified,.\Records\file_access_log\file_access_log_2025-01-11_12-58-56.csv,1736580543.2924218,False,3277b4810320f69d34b5af8cc3e7cddb
modified,.\Records\file_access_log\file_access_log_2025-01-11_12-58-56.csv,1736580543.3103702,False,914c736f6989bad80481fef576feaf0b
modified,.\Records\file_access_log\file_access_log_2025-01-11_12-58-56.csv,1736580543.3303177,False,608f05cb3ef64298c84ebe60462c4749
modified,.\Records\file_access_log\file_access_log_2025-01-11_12-58-56.csv,1736580543.348275,False,9d68001c3924b6bd88538e2e85779474
modified,.\Records\file_access_log\file_access_log_2025-01-11_12-58-56.csv,1736580543.3622315,False,bbcc93844d1df609801ffef1ab871de5
modified,.\Records\file_access_log\file_access_log_2025-01-11_12-58-56.csv,1736580543.3811824,False,a433c75c948b113ec4002d347f6242ad
modified,.\Records\file_access_log\file_access_log_2025-01-11_12-58-56.csv,1736580543.3991327,False,05a7b5a9e12db79387e85e3435f5a1e5
modified,.\Records\file_access_log\file_access_log_2025-01-11_12-58-56.csv,1736580543.4131007,False,d1836a092d2db19e714cf0dcf84fea74
modified,.\Records\file_access_log\file_access_log_2025-01-11_12-58-56.csv,1736580543.4320495,False,6479f3b2beb7dc83381c17280fbaf86a
modified,.\Records\file_access_log\file_access_log_2025-01-11_12-58-56.csv,1736580543.451002,False,8ae2e43348113f7aaa9a0d12e4d5560e
modified,.\Records\file_access_log\file_access_log_2025-01-11_12-58-56.csv,1736580543.4679492,False,cfd81650740894003ce1be1c1b67e529
modified,.\Records\file_access_log\file_access_log_2025-01-11_12-58-56.csv,1736580543.4839108,False,2755ed9705fe51434588915ccb8d1f21
modified,.\Records\file_access_log\file_access_log_2025-01-11_12-58-56.csv,1736580543.5008633,False,5e4eaf8422669ee9dc6765e7d26f94f0
modified,.\Records\file_access_log\file_access_log_2025-01-11_12-58-56.csv,1736580543.5158238,False,69f3b70b4bbaf3baf37eb9044bf2ef99
modified,.\Records\file_access_log\file_access_log_2025-01-11_12-58-56.csv,1736580543.5387607,False,affd8a777fcb0fdafcd5718b278cb846
modified,.\Records\file_access_log\file_access_log_2025-01-11_12-58-56.csv,1736580543.5537245,False,bb0daa8dc0e0b6b81c2c8450a2338899
modified,.\Records\file_access_log\file_access_log_2025-01-11_12-58-56.csv,1736580543.5696778,False,98072f40a6398c2570dddd54876c29ee
modified,.\Records\file_access_log\file_access_log_2025-01-11_12-58-56.csv,1736580543.5896258,False,f566d4128fa6470da621723be43e3b72
modified,.\Records\file_access_log\file_access_log_2025-01-11_12-58-56.csv,1736580543.6514585,False,478d7fcd59f09d634cfeb77fb097ad16
modified,.\Records\file_access_log\file_access_log_2025-01-11_12-58-56.csv,1736580543.671408,False,f99b939d08cdd4dc4a6d89fcb4858565
modified,.\Records\file_access_log\file_access_log_2025-01-11_12-58-56.csv,1736580543.6903536,False,9220bb8250c2cb4da632bede1525882c
modified,.\Records\file_access_log\file_access_log_2025-01-11_12-58-56.csv,1736580543.7112975,False,cea267056a2c1fe17d715159616a7157
modified,.\Records\file_access_log\file_access_log_2025-01-11_12-58-56.csv,1736580543.7302473,False,dc2de17b2bad0865433ee2357b115bc3
modified,.\Records\file_access_log\file_access_log_2025-01-11_12-58-56.csv,1736580543.749202,False,7960c26bb832913217f6fd4a8975e497
modified,.\Records\file_access_log\file_access_log_2025-01-11_12-58-56.csv,1736580543.7651556,False,b1c5d3b7531feb2f58899dad18404255
modified,.\Records\file_access_log\file_access_log_2025-01-11_12-58-56.csv,1736580543.7811115,False,4fa70f4873301fbe0842d77cbf48cc34
modified,.\Records\file_access_log\file_access_log_2025-01-11_12-58-56.csv,1736580543.7990634,False,a71afbda96028d52c17cbd960713c7c9
modified,.\Records\file_access_log\file_access_log_2025-01-11_12-58-56.csv,1736580543.8170164,False,87f113b758241f3a47192b7793730572
modified,.\Records\file_access_log\file_access_log_2025-01-11_12-58-56.csv,1736580543.831977,False,8a3661f2aac390e156393d319b22b0af
modified,.\Records\file_access_log\file_access_log_2025-01-11_12-58-56.csv,1736580543.8479328,False,b0f47290e5fab26168bf7cc04ab27bba
modified,.\Records\file_access_log\file_access_log_2025-01-11_12-58-56.csv,1736580543.8628957,False,ba3407bb8bb867dbbab265aacf18fe64
modified,.\Records\file_access_log\file_access_log_2025-01-11_12-58-56.csv,1736580543.8808467,False,439b0cc6b723a0c69d655ea5181278a2
modified,.\Records\file_access_log\file_access_log_2025-01-11_12-58-56.csv,1736580543.8958073,False,64bfd2237a9c811013dfcaf1a2a36ff0
modified,.\Records\file_access_log\file_access_log_2025-01-11_12-58-56.csv,1736580543.913756,False,73168565929b945a7c8d589d736ffee7
modified,.\Records\file_access_log\file_access_log_2025-01-11_12-58-56.csv,1736580543.9277205,False,6f05aa857f7cf665bc4e8281e3195808
modified,.\Records\file_access_log\file_access_log_2025-01-11_12-58-56.csv,1736580543.9456723,False,f3a932d04c75d2c197abe370ab4e6989
modified,.\Records\file_access_log\file_access_log_2025-01-11_12-58-56.csv,1736580543.9646218,False,03b108a6803e3b45a1c5d698e139c859
modified,.\Records\file_access_log\file_access_log_2025-01-11_12-58-56.csv,1736580543.9835691,False,37ed4e8d412ad8b97f86e2b78d50289f
modified,.\Records\file_access_log\file_access_log_2025-01-11_12-58-56.csv,1736580544.0025206,False,0140d6f3c921b98f086b2e9e49688269
modified,.\Records\file_access_log\file_access_log_2025-01-11_12-58-56.csv,1736580544.020474,False,f610f20bd41dc8bf205e35d776382648
modified,.\Records\file_access_log\file_access_log_2025-01-11_12-58-56.csv,1736580544.0394201,False,b8260c3de73c3f98794e0370cdf5a0a0
modified,.\Records\file_access_log\file_access_log_2025-01-11_12-58-56.csv,1736580544.0583708,False,33fd3075a9083894b5b17a6446adb6ae
modified,.\Records\file_access_log\file_access_log_2025-01-11_12-58-56.csv,1736580544.0773208,False,871e0627216063b45fdef91804f97254
modified,.\Records\file_access_log\file_access_log_2025-01-11_12-58-56.csv,1736580544.0892868,False,f4f0995b43af7f50ea875b11346a4ee1
modified,.\Records\file_access_log\file_access_log_2025-01-11_12-58-56.csv,1736580544.1082401,False,5b8a3821d97508e592e5e2830b41c819
modified,.\Records\file_access_log\file_access_log_2025-01-11_12-58-56.csv,1736580544.1222007,False,25e69b874eac2b2540c6ecddebeee0db
modified,.\Records\file_access_log\file_access_log_2025-01-11_12-58-56.csv,1736580544.14115,False,9f4c2822f6c0c49e28b794f79d257944
modified,.\Records\file_access_log\file_access_log_2025-01-11_12-58-56.csv,1736580544.1610978,False,daa29a933b2fc30d66406d332776246b
modified,.\Records\file_access_log\file_access_log_2025-01-11_12-58-56.csv,1736580544.1770542,False,a445f8aedc78c07bd73aacc2192adfa4
modified,.\Records\file_access_log\file_access_log_2025-01-11_12-58-56.csv,1736580544.1960018,False,55cda7a8687755bc88f75f6b9de3e8df
modified,.\Records\file_access_log\file_access_log_2025-01-11_12-58-56.csv,1736580544.2119617,False,bc5fd76c0425285b057049503d53edbe
modified,.\Records\file_access_log\file_access_log_2025-01-11_12-58-56.csv,1736580544.228915,False,13167ea598fc79d6c1f5f90e1f412f9c
modified,.\Records\file_access_log\file_access_log_2025-01-11_12-58-56.csv,1736580544.245868,False,023b6d071bfee35c646a4f164ced6059
modified,.\Records\file_access_log\file_access_log_2025-01-11_12-58-56.csv,1736580544.2618258,False,7b6054579f5dd42b3171fdaac674a0e9
modified,.\Records\file_access_log\file_access_log_2025-01-11_12-58-56.csv,1736580544.2787817,False,1fbe0483a2bcfd3f6736a9fb40028eb4
modified,.\Records\file_access_log\file_access_log_2025-01-11_12-58-56.csv,1736580544.2937403,False,797033a18c6d1c84b03e3381840cd878
modified,.\Records\file_access_log\file_access_log_2025-01-11_12-58-56.csv,1736580544.3067064,False,648c6aaaf3041e7fd2d68afa4ff48c9b
modified,.\Records\file_access_log\file_access_log_2025-01-11_12-58-56.csv,1736580544.324658,False,ca34c769f20cf16da99abb6a3af0d44d
modified,.\Records\file_access_log\file_access_log_2025-01-11_12-58-56.csv,1736580544.3436105,False,1b2c400c498cb0445aef19bc4c8d78b0
modified,.\Records\file_access_log\file_access_log_2025-01-11_12-58-56.csv,1736580544.3625555,False,ff47c7df83f0b9013896dd0c0eca161a
modified,.\Records\file_access_log\file_access_log_2025-01-11_12-58-56.csv,1736580544.3815053,False,6d393bdc867084da8f8cf492332c3517
modified,.\Records\file_access_log\file_access_log_2025-01-11_12-58-56.csv,1736580544.394475,False,745097eea2cc4db6d3b96829d87f17ce
modified,.\Records\file_access_log\file_access_log_2025-01-11_12-58-56.csv,1736580544.413424,False,a1f6da2f0e954a96961b40388229baf1
modified,.\Records\file_access_log\file_access_log_2025-01-11_12-58-56.csv,1736580544.4293835,False,add0c4c3364bf3f30cfa83e7eb3935da
modified,.\Records\file_access_log\file_access_log_2025-01-11_12-58-56.csv,1736580544.4473305,False,2934e7c06596900c474d1e9e380cb3e8
modified,.\Records\file_access_log\file_access_log_2025-01-11_12-58-56.csv,1736580544.462293,False,8f0fd46dcc928d70070f90142da2d813
modified,.\Records\file_access_log\file_access_log_2025-01-11_12-58-56.csv,1736580544.4812393,False,9822d4d8acffd1078e687bd62090bf2f
modified,.\Records\file_access_log\file_access_log_2025-01-11_12-58-56.csv,1736580544.4952047,False,0fe62d8ddd3a726613b77261cf62fd25
modified,.\Records\file_access_log\file_access_log_2025-01-11_12-58-56.csv,1736580544.5141509,False,08719d30315ad47339f55c5e7cf1a6e5
modified,.\Records\file_access_log\file_access_log_2025-01-11_12-58-56.csv,1736580544.5340989,False,53e74889aec9151137d321e31ed42db7
modified,.\Records\file_access_log\file_access_log_2025-01-11_12-58-56.csv,1736580544.5520496,False,5878f9d0874649deaf37508a0a5edb8b
modified,.\Records\file_access_log\file_access_log_2025-01-11_12-58-56.csv,1736580544.5680091,False,4bcf1b0b9480da21cc3ffc80dec4f89e
modified,.\Records\file_access_log\file_access_log_2025-01-11_12-58-56.csv,1736580544.5829666,False,4ae46a00550f29a9a8dedf81c94b01cf
modified,.\Records\file_access_log\file_access_log_2025-01-11_12-58-56.csv,1736580544.6029139,False,ba67f7c105912e788198b100d63c7587
modified,.\Records\file_access_log\file_access_log_2025-01-11_12-58-56.csv,1736580544.6188715,False,aa7f2287089e4636c1c9bd887cc25e4b
modified,.\Records\file_access_log\file_access_log_2025-01-11_12-58-56.csv,1736580544.6378217,False,b89e6fd563d4bb625dae02ac84ce48dd
modified,.\Records\file_access_log\file_access_log_2025-01-11_12-58-56.csv,1736580544.6517851,False,11183aeb6e03775d3818b240b4cfdd86
modified,.\Records\file_access_log\file_access_log_2025-01-11_12-58-56.csv,1736580544.6637526,False,9979a6b7eb42b29d9f3c3caf10303759
modified,.\Records\file_access_log\file_access_log_2025-01-11_12-58-56.csv,1736580544.6787105,False,143a16d24f046adb9d8db0b02940df96
modified,.\Records\file_access_log\file_access_log_2025-01-11_12-58-56.csv,1736580544.6906803,False,c1e74e2abcc8784468386879e1f1cbc0
modified,.\Records\file_access_log\file_access_log_2025-01-11_12-58-56.csv,1736580544.706637,False,7c91bd987bee77609e6186eb233a33d4
modified,.\Records\file_access_log\file_access_log_2025-01-11_12-58-56.csv,1736580544.726584,False,b689669731977751587b3f24c32cd391
modified,.\Records\file_access_log\file_access_log_2025-01-11_12-58-56.csv,1736580544.742539,False,1f29b343e4a704984fc85a7f46441ce0
modified,.\Records\file_access_log\file_access_log_2025-01-11_12-58-56.csv,1736580544.7664764,False,ce51ba8dcdaef2daa1eee8da4babf2b1
modified,.\Records\file_access_log\file_access_log_2025-01-11_12-58-56.csv,1736580544.782436,False,e91370018423ea1c4e35f9e0970dd3a4
modified,.\Records\file_access_log\file_access_log_2025-01-11_12-58-56.csv,1736580544.801381,False,41ff71679ffbb1e779e229edada767ca
modified,.\Records\file_access_log\file_access_log_2025-01-11_12-58-56.csv,1736580544.8213334,False,978094a71c87849c636bc361535ba78a
modified,.\Records\file_access_log\file_access_log_2025-01-11_12-58-56.csv,1736580544.8382835,False,12fcf0ebde216c74dde0bb7b103224b7
modified,.\Records\file_access_log\file_access_log_2025-01-11_12-58-56.csv,1736580544.8562346,False,b8844f32f47dabb13ce169510b43219d
modified,.\Records\file_access_log\file_access_log_2025-01-11_12-58-56.csv,1736580544.8741877,False,4e2d5498c47ae7d26fa6357993525c19
modified,.\Records\file_access_log\file_access_log_2025-01-11_12-58-56.csv,1736580544.885161,False,3b0ff127aaccdf411e2bbd630fd21b33
modified,.\Records\file_access_log\file_access_log_2025-01-11_12-58-56.csv,1736580544.9011154,False,f6a830ddf966987bbee58d820f042436
modified,.\Records\file_access_log\file_access_log_2025-01-11_12-58-56.csv,1736580544.9200656,False,1839d6d38d13636effb16856898e95c8
modified,.\Records\file_access_log\file_access_log_2025-01-11_12-58-56.csv,1736580544.942008,False,bdf186080e7d44a9b812a4ed73df3e9d
modified,.\Records\file_access_log\file_access_log_2025-01-11_12-58-56.csv,1736580544.9599593,False,52b9de1492cfdcf8e8efe48c8342428c
modified,.\Records\file_access_log\file_access_log_2025-01-11_12-58-56.csv,1736580544.9729242,False,672701812b5e0e95b89afbc92424451a
modified,.\Records\file_access_log\file_access_log_2025-01-11_12-58-56.csv,1736580544.9908776,False,efe9de5e309b5cb7b06a3256dff839dc
modified,.\Records\file_access_log\file_access_log_2025-01-11_12-58-56.csv,1736580545.0108242,False,4783e530212caea7c85401e7e4ad1e8b
modified,.\Records\file_access_log\file_access_log_2025-01-11_12-58-56.csv,1736580545.0237877,False,47bc063addc989b3368fb637eebd1269
modified,.\Records\file_access_log\file_access_log_2025-01-11_12-58-56.csv,1736580545.042737,False,8a43a670de1efd3dfa9afb826213f246
modified,.\Records\file_access_log\file_access_log_2025-01-11_12-58-56.csv,1736580545.057698,False,45fa6df4e8ac97512d9c9f44bd1c1807
modified,.\Records\file_access_log\file_access_log_2025-01-11_12-58-56.csv,1736580545.0706627,False,1c008d0a77608c97e8ebb8d65be9c8de
modified,.\Records\file_access_log\file_access_log_2025-01-11_12-58-56.csv,1736580545.0955963,False,f90a48172f645bc9a10423f9a2651eb5
modified,.\Records\file_access_log\file_access_log_2025-01-11_12-58-56.csv,1736580545.1135476,False,8358bbfd8ee886964f567dfbe873cedb
modified,.\Records\file_access_log\file_access_log_2025-01-11_12-58-56.csv,1736580545.12751,False,f1cd93cac5f80d662a43609540f26221
modified,.\Records\file_access_log\file_access_log_2025-01-11_12-58-56.csv,1736580545.1424696,False,64c6d0601643a0b1f9e8a8ea0ec0d338
modified,.\Records\file_access_log\file_access_log_2025-01-11_12-58-56.csv,1736580545.1594257,False,c9acae508638e9db769326d9eabe64e3
modified,.\Records\file_access_log\file_access_log_2025-01-11_12-58-56.csv,1736580545.177377,False,1d9165a83d0a1579107f70c2d5f3e412
modified,.\Records\file_access_log\file_access_log_2025-01-11_12-58-56.csv,1736580545.1923397,False,78df838b39fd97532e0cd8b120668e5e
modified,.\Records\file_access_log\file_access_log_2025-01-11_12-58-56.csv,1736580545.2112865,False,f71556e5a845c14460d3740a3fd4e2f5
modified,.\Records\file_access_log\file_access_log_2025-01-11_12-58-56.csv,1736580545.2292383,False,9ca8260fc280f8ebe6db01d9590c342f
modified,.\Records\file_access_log\file_access_log_2025-01-11_12-58-56.csv,1736580545.2491875,False,23277294905b51e7e1daa67c5cebabbc
modified,.\Records\file_access_log\file_access_log_2025-01-11_12-58-56.csv,1736580545.2681348,False,33d93b19123d6d033fe08ce30d2f5c9b
modified,.\Records\file_access_log\file_access_log_2025-01-11_12-58-56.csv,1736580545.2810996,False,7d0d0cb7ce69e96a995b1eb485637f88
modified,.\Records\file_access_log\file_access_log_2025-01-11_12-58-56.csv,1736580545.30005,False,a64174882c2425dc0328200241adff9f
modified,.\Records\file_access_log\file_access_log_2025-01-11_12-58-56.csv,1736580545.3130136,False,181795a89ade0a420cc0e918c159a78c
modified,.\Records\file_access_log\file_access_log_2025-01-11_12-58-56.csv,1736580545.3319635,False,1fde20cc98fd664472955aebc947f384
modified,.\Records\file_access_log\file_access_log_2025-01-11_12-58-56.csv,1736580545.3479216,False,04bbb51b3c2899282e4f422b40d3f138
modified,.\Records\file_access_log\file_access_log_2025-01-11_12-58-56.csv,1736580545.3668811,False,d06e836cb6b624513775a4153aa4fad2
modified,.\Records\mouse_data_log\mouse_data_log_2025-01-11_12-58-57.csv,1736580545.3868172,False,a2bb1bb4aa9b3ea4e7a5f51059cf89d9
modified,.\Records\file_access_log\file_access_log_2025-01-11_12-58-56.csv,1736580545.407763,False,8e176a8e9de09e27ea8dfedd09da8f6b
modified,.\Records\file_access_log\file_access_log_2025-01-11_12-58-56.csv,1736580545.42272,False,de8f474e7af84c3560ded1391962e7d1
modified,.\Records\file_access_log\file_access_log_2025-01-11_12-58-56.csv,1736580545.4416695,False,57e29b187911d4e1ea864e55a7265242
modified,.\Records\file_access_log\file_access_log_2025-01-11_12-58-56.csv,1736580545.4606194,False,81d1d80ec396540ca498ae0ac60f5308
modified,.\Records\file_access_log\file_access_log_2025-01-11_12-58-56.csv,1736580545.47957,False,2c004375105de20aa66a6d180adb66a7
modified,.\Records\file_access_log\file_access_log_2025-01-11_12-58-56.csv,1736580545.497522,False,a1403cc1db568030cca2ac1b92714a20
modified,.\Records\file_access_log\file_access_log_2025-01-11_12-58-56.csv,1736580545.513478,False,f32f704778b92f3decb7d18b36a5a4df
modified,.\Records\file_access_log\file_access_log_2025-01-11_12-58-56.csv,1736580545.5314314,False,10e43015b49b8b1712c2e654224f1c02
modified,.\Records\file_access_log\file_access_log_2025-01-11_12-58-56.csv,1736580545.5513792,False,2772df171a4817019c813e7962729d26
modified,.\Records\file_access_log\file_access_log_2025-01-11_12-58-56.csv,1736580545.569328,False,26b5a3e44dfda7a670b0dfa0d443fcb3
modified,.\Records\file_access_log\file_access_log_2025-01-11_12-58-56.csv,1736580545.5882773,False,dabb0c240a3a5aef93504b835902077a
modified,.\Records\file_access_log\file_access_log_2025-01-11_12-58-56.csv,1736580545.605235,False,ab1f69109bac13dd9766ae8ccbfeac8a
modified,.\Records\file_access_log\file_access_log_2025-01-11_12-58-56.csv,1736580545.6211894,False,49da99123343168bb0940535fffdfc78
modified,.\Records\file_access_log\file_access_log_2025-01-11_12-58-56.csv,1736580545.6341567,False,c8b15add0f39d3a1f7988317891cf70d
modified,.\Records\file_access_log\file_access_log_2025-01-11_12-58-56.csv,1736580545.6461248,False,995a215385d3aa869f7f74fa3a604fd7
modified,.\Records\file_access_log\file_access_log_2025-01-11_12-58-56.csv,1736580545.658092,False,deae93c1b5d22b616472ebb0f8aa4820
modified,.\Records\file_access_log\file_access_log_2025-01-11_12-58-56.csv,1736580545.6770475,False,b6b2ec6b9cbac91ac639a76d72d35b5e
modified,.\Records\file_access_log\file_access_log_2025-01-11_12-58-56.csv,1736580545.694992,False,eab08229ff46dde9b0dde3b9c55ab5bf
modified,.\Records\file_access_log\file_access_log_2025-01-11_12-58-56.csv,1736580545.7139425,False,fa257d7c21245aa6c1f97ac219907884
modified,.\Records\file_access_log\file_access_log_2025-01-11_12-58-56.csv,1736580545.7318954,False,6adc3783a6b36b5c69490ace8c86fb94
modified,.\Records\file_access_log\file_access_log_2025-01-11_12-58-56.csv,1736580545.7488499,False,b92a9973af9e1d852b683ef1822bff96
modified,.\Records\file_access_log\file_access_log_2025-01-11_12-58-56.csv,1736580545.7668,False,23cf77020b642bd99686ee7f36bd2603
modified,.\Records\file_access_log\file_access_log_2025-01-11_12-58-56.csv,1736580545.7857492,False,2beee42e0c5e8212c59dd447eee1a9d2
modified,.\Records\file_access_log\file_access_log_2025-01-11_12-58-56.csv,1736580545.804703,False,0652e6f363377eafa3f11d5d7a14acaa
modified,.\Records\file_access_log\file_access_log_2025-01-11_12-58-56.csv,1736580545.8166697,False,e865beb9af29eb89683d3c85788d1a1a
modified,.\Records\file_access_log\file_access_log_2025-01-11_12-58-56.csv,1736580545.8356168,False,d86a52ca9d99f81fc973256cf21ad54b
modified,.\Records\file_access_log\file_access_log_2025-01-11_12-58-56.csv,1736580545.8545656,False,0d029d4d3435b458cee1deb2c1a47a01
modified,.\Records\file_access_log\file_access_log_2025-01-11_12-58-56.csv,1736580545.873515,False,7869d51453d4ff20c10e715f7e6b5a63
modified,.\Records\file_access_log\file_access_log_2025-01-11_12-58-56.csv,1736580545.8914716,False,8ae80f9258be0acd2aed2465aec3ed76
modified,.\Records\file_access_log\file_access_log_2025-01-11_12-58-56.csv,1736580545.9074252,False,8f2d55861595a2302ffc0b89ba94035b
modified,.\Records\file_access_log\file_access_log_2025-01-11_12-58-56.csv,1736580545.9253755,False,4a52ec184a75661206b7d3e251648b54
modified,.\Records\file_access_log\file_access_log_2025-01-11_12-58-56.csv,1736580545.9463222,False,bcb7f3dd0ddb4973d4e253b44b7d108a
modified,.\Records\file_access_log\file_access_log_2025-01-11_12-58-56.csv,1736580545.965268,False,12491c12bf6d47f8c2fe2ca25ed83a23
modified,.\Records\file_access_log\file_access_log_2025-01-11_12-58-56.csv,1736580545.985218,False,8805fa2be4f45950b72e8eed973d3426
modified,.\Records\file_access_log\file_access_log_2025-01-11_12-58-56.csv,1736580546.0051625,False,f43d213de799d33da5a94fcfea7062a2
modified,.\Records\file_access_log\file_access_log_2025-01-11_12-58-56.csv,1736580546.024111,False,e3e3b4840e31967022fde3cca51f582f
modified,.\Records\file_access_log\file_access_log_2025-01-11_12-58-56.csv,1736580546.038078,False,67c8a4b7d3689ee6280e87d5bae7a0e3
modified,.\Records\file_access_log\file_access_log_2025-01-11_12-58-56.csv,1736580546.0560274,False,4dde0510e8ade0489d4501791f9e8069
modified,.\Records\file_access_log\file_access_log_2025-01-11_12-58-56.csv,1736580546.069002,False,87dbd833724b26e56ab0fab5baea1ad0
modified,.\Records\file_access_log\file_access_log_2025-01-11_12-58-56.csv,1736580546.0869431,False,7f5a917af639ace6e730003c740ae97d
modified,.\Records\file_access_log\file_access_log_2025-01-11_12-58-56.csv,1736580546.1009085,False,85cc760c8384ae1e6a664eda9cc90796
modified,.\Records\file_access_log\file_access_log_2025-01-11_12-58-56.csv,1736580546.1188571,False,18ee8e8013cf6358f081f3f3fcfad8a5
modified,.\Records\file_access_log\file_access_log_2025-01-11_12-58-56.csv,1736580546.1348155,False,343d7581231deba83535719245c7f872
modified,.\Records\file_access_log\file_access_log_2025-01-11_12-58-56.csv,1736580546.1497753,False,56986f3a9fede89b166c8ca0e52a45fd
modified,.\Records\file_access_log\file_access_log_2025-01-11_12-58-56.csv,1736580546.1647365,False,2e5506da03681996af0e3a95da192e4e
modified,.\Records\file_access_log\file_access_log_2025-01-11_12-58-56.csv,1736580546.184683,False,2eb7268c0ed71e813dfb69adcf96c80f
modified,.\Records\file_access_log\file_access_log_2025-01-11_12-58-56.csv,1736580546.2036352,False,6ad0e29aceacd364ef019d5c2c726492
modified,.\Records\file_access_log\file_access_log_2025-01-11_12-58-56.csv,1736580546.2175925,False,c3fd85f506a419107569ed1e1690cbd1
modified,.\Records\file_access_log\file_access_log_2025-01-11_12-58-56.csv,1736580546.2385406,False,de81845130f43259adaaa3a811c022d9
modified,.\Records\file_access_log\file_access_log_2025-01-11_12-58-56.csv,1736580546.2604883,False,f49f35d153d891d32040bd89c07bd391
modified,.\Records\file_access_log\file_access_log_2025-01-11_12-58-56.csv,1736580546.2794292,False,ed7d09bbcfe3c271543038040da5a6f6
modified,.\Records\file_access_log\file_access_log_2025-01-11_12-58-56.csv,1736580546.2983801,False,c6c7cba9c9843442d4fb99f56481f743
modified,.\Records\file_access_log\file_access_log_2025-01-11_12-58-56.csv,1736580546.3153334,False,7b0108c71e5847a63b46cac70a27be61
modified,.\Records\file_access_log\file_access_log_2025-01-11_12-58-56.csv,1736580546.334283,False,647ffe6bf86e0bcce626a8b25ac45ab3
modified,.\Records\file_access_log\file_access_log_2025-01-11_12-58-56.csv,1736580546.3502393,False,8169e84fe46763200f5a20c75e4cd699
modified,.\Records\file_access_log\file_access_log_2025-01-11_12-58-56.csv,1736580546.3721795,False,173f5e5285a0e25478f617330d1061e7
modified,.\Records\file_access_log\file_access_log_2025-01-11_12-58-56.csv,1736580546.3921344,False,917302a8ecab4931d6b6b7ef79ceef66
modified,.\Records\file_access_log\file_access_log_2025-01-11_12-58-56.csv,1736580546.4100804,False,6fab222089c2eb404ed7ce11d204b415
modified,.\Records\file_access_log\file_access_log_2025-01-11_12-58-56.csv,1736580546.429034,False,b02cd469e61ac612c92706f4cda183f8
modified,.\Records\file_access_log\file_access_log_2025-01-11_12-58-56.csv,1736580546.4459863,False,be8709d1f8d946696ebdb5760a9107df
modified,.\Records\file_access_log\file_access_log_2025-01-11_12-58-56.csv,1736580546.457956,False,d836a34b4a98bd30683d3303fe31b65d
modified,.\Records\file_access_log\file_access_log_2025-01-11_12-58-56.csv,1736580546.4749079,False,52acd4e5237a0d08850907db732c959a
modified,.\Records\file_access_log\file_access_log_2025-01-11_12-58-56.csv,1736580546.4868739,False,cf362c9c5aa7f06075a412927b8a5ffb
modified,.\Records\file_access_log\file_access_log_2025-01-11_12-58-56.csv,1736580546.5008376,False,b594c5784c3c3d51d35227620857f718
modified,.\Records\file_access_log\file_access_log_2025-01-11_12-58-56.csv,1736580546.5197854,False,2e97b1468e29c1bf841cbf5f7acb1128
modified,.\Records\file_access_log\file_access_log_2025-01-11_12-58-56.csv,1736580546.5387363,False,9cac39f40fd1dfb68c8ea3ca132f47fa
modified,.\Records\file_access_log\file_access_log_2025-01-11_12-58-56.csv,1736580546.557687,False,36711a83ff8cf76a98dcc3f00d7bec0a
modified,.\Records\file_access_log\file_access_log_2025-01-11_12-58-56.csv,1736580546.5756361,False,82d3de8111ae8cfe7c7fbc5f79617375
modified,.\Records\file_access_log\file_access_log_2025-01-11_12-58-56.csv,1736580546.5945878,False,33c61f75547115d28a8e40c8c92f30fa
modified,.\Records\file_access_log\file_access_log_2025-01-11_12-58-56.csv,1736580546.609548,False,8cff593e89d6855a99a2a5628d219af3
modified,.\Records\file_access_log\file_access_log_2025-01-11_12-58-56.csv,1736580546.6275005,False,00094677d370bd1fa2df1fca2a4f9e46
modified,.\Records\file_access_log\file_access_log_2025-01-11_12-58-56.csv,1736580546.642458,False,0c6a2ec7b6d4e527c5cc1a236ed94e40
modified,.\Records\file_access_log\file_access_log_2025-01-11_12-58-56.csv,1736580546.6614068,False,28625990d8cd44568de89488f00a5910
modified,.\Records\file_access_log\file_access_log_2025-01-11_12-58-56.csv,1736580546.6793602,False,20daa0adea4502bf13817ab5e80397e2
modified,.\Records\file_access_log\file_access_log_2025-01-11_12-58-56.csv,1736580546.692323,False,26b717ee7d27bd9aadb004ee3f555ea7
modified,.\Records\file_access_log\file_access_log_2025-01-11_12-58-56.csv,1736580546.7052898,False,3d350b6fd2ade8a1c30ca5a781352524
modified,.\Records\file_access_log\file_access_log_2025-01-11_12-58-56.csv,1736580546.7242393,False,5d4fcbf0aab53c824a6933a0e2c50a7d
modified,.\Records\file_access_log\file_access_log_2025-01-11_12-58-56.csv,1736580546.7392,False,105ff7e6585f65c2468114b6b4966bd1
modified,.\Records\file_access_log\file_access_log_2025-01-11_12-58-56.csv,1736580546.757152,False,defca05d71895a07176129daa1db7dc4
modified,.\Records\file_access_log\file_access_log_2025-01-11_12-58-56.csv,1736580546.7770984,False,2136db6fd188d8df06b6b26a7ae60991
modified,.\Records\file_access_log\file_access_log_2025-01-11_12-58-56.csv,1736580546.7940533,False,9b6682984ee071496437368afbf5c879
modified,.\Records\file_access_log\file_access_log_2025-01-11_12-58-56.csv,1736580546.8130026,False,ac8a9d17f398f2260b720dd6f5b0c672
modified,.\Records\file_access_log\file_access_log_2025-01-11_12-58-56.csv,1736580546.8319507,False,85c6fdad4fb50f07ba9670862c5c7794
modified,.\Records\file_access_log\file_access_log_2025-01-11_12-58-56.csv,1736580546.8508997,False,a24becd449828f056bc18404e77b0f13
modified,.\Records\file_access_log\file_access_log_2025-01-11_12-58-56.csv,1736580546.8648655,False,1debd0ed144874d71ea89a60746225dd
modified,.\Records\file_access_log\file_access_log_2025-01-11_12-58-56.csv,1736580546.8778296,False,a67a376d3b26bbe343a4a4b2a20e2efa
modified,.\Records\file_access_log\file_access_log_2025-01-11_12-58-56.csv,1736580546.8937857,False,24bb65e131d2a64a38c4a403598cbf88
modified,.\Records\file_access_log\file_access_log_2025-01-11_12-58-56.csv,1736580546.912734,False,b709f38f303bb47872946edb1c59e30b
modified,.\Records\file_access_log\file_access_log_2025-01-11_12-58-56.csv,1736580546.925701,False,cf202645160532d35f682dbc412b8bfc
modified,.\Records\file_access_log\file_access_log_2025-01-11_12-58-56.csv,1736580546.9446497,False,42d30c2e367bf7d47c51b9c0d4d85f41
modified,.\Records\file_access_log\file_access_log_2025-01-11_12-58-56.csv,1736580546.9586127,False,107528f4a0e173606f4ecd76e59d3b22
modified,.\Records\file_access_log\file_access_log_2025-01-11_12-58-56.csv,1736580546.9765632,False,beb4987148e969f16559561f0c59f597
modified,.\Records\file_access_log\file_access_log_2025-01-11_12-58-56.csv,1736580546.9955137,False,3753add49a3da94a72a99c5298e31976
modified,.\Records\file_access_log\file_access_log_2025-01-11_12-58-56.csv,1736580547.0134692,False,85d48bf59115b22ed044ded3f74d471f
modified,.\Records\file_access_log\file_access_log_2025-01-11_12-58-56.csv,1736580547.0264306,False,628f08f8b369f7c623829135d671d595
modified,.\Records\file_access_log\file_access_log_2025-01-11_12-58-56.csv,1736580547.0413918,False,ff6060d715f71bb4f3f246de25faf56f
modified,.\Records\file_access_log\file_access_log_2025-01-11_12-58-56.csv,1736580547.0543566,False,7ce5531d05bf3f3e934988161a72e58d
modified,.\Records\file_access_log\file_access_log_2025-01-11_12-58-56.csv,1736580547.0723073,False,77994d413dd9856a2ac625d9e7a5d0d6
modified,.\Records\file_access_log\file_access_log_2025-01-11_12-58-56.csv,1736580547.0882647,False,672b30bfc5551df8074ae9e905cd92fd
modified,.\Records\file_access_log\file_access_log_2025-01-11_12-58-56.csv,1736580547.106218,False,5685ea56549d7889de452ad3374ec188
modified,.\Records\file_access_log\file_access_log_2025-01-11_12-58-56.csv,1736580547.1201828,False,0cde9e35b499ff16a7b10bf020a39649
modified,.\Records\file_access_log\file_access_log_2025-01-11_12-58-56.csv,1736580547.1381302,False,55f0f86229ccf12115d582c90d6fa975
modified,.\Records\file_access_log\file_access_log_2025-01-11_12-58-56.csv,1736580547.152095,False,f4ba95b241dac88269ca8e11b0c730e5
modified,.\Records\file_access_log\file_access_log_2025-01-11_12-58-56.csv,1736580547.1690495,False,5d6d732ca77fb2b41b73f2a492e72eed
modified,.\Records\file_access_log\file_access_log_2025-01-11_12-58-56.csv,1736580547.1820154,False,558f65c62f3a5f7a0b42768a16049262
modified,.\Records\file_access_log\file_access_log_2025-01-11_12-58-56.csv,1736580547.198973,False,f8b8ce96d4a1861a09c5e5754ee4b0a0
modified,.\Records\file_access_log\file_access_log_2025-01-11_12-58-56.csv,1736580547.2169209,False,d98675547eadba28909d7360970e9e5b
modified,.\Records\file_access_log\file_access_log_2025-01-11_12-58-56.csv,1736580547.2348726,False,3b0344b68177eac76c3d3bbb7f194d54
modified,.\Records\file_access_log\file_access_log_2025-01-11_12-58-56.csv,1736580547.2488353,False,2cd01f75ada3b8751ae9f63f2bc75e21
modified,.\Records\mouse_data_log\mouse_data_log_2025-01-11_12-58-57.csv,1736580547.260804,False,284152b5f19bbb46c6d08a0231e34eb0
modified,.\Records\file_access_log\file_access_log_2025-01-11_12-58-56.csv,1736580547.2777596,False,7f796decc117350ed3f6dbb5490faa7c
modified,.\Records\file_access_log\file_access_log_2025-01-11_12-58-56.csv,1736580547.295711,False,34b83e0b8be8fcd07b17bdee9eacecbf
modified,.\Records\file_access_log\file_access_log_2025-01-11_12-58-56.csv,1736580547.315657,False,498cf724819171ed7e4905ecd5370a3a
modified,.\Records\file_access_log\file_access_log_2025-01-11_12-58-56.csv,1736580547.3376005,False,3d0d0db38f20077adddaafe031d047b7
modified,.\Records\file_access_log\file_access_log_2025-01-11_12-58-56.csv,1736580547.360536,False,987cf3e2a67e7b0c32e0e92203c3e74c
modified,.\Records\mouse_data_log\mouse_data_log_2025-01-11_12-58-57.csv,1736580547.3784945,False,caf87e74ed805b4a0e73997f708b5d82
modified,.\Records\file_access_log\file_access_log_2025-01-11_12-58-56.csv,1736580547.399433,False,a4e912f801bb52017e649a8ad0941170
modified,.\Records\mouse_data_log\mouse_data_log_2025-01-11_12-58-57.csv,1736580547.417385,False,caf87e74ed805b4a0e73997f708b5d82
modified,.\Records\file_access_log\file_access_log_2025-01-11_12-58-56.csv,1736580547.4383285,False,450b5d866960bc4ceff968f9cf2b3e9f
modified,.\Records\mouse_data_log\mouse_data_log_2025-01-11_12-58-57.csv,1736580547.4562871,False,3b70e90e146ac1a5273d8d172f38384a
modified,.\Records\file_access_log\file_access_log_2025-01-11_12-58-56.csv,1736580547.4752324,False,4c28b12b4a004042eb8abb81075c92df
modified,.\Records\mouse_data_log\mouse_data_log_2025-01-11_12-58-57.csv,1736580547.476228,False,3b70e90e146ac1a5273d8d172f38384a
modified,.\Records\file_access_log\file_access_log_2025-01-11_12-58-56.csv,1736580547.492185,False,7fb9c17f9a93efaac232ccc58afb495d
modified,.\Records\file_access_log\file_access_log_2025-01-11_12-58-56.csv,1736580547.5111337,False,89613cdc7c2caf4f3d0111840db880c9
modified,.\Records\file_access_log\file_access_log_2025-01-11_12-58-56.csv,1736580547.526098,False,3a207780a1f88c1dde8a76f7f27d8a20
modified,.\Records\file_access_log\file_access_log_2025-01-11_12-58-56.csv,1736580547.5450435,False,e62af98b32239fc8502f36a9a7df9a2a
modified,.\Records\file_access_log\file_access_log_2025-01-11_12-58-56.csv,1736580547.5610068,False,fe670f0bfafc03309d829cba82507d2d
modified,.\Records\file_access_log\file_access_log_2025-01-11_12-58-56.csv,1736580547.5789528,False,6ac02adc53299f59adf8e8271e46acb1
modified,.\Records\file_access_log\file_access_log_2025-01-11_12-58-56.csv,1736580547.5988986,False,e83748d44dfbbd41476c82443203c22a
modified,.\Records\file_access_log\file_access_log_2025-01-11_12-58-56.csv,1736580547.6208408,False,662c8a54740a4cdd4c24566ddcbfb09a
modified,.\Records\file_access_log\file_access_log_2025-01-11_12-58-56.csv,1736580547.6407862,False,fef350dea076c451861ee49c16f65be8
modified,.\Records\file_access_log\file_access_log_2025-01-11_12-58-56.csv,1736580547.670707,False,aa1ff424414b2644df0f91be337b78b5
modified,.\Records\file_access_log\file_access_log_2025-01-11_12-58-56.csv,1736580547.6976364,False,740682c029688360fd5b63f9aa9cd919
modified,.\Records\file_access_log\file_access_log_2025-01-11_12-58-56.csv,1736580547.729551,False,0cdbb417a26a639455c57397a2babfb4
modified,.\Records\file_access_log\file_access_log_2025-01-11_12-58-56.csv,1736580547.7514915,False,7dd1ee8c1bc01694cfc472710801bc70
modified,.\Records\mouse_data_log\mouse_data_log_2025-01-11_12-58-57.csv,1736580547.7694445,False,0734bd57ef93c3aa2f4b8fc4d921230c
modified,.\Records\file_access_log\file_access_log_2025-01-11_12-58-56.csv,1736580547.801357,False,f494f0de4f32bdbde46389c9d9475490
modified,.\Records\file_access_log\file_access_log_2025-01-11_12-58-56.csv,1736580547.827288,False,b631be5cb82ad8d2b995328755c20811
modified,.\Records\mouse_data_log\mouse_data_log_2025-01-11_12-58-57.csv,1736580547.850228,False,30ce162262d23120dee2c46b6cd40278
modified,.\Records\file_access_log\file_access_log_2025-01-11_12-58-56.csv,1736580547.8721678,False,e8c2802c0ae248c00924e6c8f329eba9
modified,.\Records\mouse_data_log\mouse_data_log_2025-01-11_12-58-57.csv,1736580547.8941107,False,6c9852c036dbc5ad5972e41bf6c044a1
modified,.\Records\file_access_log\file_access_log_2025-01-11_12-58-56.csv,1736580547.9220347,False,3dfe30f69247e518eff8aa8dc849a2bf
modified,.\Records\mouse_data_log\mouse_data_log_2025-01-11_12-58-57.csv,1736580547.9539487,False,1d0c2ae3e5c7ef50c0c12583c98b2b4f
modified,.\Records\file_access_log\file_access_log_2025-01-11_12-58-56.csv,1736580547.996836,False,6d86d1f2d5033e23bf1104b42b1e87b3
modified,.\Records\mouse_data_log\mouse_data_log_2025-01-11_12-58-57.csv,1736580548.022766,False,2e6eaa0dd9e6837f0308c7dce5aacd67
modified,.\Records\file_access_log\file_access_log_2025-01-11_12-58-56.csv,1736580548.0536819,False,5678d46b45945bf90be97ac98551491a
modified,.\Records\mouse_data_log\mouse_data_log_2025-01-11_12-58-57.csv,1736580548.0786152,False,3e65eb374517edb25676bad44eb4199c
modified,.\Records\file_access_log\file_access_log_2025-01-11_12-58-56.csv,1736580548.1045456,False,a717532620896c7c102cff33eab5c7eb
modified,.\Records\mouse_data_log\mouse_data_log_2025-01-11_12-58-57.csv,1736580548.1384566,False,e88bff75bc846e7b17bd8dc78b08c0b2
modified,.\Records\file_access_log\file_access_log_2025-01-11_12-58-56.csv,1736580548.173362,False,cd2d0639c885f3dad8c0c993eac6ac02
modified,.\Records\mouse_data_log\mouse_data_log_2025-01-11_12-58-57.csv,1736580548.2142522,False,3658f6400e991bdb390fab17b66c6522
modified,.\Records\file_access_log\file_access_log_2025-01-11_12-58-56.csv,1736580548.2452037,False,457e0ee69c271b115ebcab2746ede9c0
modified,.\Records\mouse_data_log\mouse_data_log_2025-01-11_12-58-57.csv,1736580548.2731054,False,8b58eb0856871d17fb452edcc069694e
modified,.\Records\file_access_log\file_access_log_2025-01-11_12-58-56.csv,1736580548.3070078,False,b8db069d5f73e576d2a6fef0e5bb683c
modified,.\Records\mouse_data_log\mouse_data_log_2025-01-11_12-58-57.csv,1736580548.3389223,False,f2ebfbdadacf177b8001bf2817cee0dc
modified,.\Records\file_access_log\file_access_log_2025-01-11_12-58-56.csv,1736580548.3628557,False,d075ea7072ae12d76bb96020a1cc8b28
modified,.\Records\mouse_data_log\mouse_data_log_2025-01-11_12-58-57.csv,1736580548.3847995,False,1b0401f8dc251c40466b3ad6bce2f0e2
modified,.\Records\file_access_log\file_access_log_2025-01-11_12-58-56.csv,1736580548.4087327,False,5683ea172adad0b8f24d6894c9e36cff
modified,.\Records\mouse_data_log\mouse_data_log_2025-01-11_12-58-57.csv,1736580548.431672,False,a7225841d82899d615a9ce23f1b196af
modified,.\Records\file_access_log\file_access_log_2025-01-11_12-58-56.csv,1736580548.45461,False,5f536ea774d3d7df95e7b537b8da45bc
modified,.\Records\mouse_data_log\mouse_data_log_2025-01-11_12-58-57.csv,1736580548.4775543,False,393b85456ed580733ee765ce06ba6f30
modified,.\Records\file_access_log\file_access_log_2025-01-11_12-58-56.csv,1736580548.494506,False,45372fc548635875acb8d1c54213323a
modified,.\Records\mouse_data_log\mouse_data_log_2025-01-11_12-58-57.csv,1736580548.5164447,False,0930d7c323b53868b62c0de71d2d50c5
modified,.\Records\file_access_log\file_access_log_2025-01-11_12-58-56.csv,1736580548.5403807,False,3b99bc4e6424419c8f927ae6110a9857
modified,.\Records\mouse_data_log\mouse_data_log_2025-01-11_12-58-57.csv,1736580548.5623224,False,e210a9024398fb5f316b612c4c432117
modified,.\Records\file_access_log\file_access_log_2025-01-11_12-58-56.csv,1736580548.5742915,False,bba05bbfc29e6d65572de3281d42ec70
modified,.\Records\mouse_data_log\mouse_data_log_2025-01-11_12-58-57.csv,1736580548.5972288,False,5208cb1e1858de4f8a58799a3713589c
modified,.\Records\file_access_log\file_access_log_2025-01-11_12-58-56.csv,1736580548.6161785,False,87f16d2ba4b96968facac53d62237e97
modified,.\Records\mouse_data_log\mouse_data_log_2025-01-11_12-58-57.csv,1736580548.6381185,False,81a02b394ac7bebe55d754ebe6c8fcb6
modified,.\Records\file_access_log\file_access_log_2025-01-11_12-58-56.csv,1736580548.6560717,False,e8b5cd94c31af4e969af71ef53730a52
modified,.\Records\mouse_data_log\mouse_data_log_2025-01-11_12-58-57.csv,1736580548.6760182,False,f14e5c584eea1c423b34059d6b5f939b
modified,.\Records\file_access_log\file_access_log_2025-01-11_12-58-56.csv,1736580548.686988,False,912d23e8b37b722d5f3f9bd1ec75d445
modified,.\Records\mouse_data_log\mouse_data_log_2025-01-11_12-58-57.csv,1736580548.7039464,False,41853d68ee9c075851d2f6a0d7827856
modified,.\Records\file_access_log\file_access_log_2025-01-11_12-58-56.csv,1736580548.7218957,False,026883079cd723c5cfc2bdc0cd3c6607
modified,.\Records\mouse_data_log\mouse_data_log_2025-01-11_12-58-57.csv,1736580548.7228923,False,41853d68ee9c075851d2f6a0d7827856
modified,.\Records\file_access_log\file_access_log_2025-01-11_12-58-56.csv,1736580548.7368555,False,95af291323213474c49be73f293d3b66
modified,.\Records\mouse_data_log\mouse_data_log_2025-01-11_12-58-57.csv,1736580548.7388508,False,41853d68ee9c075851d2f6a0d7827856
modified,.\Records\file_access_log\file_access_log_2025-01-11_12-58-56.csv,1736580548.7508187,False,5538c7b412b6558f86f37427d5b3b019
modified,.\Records\mouse_data_log\mouse_data_log_2025-01-11_12-58-57.csv,1736580548.7518148,False,41853d68ee9c075851d2f6a0d7827856
modified,.\Records\file_access_log\file_access_log_2025-01-11_12-58-56.csv,1736580548.766777,False,da951f066a961d0a18e213e3ae1f205f
modified,.\Records\mouse_data_log\mouse_data_log_2025-01-11_12-58-57.csv,1736580548.767772,False,41853d68ee9c075851d2f6a0d7827856
modified,.\Records\file_access_log\file_access_log_2025-01-11_12-58-56.csv,1736580548.7867239,False,26b75badd02c15fdbba6a90ed7a90d1c
modified,.\Records\mouse_data_log\mouse_data_log_2025-01-11_12-58-57.csv,1736580548.787719,False,41853d68ee9c075851d2f6a0d7827856
modified,.\Records\file_access_log\file_access_log_2025-01-11_12-58-56.csv,1736580548.8006854,False,37be606fc04aa1fdecb4d2c830049bda
modified,.\Records\mouse_data_log\mouse_data_log_2025-01-11_12-58-57.csv,1736580548.8026783,False,41853d68ee9c075851d2f6a0d7827856
modified,.\Records\file_access_log\file_access_log_2025-01-11_12-58-56.csv,1736580548.8286097,False,1ef78ade76750f31380ff75bc3ce0c85
modified,.\Records\mouse_data_log\mouse_data_log_2025-01-11_12-58-57.csv,1736580548.8495536,False,830ff4f80eba7ca65e47377e5ebb517b
modified,.\Records\file_access_log\file_access_log_2025-01-11_12-58-56.csv,1736580548.870497,False,eaa15ea453498529c8283702cabd9d03
modified,.\Records\mouse_data_log\mouse_data_log_2025-01-11_12-58-57.csv,1736580548.889451,False,830ff4f80eba7ca65e47377e5ebb517b
modified,.\Records\file_access_log\file_access_log_2025-01-11_12-58-56.csv,1736580548.9034102,False,2fbcc1746fab7292584035a98250745e
modified,.\Records\mouse_data_log\mouse_data_log_2025-01-11_12-58-57.csv,1736580548.921365,False,46f34e5650e1d594629b38d0c57ad9b3
modified,.\Records\file_access_log\file_access_log_2025-01-11_12-58-56.csv,1736580548.9383159,False,d9ac686e69af672c543ed9755fc9b737
modified,.\Records\mouse_data_log\mouse_data_log_2025-01-11_12-58-57.csv,1736580548.9622533,False,101f56eefdba1e468fd839463e936981
modified,.\Records\file_access_log\file_access_log_2025-01-11_12-58-56.csv,1736580548.9792068,False,3359fe00b4f6c2021c4537eb3450b77e
modified,.\Records\mouse_data_log\mouse_data_log_2025-01-11_12-58-57.csv,1736580548.9981587,False,fc9b3b577833366cac4eea7f9dbedd2e
modified,.\Records\file_access_log\file_access_log_2025-01-11_12-58-56.csv,1736580549.0191014,False,5fe8b69104fcba0c64872646921fb140
modified,.\Records\mouse_data_log\mouse_data_log_2025-01-11_12-58-57.csv,1736580549.0430377,False,ef45281cc838bc37ca2854374311ce05
modified,.\Records\file_access_log\file_access_log_2025-01-11_12-58-56.csv,1736580549.062982,False,f7e540dc68513139082bdb20301924d4
modified,.\Records\mouse_data_log\mouse_data_log_2025-01-11_12-58-57.csv,1736580549.0769446,False,2973f93a89cb5330298f1e10b8bafc82
modified,.\Records\file_access_log\file_access_log_2025-01-11_12-58-56.csv,1736580549.0978916,False,4a4a339db6520312e4bb4bae1e1eb3e6
modified,.\Records\mouse_data_log\mouse_data_log_2025-01-11_12-58-57.csv,1736580549.1178358,False,1ad753a565a4bdd731dc9965a06b43cb
modified,.\Records\file_access_log\file_access_log_2025-01-11_12-58-56.csv,1736580549.1337962,False,e9aad30257a9991ecfec39b69c54cdf9
modified,.\Records\mouse_data_log\mouse_data_log_2025-01-11_12-58-57.csv,1736580549.134791,False,1ad753a565a4bdd731dc9965a06b43cb
modified,.\Records\file_access_log\file_access_log_2025-01-11_12-58-56.csv,1736580549.1457632,False,f953ef8bb8398c904d80ac2537c6c7a3
modified,.\Records\mouse_data_log\mouse_data_log_2025-01-11_12-58-57.csv,1736580549.1467614,False,1ad753a565a4bdd731dc9965a06b43cb
modified,.\Records\file_access_log\file_access_log_2025-01-11_12-58-56.csv,1736580549.1607213,False,26fa3163f96a12670514c3ed917e5ebd
modified,.\Records\mouse_data_log\mouse_data_log_2025-01-11_12-58-57.csv,1736580549.1627166,False,1ad753a565a4bdd731dc9965a06b43cb
modified,.\Records\file_access_log\file_access_log_2025-01-11_12-58-56.csv,1736580549.1766841,False,5c9d45fe6a0fb01a254f7130f421c98f
modified,.\Records\mouse_data_log\mouse_data_log_2025-01-11_12-58-57.csv,1736580549.1776762,False,1ad753a565a4bdd731dc9965a06b43cb
modified,.\Records\file_access_log\file_access_log_2025-01-11_12-58-56.csv,1736580549.1916392,False,5643eded2a2bf433d2383df3017a29c0
modified,.\Records\mouse_data_log\mouse_data_log_2025-01-11_12-58-57.csv,1736580549.1926389,False,1ad753a565a4bdd731dc9965a06b43cb
modified,.\Records\file_access_log\file_access_log_2025-01-11_12-58-56.csv,1736580549.210588,False,ec1740928860edda3e7c145cffeda84a
modified,.\Records\mouse_data_log\mouse_data_log_2025-01-11_12-58-57.csv,1736580549.2115855,False,1ad753a565a4bdd731dc9965a06b43cb
modified,.\Records\file_access_log\file_access_log_2025-01-11_12-58-56.csv,1736580549.2265458,False,c9ac918981ad34680c117a3453577d33
modified,.\Records\mouse_data_log\mouse_data_log_2025-01-11_12-58-57.csv,1736580549.2275429,False,1ad753a565a4bdd731dc9965a06b43cb
modified,.\Records\file_access_log\file_access_log_2025-01-11_12-58-56.csv,1736580549.2534735,False,5c449f67a4063a743eab75ebd45f633f
modified,.\Records\mouse_data_log\mouse_data_log_2025-01-11_12-58-57.csv,1736580549.2724223,False,ffa8544a8b7b729ac24d21034049e974
modified,.\Records\file_access_log\file_access_log_2025-01-11_12-58-56.csv,1736580549.2903738,False,7647ee7e09d7d5f593c7d008d702f517
modified,.\Records\mouse_data_log\mouse_data_log_2025-01-11_12-58-57.csv,1736580549.3083253,False,8889af4f126cf9aaf05d0b2e10505528
modified,.\Records\file_access_log\file_access_log_2025-01-11_12-58-56.csv,1736580549.327279,False,0d6514a467f90267837b0a3c3873eac3
modified,.\Records\mouse_data_log\mouse_data_log_2025-01-11_12-58-57.csv,1736580549.3492177,False,5e5fae7598cf610c77f2e6d5776cde1a
modified,.\Records\file_access_log\file_access_log_2025-01-11_12-58-56.csv,1736580549.3741493,False,38162eacb3dfa40a1bfca5947c780455
modified,.\Records\mouse_data_log\mouse_data_log_2025-01-11_12-58-57.csv,1736580549.4140434,False,78495d8d7c634c60be20b3f67c2ad1bf
modified,.\Records\file_access_log\file_access_log_2025-01-11_12-58-56.csv,1736580549.439976,False,ca66f91bb35ebed07e7fe1c0b1c0344f
modified,.\Records\mouse_data_log\mouse_data_log_2025-01-11_12-58-57.csv,1736580549.4848535,False,737217ac07e2cc7e804237f264aa660d
modified,.\Records\file_access_log\file_access_log_2025-01-11_12-58-56.csv,1736580549.5397065,False,342c8eba979d4e9cbdd624d9cf6e53af
modified,.\Records\mouse_data_log\mouse_data_log_2025-01-11_12-58-57.csv,1736580549.5796,False,006474f7e03cf5de42440aaaac0fda92
modified,.\Records\file_access_log\file_access_log_2025-01-11_12-58-56.csv,1736580549.6015413,False,ce502f7880cd7a2e024686706e7987fe
modified,.\Records\mouse_data_log\mouse_data_log_2025-01-11_12-58-57.csv,1736580549.6025395,False,006474f7e03cf5de42440aaaac0fda92
modified,.\Records\file_access_log\file_access_log_2025-01-11_12-58-56.csv,1736580549.6254778,False,5be63f73f44c607969a0de7ba5829f45
modified,.\Records\mouse_data_log\mouse_data_log_2025-01-11_12-58-57.csv,1736580549.626477,False,006474f7e03cf5de42440aaaac0fda92
modified,.\Records\file_access_log\file_access_log_2025-01-11_12-58-56.csv,1736580549.6534045,False,1ba022f730834efbffb997de61bf6283
modified,.\Records\mouse_data_log\mouse_data_log_2025-01-11_12-58-57.csv,1736580549.6553988,False,006474f7e03cf5de42440aaaac0fda92
modified,.\Records\file_access_log\file_access_log_2025-01-11_12-58-56.csv,1736580549.682326,False,89a3392c6c10a3a402408dbaad6ec698
modified,.\Records\mouse_data_log\mouse_data_log_2025-01-11_12-58-57.csv,1736580549.6843216,False,006474f7e03cf5de42440aaaac0fda92
modified,.\Records\file_access_log\file_access_log_2025-01-11_12-58-56.csv,1736580549.70327,False,051735fc2f70b71e2ad2d3a46bdcda19
modified,.\Records\mouse_data_log\mouse_data_log_2025-01-11_12-58-57.csv,1736580549.7321923,False,ee36d0545538ee5d313ae1c560e986a1
modified,.\Records\file_access_log\file_access_log_2025-01-11_12-58-56.csv,1736580549.762119,False,213ae905324f278821078cdbb10b70b8
modified,.\Records\mouse_data_log\mouse_data_log_2025-01-11_12-58-57.csv,1736580549.7840538,False,74c83bf45a4b31dfb16bc53c8d6f3dcc
modified,.\Records\file_access_log\file_access_log_2025-01-11_12-58-56.csv,1736580549.81896,False,3478dd9d943f26b986fbd6ed83841c9e
modified,.\Records\mouse_data_log\mouse_data_log_2025-01-11_12-58-57.csv,1736580549.8678298,False,c52fc1802e2989db02b38b055ff99a66
modified,.\Records\file_access_log\file_access_log_2025-01-11_12-58-56.csv,1736580549.9027374,False,6bd6f4fb342706c3bc3ec40bf0617b67
modified,.\Records\mouse_data_log\mouse_data_log_2025-01-11_12-58-57.csv,1736580549.9276707,False,f4723e980e0b82c553998796a6624d99
modified,.\Records\file_access_log\file_access_log_2025-01-11_12-58-56.csv,1736580549.9506094,False,a652265c525e1dc27dc545bf6b5d6f48
modified,.\Records\mouse_data_log\mouse_data_log_2025-01-11_12-58-57.csv,1736580549.9795313,False,24ea0b1404ec3b12096f53960940baa5
modified,.\Records\file_access_log\file_access_log_2025-01-11_12-58-56.csv,1736580549.9954908,False,411962ebb223e829e296cdcdd5444df3
modified,.\Records\mouse_data_log\mouse_data_log_2025-01-11_12-58-57.csv,1736580550.0234146,False,4a47619c91e0405e4f137d8a70425310
modified,.\Records\file_access_log\file_access_log_2025-01-11_12-58-56.csv,1736580550.046352,False,a1e87a81c94baeb52a5189b61e6d4b13
modified,.\Records\mouse_data_log\mouse_data_log_2025-01-11_12-58-57.csv,1736580550.0672958,False,0e8bbc19e1b0f6fa02cc52918e0b9a18
modified,.\Records\file_access_log\file_access_log_2025-01-11_12-58-56.csv,1736580550.0972147,False,b63585c551a7fc3c4fbc2548e68fc0b8
modified,.\Records\mouse_data_log\mouse_data_log_2025-01-11_12-58-57.csv,1736580550.120156,False,b409dc0f678c87c605fff6b2bad31a56
modified,.\Records\file_access_log\file_access_log_2025-01-11_12-58-56.csv,1736580550.1470878,False,432da0d95e3e1ae34ebe1be9f12fecb7
modified,.\Records\mouse_data_log\mouse_data_log_2025-01-11_12-58-57.csv,1736580550.171018,False,2bf28ed0ad94e49980a7893712078340
modified,.\Records\file_access_log\file_access_log_2025-01-11_12-58-56.csv,1736580550.1909642,False,6853b90413e201ac02d9d06b6bbc1d65
modified,.\Records\mouse_data_log\mouse_data_log_2025-01-11_12-58-57.csv,1736580550.216896,False,62428a576167291ecdd1c948419998db
modified,.\Records\file_access_log\file_access_log_2025-01-11_12-58-56.csv,1736580550.236843,False,06050e915483176685815a9ad70191a1
modified,.\Records\mouse_data_log\mouse_data_log_2025-01-11_12-58-57.csv,1736580550.2508092,False,b315384817d08fc79d0d46b7d98ad291
modified,.\Records\file_access_log\file_access_log_2025-01-11_12-58-56.csv,1736580550.265766,False,5c1af9deed88f0a46e4049ac0993ab9f
modified,.\Records\mouse_data_log\mouse_data_log_2025-01-11_12-58-57.csv,1736580550.282721,False,082ed0abb1407d02c5ad1baf2c7e7b7b
modified,.\Records\file_access_log\file_access_log_2025-01-11_12-58-56.csv,1736580550.308651,False,5f5b693ebaa1bb05acad06c6c3c0bd09
modified,.\Records\mouse_data_log\mouse_data_log_2025-01-11_12-58-57.csv,1736580550.3295953,False,6aeffb0d21f4d7bd395ebebc66c0090e
modified,.\Records\file_access_log\file_access_log_2025-01-11_12-58-56.csv,1736580550.572949,False,2baff5b54f2c4272b3aec6f9316071a4
modified,.\Records\mouse_data_log\mouse_data_log_2025-01-11_12-58-57.csv,1736580550.603861,False,e866e2d98cb8a686514ca2d6361558b6
modified,.\Records\file_access_log\file_access_log_2025-01-11_12-58-56.csv,1736580550.6218128,False,e0eb349aa93e1d2512d11827ed60492a
modified,.\Records\mouse_data_log\mouse_data_log_2025-01-11_12-58-57.csv,1736580550.6527297,False,e1fbac7e5cd6344bf85b864318e5ecd5
modified,.\Records\file_access_log\file_access_log_2025-01-11_12-58-56.csv,1736580550.6916268,False,984902f3cdd34f71b81bf2a9f7e76d84
modified,.\Records\mouse_data_log\mouse_data_log_2025-01-11_12-58-57.csv,1736580550.7305236,False,ec7cdbc8af3101b6d81d72c3a49292f6
modified,.\Records\file_access_log\file_access_log_2025-01-11_12-58-56.csv,1736580550.7514663,False,183bce7ee6648ee19aba2b961c904700
modified,.\Records\mouse_data_log\mouse_data_log_2025-01-11_12-58-57.csv,1736580550.7734063,False,f3c9a7f92eb6c2cae11cf5b8b229d9ab
modified,.\Records\file_access_log\file_access_log_2025-01-11_12-58-56.csv,1736580550.7933538,False,f4fb5b9b904f4846e6ed75565d9ecde9
modified,.\Records\mouse_data_log\mouse_data_log_2025-01-11_12-58-57.csv,1736580550.8162916,False,3fba88eebf2cb27bad9b3145089b3e08
modified,.\Records\file_access_log\file_access_log_2025-01-11_12-58-56.csv,1736580550.8392322,False,52f0f8ab8c5cef486449bb4dc67776be
modified,.\Records\mouse_data_log\mouse_data_log_2025-01-11_12-58-57.csv,1736580550.866159,False,ae756d82c023ff3f2e7f3c3268dcac48
modified,.\Records\file_access_log\file_access_log_2025-01-11_12-58-56.csv,1736580550.8900962,False,a4a9134e42377f8e39bba9e520b0da7c
modified,.\Records\mouse_data_log\mouse_data_log_2025-01-11_12-58-57.csv,1736580550.9120393,False,834eb066510639a0d08fce463fe1653d
modified,.\Records\file_access_log\file_access_log_2025-01-11_12-58-56.csv,1736580550.9329853,False,92bb00424d1c10a2dea38376558b1afe
modified,.\Records\mouse_data_log\mouse_data_log_2025-01-11_12-58-57.csv,1736580550.9509325,False,e69a36b189a6810ee5be8dea653ce211
modified,.\Records\file_access_log\file_access_log_2025-01-11_12-58-56.csv,1736580550.9678867,False,5252c42af56e5a842bba24b7fefed979
modified,.\Records\mouse_data_log\mouse_data_log_2025-01-11_12-58-57.csv,1736580550.9898286,False,68e2d9e79f7f5d343acb848bfff5afd5
modified,.\Records\file_access_log\file_access_log_2025-01-11_12-58-56.csv,1736580551.0197484,False,ee1f6639bd7ca97d0ea8d90a097dd71e
modified,.\Records\mouse_data_log\mouse_data_log_2025-01-11_12-58-57.csv,1736580551.0376992,False,ccd08fbd8cc9b9b8b9b2d9916b8d15eb
modified,.\Records\file_access_log\file_access_log_2025-01-11_12-58-56.csv,1736580551.0626347,False,df8c0d1f25072689f21129492e297e6e
modified,.\Records\mouse_data_log\mouse_data_log_2025-01-11_12-58-57.csv,1736580551.063631,False,ccd08fbd8cc9b9b8b9b2d9916b8d15eb
modified,.\Records\file_access_log\file_access_log_2025-01-11_12-58-56.csv,1736580551.085574,False,76416b16c9b5f672106b5540ee837011
modified,.\Records\mouse_data_log\mouse_data_log_2025-01-11_12-58-57.csv,1736580551.1065192,False,3f76a3d7237bd78ea0e78d1ec0e0496e
modified,.\Records\file_access_log\file_access_log_2025-01-11_12-58-56.csv,1736580551.1244671,False,6fac60ddf0a1e70294d2237a15789c79
modified,.\Records\mouse_data_log\mouse_data_log_2025-01-11_12-58-57.csv,1736580551.1254668,False,3f76a3d7237bd78ea0e78d1ec0e0496e
modified,.\Records\file_access_log\file_access_log_2025-01-11_12-58-56.csv,1736580551.1404257,False,9f8de8fbdf5a166fea42720923127ca6
modified,.\Records\mouse_data_log\mouse_data_log_2025-01-11_12-58-57.csv,1736580551.1424234,False,3f76a3d7237bd78ea0e78d1ec0e0496e
modified,.\Records\file_access_log\file_access_log_2025-01-11_12-58-56.csv,1736580551.1603723,False,144c3c776f98a6bc9c1306a705870415
modified,.\Records\mouse_data_log\mouse_data_log_2025-01-11_12-58-57.csv,1736580551.16137,False,3f76a3d7237bd78ea0e78d1ec0e0496e
modified,.\Records\file_access_log\file_access_log_2025-01-11_12-58-56.csv,1736580551.1813204,False,7797c9a19d64aa25e081a6e5c757f572
modified,.\Records\mouse_data_log\mouse_data_log_2025-01-11_12-58-57.csv,1736580551.1823146,False,3f76a3d7237bd78ea0e78d1ec0e0496e
modified,.\Records\file_access_log\file_access_log_2025-01-11_12-58-56.csv,1736580551.201263,False,6c8e7cab434e9a8f2fd3c55b292ffd6a
modified,.\Records\mouse_data_log\mouse_data_log_2025-01-11_12-58-57.csv,1736580551.2022603,False,3f76a3d7237bd78ea0e78d1ec0e0496e
modified,.\Records\file_access_log\file_access_log_2025-01-11_12-58-56.csv,1736580551.2212152,False,577cdc0410c7f176991133fc38f2695b
modified,.\Records\mouse_data_log\mouse_data_log_2025-01-11_12-58-57.csv,1736580551.2222054,False,3f76a3d7237bd78ea0e78d1ec0e0496e
modified,.\Records\file_access_log\file_access_log_2025-01-11_12-58-56.csv,1736580551.2411559,False,2d3c77430698af4214b632e3c84e92f2
modified,.\Records\mouse_data_log\mouse_data_log_2025-01-11_12-58-57.csv,1736580551.242154,False,3f76a3d7237bd78ea0e78d1ec0e0496e
modified,.\Records\file_access_log\file_access_log_2025-01-11_12-58-56.csv,1736580551.2611077,False,1d60d2cc17ad9339b10f535487f9433f
modified,.\Records\mouse_data_log\mouse_data_log_2025-01-11_12-58-57.csv,1736580551.2630985,False,3f76a3d7237bd78ea0e78d1ec0e0496e
modified,.\Records\file_access_log\file_access_log_2025-01-11_12-58-56.csv,1736580551.2750673,False,3756956a16154f63f103b0522ca3c33e
modified,.\Records\mouse_data_log\mouse_data_log_2025-01-11_12-58-57.csv,1736580551.276063,False,3f76a3d7237bd78ea0e78d1ec0e0496e
modified,.\Records\file_access_log\file_access_log_2025-01-11_12-58-56.csv,1736580551.290028,False,cbaba0fbb781a18202c3055723009361
modified,.\Records\mouse_data_log\mouse_data_log_2025-01-11_12-58-57.csv,1736580551.292021,False,3f76a3d7237bd78ea0e78d1ec0e0496e
modified,.\Records\file_access_log\file_access_log_2025-01-11_12-58-56.csv,1736580551.310973,False,76f51acd2e9a826911b97c0754cc41c2
modified,.\Records\mouse_data_log\mouse_data_log_2025-01-11_12-58-57.csv,1736580551.3299189,False,1200b7e9a28da410fa184359d2f2de9e
modified,.\Records\file_access_log\file_access_log_2025-01-11_12-58-56.csv,1736580551.3508658,False,110488b97ce81235eeca9c0d3257bb2a
modified,.\Records\mouse_data_log\mouse_data_log_2025-01-11_12-58-57.csv,1736580551.3757963,False,4f9ad0c0b0927ee53dd2aa83bef90010
modified,.\Records\file_access_log\file_access_log_2025-01-11_12-58-56.csv,1736580551.3957422,False,ebc40ae796339ce103eefa9d85494dc7
modified,.\Records\mouse_data_log\mouse_data_log_2025-01-11_12-58-57.csv,1736580551.4176857,False,423a21062fc6c942d88e21ab78477c74
modified,.\Records\file_access_log\file_access_log_2025-01-11_12-58-56.csv,1736580551.4366324,False,92edf4371736e804311daf67624807c2
modified,.\Records\mouse_data_log\mouse_data_log_2025-01-11_12-58-57.csv,1736580551.4565816,False,3a45c1c652cca680cdad52b61900dc46
modified,.\Records\file_access_log\file_access_log_2025-01-11_12-58-56.csv,1736580551.4845045,False,96c42ae98ec40f5ee2baaae35a436f6d
modified,.\Records\mouse_data_log\mouse_data_log_2025-01-11_12-58-57.csv,1736580551.5164182,False,3a45c1c652cca680cdad52b61900dc46
modified,.\Records\file_access_log\file_access_log_2025-01-11_12-58-56.csv,1736580551.5373642,False,3066446d207be1eed6c1f086d6f89f78
modified,.\Records\mouse_data_log\mouse_data_log_2025-01-11_12-58-57.csv,1736580551.5383604,False,3a45c1c652cca680cdad52b61900dc46
modified,.\Records\file_access_log\file_access_log_2025-01-11_12-58-56.csv,1736580551.556319,False,01aa08c954ce4ec4b5425d2c4e5f4b00
modified,.\Records\mouse_data_log\mouse_data_log_2025-01-11_12-58-57.csv,1736580551.5583076,False,3a45c1c652cca680cdad52b61900dc46
modified,.\Records\file_access_log\file_access_log_2025-01-11_12-58-56.csv,1736580551.579253,False,9a9baa72362d3529f357655f4afbc0aa
modified,.\Records\mouse_data_log\mouse_data_log_2025-01-11_12-58-57.csv,1736580551.5802486,False,3a45c1c652cca680cdad52b61900dc46
modified,.\Records\file_access_log\file_access_log_2025-01-11_12-58-56.csv,1736580551.5991971,False,6f27888f2e2e79f1c936d033d864b4c8
modified,.\Records\mouse_data_log\mouse_data_log_2025-01-11_12-58-57.csv,1736580551.6001987,False,3a45c1c652cca680cdad52b61900dc46
modified,.\Records\file_access_log\file_access_log_2025-01-11_12-58-56.csv,1736580551.6171546,False,4547eb87de70f9ec5dd640f5c781f670
modified,.\Records\mouse_data_log\mouse_data_log_2025-01-11_12-58-57.csv,1736580551.624133,False,3a45c1c652cca680cdad52b61900dc46
modified,.\Records\file_access_log\file_access_log_2025-01-11_12-58-56.csv,1736580551.643085,False,57f1f1688dc1f32b776884df60d407e9
modified,.\Records\mouse_data_log\mouse_data_log_2025-01-11_12-58-57.csv,1736580551.645077,False,3a45c1c652cca680cdad52b61900dc46
modified,.\Records\file_access_log\file_access_log_2025-01-11_12-58-56.csv,1736580551.6759975,False,1cb03607646473d1c6c83aff53d421ec
modified,.\Records\mouse_data_log\mouse_data_log_2025-01-11_12-58-57.csv,1736580551.7338412,False,e74e917b355833ebe38307a0854e9144
modified,.\Records\file_access_log\file_access_log_2025-01-11_12-58-56.csv,1736580551.751791,False,62d7975a40325641197c6e821cc5a916
modified,.\Records\mouse_data_log\mouse_data_log_2025-01-11_12-58-57.csv,1736580551.779717,False,abca8931f34eb961a73bde2b49e0374d
modified,.\Records\file_access_log\file_access_log_2025-01-11_12-58-56.csv,1736580551.8026564,False,97fd0521ee629ded1e6ab0c36b805062
modified,.\Records\mouse_data_log\mouse_data_log_2025-01-11_12-58-57.csv,1736580551.825592,False,1755ce66d47a7c7f78a766c3a79b8f86
modified,.\Records\file_access_log\file_access_log_2025-01-11_12-58-56.csv,1736580551.8375607,False,103ebc192279dcbc1f261d209d3480a7
modified,.\Records\mouse_data_log\mouse_data_log_2025-01-11_12-58-57.csv,1736580551.8634915,False,f6abe1cb6f348bd0aca8f6f37fb9a31c
modified,.\Records\file_access_log\file_access_log_2025-01-11_12-58-56.csv,1736580551.8834383,False,4834cbba3c9c4fe39ea2c6f3a94dbe9a
modified,.\Records\mouse_data_log\mouse_data_log_2025-01-11_12-58-57.csv,1736580551.9053793,False,31cf75c0212ff6cfb9c49a381acb9937
modified,.\Records\file_access_log\file_access_log_2025-01-11_12-58-56.csv,1736580551.9213374,False,f692a5164b6432581f506b142e1f4fba
modified,.\Records\mouse_data_log\mouse_data_log_2025-01-11_12-58-57.csv,1736580551.9223347,False,31cf75c0212ff6cfb9c49a381acb9937
modified,.\Records\file_access_log\file_access_log_2025-01-11_12-58-56.csv,1736580551.9402852,False,7055dd0721fa5e9b7c988c54e7d0b538
modified,.\Records\mouse_data_log\mouse_data_log_2025-01-11_12-58-57.csv,1736580551.9412823,False,31cf75c0212ff6cfb9c49a381acb9937
modified,.\Records\file_access_log\file_access_log_2025-01-11_12-58-56.csv,1736580551.9572427,False,959c05591133b82c0583783149db32af
modified,.\Records\mouse_data_log\mouse_data_log_2025-01-11_12-58-57.csv,1736580551.9582376,False,31cf75c0212ff6cfb9c49a381acb9937
modified,.\Records\file_access_log\file_access_log_2025-01-11_12-58-56.csv,1736580551.9771874,False,fbb12227b32fdbe068804e1a8a605a4a
modified,.\Records\mouse_data_log\mouse_data_log_2025-01-11_12-58-57.csv,1736580551.9941425,False,fda60231091215df825ea052f31a36c0
modified,.\Records\file_access_log\file_access_log_2025-01-11_12-58-56.csv,1736580552.014088,False,47e45f72cd8e4685ac64155dcfc98fcf
modified,.\Records\mouse_data_log\mouse_data_log_2025-01-11_12-58-57.csv,1736580552.0350323,False,2a5d8f1c0a293645b6912d2391ec7697
modified,.\Records\file_access_log\file_access_log_2025-01-11_12-58-56.csv,1736580552.0479982,False,08aa5bbc305eb730cce158470cc4da0e
modified,.\Records\mouse_data_log\mouse_data_log_2025-01-11_12-58-57.csv,1736580552.0699403,False,1a9f183132761185381573d60c3c8a59
modified,.\Records\file_access_log\file_access_log_2025-01-11_12-58-56.csv,1736580552.087897,False,8493606cbee69814643d6ebfc4df4b11
modified,.\Records\mouse_data_log\mouse_data_log_2025-01-11_12-58-57.csv,1736580552.1078396,False,1a9f183132761185381573d60c3c8a59
modified,.\Records\file_access_log\file_access_log_2025-01-11_12-58-56.csv,1736580552.1267881,False,81df6344bae8efaf06fe4653427d72ae
modified,.\Records\mouse_data_log\mouse_data_log_2025-01-11_12-58-57.csv,1736580552.1287808,False,1a9f183132761185381573d60c3c8a59
modified,.\Records\file_access_log\file_access_log_2025-01-11_12-58-56.csv,1736580552.1467361,False,f00ae9c132b74d3342cd33663c0b6e44
modified,.\Records\mouse_data_log\mouse_data_log_2025-01-11_12-58-57.csv,1736580552.1477323,False,1a9f183132761185381573d60c3c8a59
modified,.\Records\file_access_log\file_access_log_2025-01-11_12-58-56.csv,1736580552.1656864,False,b65e8481dd54f49cd32f6a52d36eb33a
modified,.\Records\mouse_data_log\mouse_data_log_2025-01-11_12-58-57.csv,1736580552.1666837,False,1a9f183132761185381573d60c3c8a59
modified,.\Records\file_access_log\file_access_log_2025-01-11_12-58-56.csv,1736580552.1946049,False,2aac6986d2044bfaf306b2c3cfbd05d7
modified,.\Records\mouse_data_log\mouse_data_log_2025-01-11_12-58-57.csv,1736580552.2185404,False,344aab71f663585f9c1fef191c8404d0
modified,.\Records\file_access_log\file_access_log_2025-01-11_12-58-56.csv,1736580552.2514555,False,c9be90975df096d35fcd14636373b70c
modified,.\Records\mouse_data_log\mouse_data_log_2025-01-11_12-58-57.csv,1736580552.2694056,False,70526af33f3d16ecc0ad64496d4b549a
modified,.\Records\file_access_log\file_access_log_2025-01-11_12-58-56.csv,1736580552.2873566,False,fbfa65fa2f8569ee91157300f221ba0e
modified,.\Records\mouse_data_log\mouse_data_log_2025-01-11_12-58-57.csv,1736580552.2883554,False,70526af33f3d16ecc0ad64496d4b549a
modified,.\Records\file_access_log\file_access_log_2025-01-11_12-58-56.csv,1736580552.302319,False,63bbb1c1087e00b54bb0dfa1cc92c10e
modified,.\Records\mouse_data_log\mouse_data_log_2025-01-11_12-58-57.csv,1736580552.3033159,False,70526af33f3d16ecc0ad64496d4b549a
modified,.\Records\file_access_log\file_access_log_2025-01-11_12-58-56.csv,1736580552.320269,False,4f4a4c9035760d64d6d80105f02e04b0
modified,.\Records\mouse_data_log\mouse_data_log_2025-01-11_12-58-57.csv,1736580552.3222706,False,70526af33f3d16ecc0ad64496d4b549a
modified,.\Records\file_access_log\file_access_log_2025-01-11_12-58-56.csv,1736580552.34022,False,7e63b8ecf7a7d7a3d7a871a77f375973
modified,.\Records\mouse_data_log\mouse_data_log_2025-01-11_12-58-57.csv,1736580552.342213,False,70526af33f3d16ecc0ad64496d4b549a
modified,.\Records\file_access_log\file_access_log_2025-01-11_12-58-56.csv,1736580552.3551831,False,6108aede81d4c2374cfd4c29df93df7f
modified,.\Records\mouse_data_log\mouse_data_log_2025-01-11_12-58-57.csv,1736580552.3571718,False,70526af33f3d16ecc0ad64496d4b549a
modified,.\Records\file_access_log\file_access_log_2025-01-11_12-58-56.csv,1736580552.382104,False,715e7d842e42d988dba6804b9a213fbf
modified,.\Records\mouse_data_log\mouse_data_log_2025-01-11_12-58-57.csv,1736580552.4040456,False,d546e98962fee58737d67de9f20569e8
modified,.\Records\file_access_log\file_access_log_2025-01-11_12-58-56.csv,1736580552.4180086,False,69b3a7bd6801d7147d4406985180986c
modified,.\Records\mouse_data_log\mouse_data_log_2025-01-11_12-58-57.csv,1736580552.4339666,False,d546e98962fee58737d67de9f20569e8
modified,.\Records\file_access_log\file_access_log_2025-01-11_12-58-56.csv,1736580552.4559062,False,4257c476f0bf39a32fd31dc13f91daeb
modified,.\Records\mouse_data_log\mouse_data_log_2025-01-11_12-58-57.csv,1736580552.47685,False,3b7c24cdf5a5439870328c59d11f845c
modified,.\Records\file_access_log\file_access_log_2025-01-11_12-58-56.csv,1736580552.4967983,False,5e50235a0a68574d45f988dad700116d
modified,.\Records\mouse_data_log\mouse_data_log_2025-01-11_12-58-57.csv,1736580552.517742,False,e5c3ad6cd036e9ffdc95296f63531aeb
modified,.\Records\file_access_log\file_access_log_2025-01-11_12-58-56.csv,1736580552.5356922,False,72418fed75151bdf26806bfd9169a494
modified,.\Records\mouse_data_log\mouse_data_log_2025-01-11_12-58-57.csv,1736580552.5706027,False,a2efb8d8cbf188f00344a71c4786b621
modified,.\Records\file_access_log\file_access_log_2025-01-11_12-58-56.csv,1736580552.5925415,False,14772a93ef051263c2c46f98cc948b99
modified,.\Records\mouse_data_log\mouse_data_log_2025-01-11_12-58-57.csv,1736580552.6075013,False,801042da4f5f8cdf514fce3fac5543a8
modified,.\Records\file_access_log\file_access_log_2025-01-11_12-58-56.csv,1736580552.6274483,False,1cc662ef598096181ffab85dc397c1ed
modified,.\Records\mouse_data_log\mouse_data_log_2025-01-11_12-58-57.csv,1736580552.6464016,False,89b67dd784f416897a23a8d69a460074
modified,.\Records\file_access_log\file_access_log_2025-01-11_12-58-56.csv,1736580552.6673405,False,2f6b8d3bc75a3f6fe0705116b1992909
modified,.\Records\mouse_data_log\mouse_data_log_2025-01-11_12-58-57.csv,1736580552.687287,False,361d60e74c0ae23fd235c6efe9ff7a45
modified,.\Records\file_access_log\file_access_log_2025-01-11_12-58-56.csv,1736580552.708233,False,9374ce4f37bc955381ed9eb142ab27d7
modified,.\Records\mouse_data_log\mouse_data_log_2025-01-11_12-58-57.csv,1736580552.7321668,False,aec0d1faea4dd4f4f8fe178fd1ca27f0
modified,.\Records\file_access_log\file_access_log_2025-01-11_12-58-56.csv,1736580552.752116,False,ddd3214ff0a86e552ae401c0ac1faef6
modified,.\Records\mouse_data_log\mouse_data_log_2025-01-11_12-58-57.csv,1736580552.7760515,False,0d83e0ef6d22ad6669cedb40f4baa00d
modified,.\Records\file_access_log\file_access_log_2025-01-11_12-58-56.csv,1736580552.7959974,False,38e488f8ada4be6359093c00aca5cebf
modified,.\Records\mouse_data_log\mouse_data_log_2025-01-11_12-58-57.csv,1736580552.8159423,False,5d4163b44f31c8cccff4dedc866d07d3
modified,.\Records\file_access_log\file_access_log_2025-01-11_12-58-56.csv,1736580552.8438687,False,e4bcc3f7c65a31da1b2f40ada3e68aa7
modified,.\Records\mouse_data_log\mouse_data_log_2025-01-11_12-58-57.csv,1736580552.8658104,False,d04a052efac63e9cb1d6b2e1802f8ec1
modified,.\Records\file_access_log\file_access_log_2025-01-11_12-58-56.csv,1736580552.882764,False,3930a79edc1ef66342abae94e5ffed13
modified,.\Records\mouse_data_log\mouse_data_log_2025-01-11_12-58-57.csv,1736580552.9007173,False,37cfa1ab134dc0e01ddf2fc789578080
modified,.\Records\file_access_log\file_access_log_2025-01-11_12-58-56.csv,1736580552.9186685,False,852db79c5c753d564c6d09988ac0779d
modified,.\Records\mouse_data_log\mouse_data_log_2025-01-11_12-58-57.csv,1736580552.9386177,False,5ad835bf1f96ab3264d11e6b1d7c4a22
modified,.\Records\file_access_log\file_access_log_2025-01-11_12-58-56.csv,1736580552.9615538,False,32dde70f5d63747d172621bd1d510301
modified,.\Records\mouse_data_log\mouse_data_log_2025-01-11_12-58-57.csv,1736580552.9854918,False,416469c991cdd09085c8a652edb782dc
modified,.\Records\file_access_log\file_access_log_2025-01-11_12-58-56.csv,1736580553.006434,False,1609b34699109ea802b85897c0c25abe
modified,.\Records\mouse_data_log\mouse_data_log_2025-01-11_12-58-57.csv,1736580553.0283751,False,54596d890ae5ddd3c900d5fbe7a84bee
modified,.\Records\file_access_log\file_access_log_2025-01-11_12-58-56.csv,1736580553.0473247,False,72d290818d58c8274b35ee95e8c63023
modified,.\Records\mouse_data_log\mouse_data_log_2025-01-11_12-58-57.csv,1736580553.0692656,False,54596d890ae5ddd3c900d5fbe7a84bee
modified,.\Records\file_access_log\file_access_log_2025-01-11_12-58-56.csv,1736580553.0882173,False,514e0e33e16a45586c1cf0ac3cb8efe9
modified,.\Records\mouse_data_log\mouse_data_log_2025-01-11_12-58-57.csv,1736580553.0892131,False,54596d890ae5ddd3c900d5fbe7a84bee
modified,.\Records\file_access_log\file_access_log_2025-01-11_12-58-56.csv,1736580553.1051693,False,c62353e4df3ad047c37101537fb08c87
modified,.\Records\mouse_data_log\mouse_data_log_2025-01-11_12-58-57.csv,1736580553.1061673,False,54596d890ae5ddd3c900d5fbe7a84bee
modified,.\Records\file_access_log\file_access_log_2025-01-11_12-58-56.csv,1736580553.118138,False,6d948133f06f6c5f874adce219a0cf3a
modified,.\Records\mouse_data_log\mouse_data_log_2025-01-11_12-58-57.csv,1736580553.119132,False,54596d890ae5ddd3c900d5fbe7a84bee
modified,.\Records\file_access_log\file_access_log_2025-01-11_12-58-56.csv,1736580553.1390789,False,ad6711650a9ddf7e24fd99ba7ee0880d
modified,.\Records\mouse_data_log\mouse_data_log_2025-01-11_12-58-57.csv,1736580553.140076,False,54596d890ae5ddd3c900d5fbe7a84bee
modified,.\Records\file_access_log\file_access_log_2025-01-11_12-58-56.csv,1736580553.1590304,False,b5faad05d82192328f42590ca00e68bf
modified,.\Records\mouse_data_log\mouse_data_log_2025-01-11_12-58-57.csv,1736580553.1600232,False,54596d890ae5ddd3c900d5fbe7a84bee
modified,.\Records\file_access_log\file_access_log_2025-01-11_12-58-56.csv,1736580553.1749837,False,20179a00e6cb3c2b3dd0a1f4b2c76123
modified,.\Records\mouse_data_log\mouse_data_log_2025-01-11_12-58-57.csv,1736580553.1759813,False,54596d890ae5ddd3c900d5fbe7a84bee
modified,.\Records\file_access_log\file_access_log_2025-01-11_12-58-56.csv,1736580553.1949298,False,9c0b8491b2d66ff834776d1342b887be
modified,.\Records\mouse_data_log\mouse_data_log_2025-01-11_12-58-57.csv,1736580553.1959264,False,54596d890ae5ddd3c900d5fbe7a84bee
modified,.\Records\file_access_log\file_access_log_2025-01-11_12-58-56.csv,1736580553.2108903,False,7231bab2a79a5319441ea6a2fa8d211d
modified,.\Records\mouse_data_log\mouse_data_log_2025-01-11_12-58-57.csv,1736580553.211885,False,54596d890ae5ddd3c900d5fbe7a84bee
modified,.\Records\file_access_log\file_access_log_2025-01-11_12-58-56.csv,1736580553.2298367,False,00d491695d767609fc07cf43ccfedb8b
modified,.\Records\mouse_data_log\mouse_data_log_2025-01-11_12-58-57.csv,1736580553.230836,False,54596d890ae5ddd3c900d5fbe7a84bee
modified,.\Records\file_access_log\file_access_log_2025-01-11_12-58-56.csv,1736580553.243801,False,52a01f60d63ee1915d2e9b2fd6aff54b
modified,.\Records\mouse_data_log\mouse_data_log_2025-01-11_12-58-57.csv,1736580553.2447991,False,54596d890ae5ddd3c900d5fbe7a84bee
modified,.\Records\file_access_log\file_access_log_2025-01-11_12-58-56.csv,1736580553.2567656,False,2121299032e9957ac54879b152c613e1
modified,.\Records\mouse_data_log\mouse_data_log_2025-01-11_12-58-57.csv,1736580553.2577612,False,54596d890ae5ddd3c900d5fbe7a84bee
modified,.\Records\file_access_log\file_access_log_2025-01-11_12-58-56.csv,1736580553.2707267,False,3f57ca77d73f8c16b4ac14a9742d141f
modified,.\Records\mouse_data_log\mouse_data_log_2025-01-11_12-58-57.csv,1736580553.2717242,False,54596d890ae5ddd3c900d5fbe7a84bee
modified,.\Records\file_access_log\file_access_log_2025-01-11_12-58-56.csv,1736580553.2836938,False,9f9c09a418cde69476e25d4f8c9cbb2c
modified,.\Records\file_access_log\file_access_log_2025-01-11_12-58-56.csv,1736580553.3026419,False,b7b95a2e5ead0b89dca6d7ae75db82af
modified,.\Records\file_access_log\file_access_log_2025-01-11_12-58-56.csv,1736580553.32558,False,ff55086e9065a70c82f3d7bb553dfa50
modified,.\Records\mouse_data_log\mouse_data_log_2025-01-11_12-58-57.csv,1736580553.3515134,False,e0291327befbcca192cf8bd4750bab66
modified,.\Records\file_access_log\file_access_log_2025-01-11_12-58-56.csv,1736580553.3764446,False,3309215f6a8c2852e205a785fdd989e6
modified,.\Records\mouse_data_log\mouse_data_log_2025-01-11_12-58-57.csv,1736580553.3943977,False,e0291327befbcca192cf8bd4750bab66
modified,.\Records\file_access_log\file_access_log_2025-01-11_12-58-56.csv,1736580553.4123473,False,6dc560d7e33bb1d15f8f5abefc17d44d
modified,.\Records\file_access_log\file_access_log_2025-01-11_12-58-56.csv,1736580553.4332933,False,622237bd1e5db68540e12a4127ec9e2e
modified,.\Records\file_access_log\file_access_log_2025-01-11_12-58-56.csv,1736580553.4532387,False,9c1033b6de1b98ad419bbf206a1b6eef
modified,.\Records\file_access_log\file_access_log_2025-01-11_12-58-56.csv,1736580553.486151,False,331e391f2022434252ae72ab1ef02baa
modified,.\Records\file_access_log\file_access_log_2025-01-11_12-58-56.csv,1736580553.5260549,False,a327646d9405ad0630470126ace9fa8f
modified,.\Records\mouse_data_log\mouse_data_log_2025-01-11_12-58-57.csv,1736580553.556961,False,512b4e31e2ceb56351e5d045fc639072
modified,.\Records\file_access_log\file_access_log_2025-01-11_12-58-56.csv,1736580553.5868824,False,f3578406997f6b3febc50d5a21dc1ed7
modified,.\Records\file_access_log\file_access_log_2025-01-11_12-58-56.csv,1736580553.612812,False,61f708c9d9a26e08b3b965d1be2e70d0
modified,.\Records\mouse_data_log\mouse_data_log_2025-01-11_12-58-57.csv,1736580553.6487155,False,ded9f760a1c6cdcb50705cab254a4140
modified,.\Records\file_access_log\file_access_log_2025-01-11_12-58-56.csv,1736580553.6806314,False,54670756ed67e3fb1cae8d2a1b3bb2b8
modified,.\Records\mouse_data_log\mouse_data_log_2025-01-11_12-58-57.csv,1736580553.7025719,False,7177bd7e48635318a0545692d65d7c10
modified,.\Records\file_access_log\file_access_log_2025-01-11_12-58-56.csv,1736580553.7424655,False,172f3560d6dd40db8b13c405ad584236
modified,.\Records\mouse_data_log\mouse_data_log_2025-01-11_12-58-57.csv,1736580553.765403,False,1ddc14ef0f654cef74091db528da6288
modified,.\Records\file_access_log\file_access_log_2025-01-11_12-58-56.csv,1736580553.793329,False,13ee5b756e3f70f3a2febd4e43f7d417
modified,.\Records\mouse_data_log\mouse_data_log_2025-01-11_12-58-57.csv,1736580553.7953231,False,1ddc14ef0f654cef74091db528da6288
modified,.\Records\file_access_log\file_access_log_2025-01-11_12-58-56.csv,1736580553.8172655,False,7a25f4959d263771af98a76f4c2ebb1f
modified,.\Records\file_access_log\file_access_log_2025-01-11_12-58-56.csv,1736580553.8312283,False,5f4694784dcebfdaaf86306fb4f7756b
modified,.\Records\file_access_log\file_access_log_2025-01-11_12-58-56.csv,1736580553.8511734,False,b441c3b7d6ccfc0d7915688fb5bdffc9
