event,x,y,speed,button,time,scroll,session_id
move,1642,152,0,,1736412789.8626854,,1736412788
move,1641,152,0,,1736412789.8642237,,1736412788
move,1641,151,650.0781153130812,,1736412789.8642237,,1736412788
move,1641,150,627.9838299146579,,1736412789.86638,,1736412788
move,1640,150,931.4465911614479,,1736412789.8668897,,1736412788
move,1640,151,642.7067116150781,,1736412789.8684456,,1736412788
move,1640,156,3163.1251885369534,,1736412789.8700264,,1736412788
move,1640,159,0,,1736412789.8700264,,1736412788
move,1640,163,2886.6510667584307,,1736412789.8724947,,1736412788
move,1640,164,923.6520590178375,,1736412789.8724947,,1736412788
move,1640,166,1267.7358319480127,,1736412789.8740723,,1736412788
move,1640,168,0,,1736412789.8740723,,1736412788
move,1640,171,1857.5305580159434,,1736412789.8756874,,1736412788
move,1640,173,0,,1736412789.8772438,,1736412788
move,1640,174,642.5098039215686,,1736412789.8772438,,1736412788
move,1640,177,1886.2107630040473,,1736412789.8788342,,1736412788
move,1640,178,0,,1736412789.8788342,,1736412788
move,1640,178,0.0,,1736412789.8804076,,1736412788
move,1640,179,758.4636528028933,,1736412789.881726,,1736412788
move,1640,180,0,,1736412789.881726,,1736412788
move,1640,182,1270.2313749242883,,1736412789.8833005,,1736412788
move,1640,185,1888.475461503827,,1736412789.8848891,,1736412788
move,1640,188,1921.6420281001833,,1736412789.8864503,,1736412788
move,1640,190,1278.556317634507,,1736412789.8880146,,1736412788
move,1640,191,989.9230587679962,,1736412789.8890247,,1736412788
move,1640,194,5890.876404494382,,1736412789.889534,,1736412788
move,1640,196,0,,1736412789.889534,,1736412788
move,1640,197,615.0907757735738,,1736412789.8921692,,1736412788
move,1640,199,1314.6227863971164,,1736412789.8926811,,1736412788
move,1639,201,1891.2580887879167,,1736412789.8938634,,1736412788
move,1639,202,0,,1736412789.8938634,,1736412788
move,1639,203,630.4379978956862,,1736412789.8954496,,1736412788
move,1638,204,901.0544738744832,,1736412789.8970191,,1736412788
move,1638,206,0,,1736412789.8970191,,1736412788
move,1636,208,1791.495500306772,,1736412789.898598,,1736412788
move,1636,209,0,,1736412789.898598,,1736412788
move,1635,210,900.9176186992288,,1736412789.9001677,,1736412788
move,1635,213,1918.1268292682928,,1736412789.9017317,,1736412788
move,1635,214,1907.368804001819,,1736412789.902256,,1736412788
move,1634,215,1403.9388405954373,,1736412789.9032633,,1736412788
move,1634,216,640.7430491903452,,1736412789.904824,,1736412788
move,1634,219,0,,1736412789.904824,,1736412788
move,1631,220,1937.4165701365578,,1736412789.9064562,,1736412788
move,1631,221,0,,1736412789.9080238,,1736412788
move,1631,224,1913.7508745247148,,1736412789.9080238,,1736412788
move,1630,225,892.5130306222875,,1736412789.9096084,,1736412788
move,1630,226,0,,1736412789.9109714,,1736412788
move,1629,227,1037.5444466530912,,1736412789.9109714,,1736412788
move,1629,228,751.802115074386,,1736412789.9123015,,1736412788
move,1629,230,1256.3438670061405,,1736412789.9138935,,1736412788
move,1628,232,0,,1736412789.9138935,,1736412788
move,1627,233,926.5294597806502,,1736412789.9154198,,1736412788
move,1627,235,0,,1736412789.9170015,,1736412788
move,1626,236,894.1274648049024,,1736412789.9170015,,1736412788
move,1626,237,638.4996194245699,,1736412789.9185677,,1736412788
move,1624,240,0,,1736412789.920127,,1736412788
move,1624,241,641.3308868501529,,1736412789.920127,,1736412788
move,1623,244,1962.3544665120394,,1736412789.9217384,,1736412788
move,1623,245,893.3554845580404,,1736412789.9228578,,1736412788
move,1622,247,0,,1736412789.9228578,,1736412788
move,1622,248,634.4432007260626,,1736412789.924434,,1736412788
move,1621,251,0,,1736412789.9259584,,1736412788
move,1619,252,1466.804639083403,,1736412789.9259584,,1736412788
move,1619,254,1273.5096402003946,,1736412789.9275289,,1736412788
move,1618,256,0,,1736412789.9291036,,1736412788
move,1617,258,1419.9468375926235,,1736412789.9291036,,1736412788
move,1617,261,1910.5545095657455,,1736412789.9306738,,1736412788
move,1617,262,0,,1736412789.9306738,,1736412788
move,1616,264,1422.3155690475096,,1736412789.932246,,1736412788
move,1614,267,3570.0609388299604,,1736412789.933256,,1736412788
move,1613,268,1088.774155931667,,1736412789.9345548,,1736412788
move,1613,271,0,,1736412789.9360805,,1736412788
move,1612,273,1465.658518877837,,1736412789.9360805,,1736412788
move,1611,274,856.5547439011874,,1736412789.9377315,,1736412788
move,1611,277,0,,1736412789.9377315,,1736412788
move,1609,280,2427.0226507597035,,1736412789.939217,,1736412788
move,1608,282,1418.8727477003447,,1736412789.940793,,1736412788
move,1608,283,0,,1736412789.940793,,1736412788
move,1607,286,1977.8636801602856,,1736412789.9423919,,1736412788
move,1607,289,2828.8920863309354,,1736412789.9434524,,1736412788
move,1606,290,0,,1736412789.9450386,,1736412788
move,1604,294,2819.4044377872474,,1736412789.9450386,,1736412788
move,1604,296,1313.5934857500783,,1736412789.946561,,1736412788
move,1603,297,0,,1736412789.948096,,1736412788
move,1603,300,1954.475302889096,,1736412789.948096,,1736412788
move,1602,302,1717.4050288041162,,1736412789.949398,,1736412788
move,1602,305,1904.4819131224458,,1736412789.9509733,,1736412788
move,1601,306,1335.9553156566942,,1736412789.9520319,,1736412788
move,1601,309,0,,1736412789.9520319,,1736412788
move,1599,313,2723.609369042915,,1736412789.9536738,,1736412788
move,1598,314,0,,1736412789.9536738,,1736412788
move,1597,317,1967.0108021881765,,1736412789.9552815,,1736412788
move,1597,319,1807.8896551724138,,1736412789.9569144,,1736412788
move,1597,322,1956.9069984447901,,1736412789.9579208,,1736412788
move,1596,324,0,,1736412789.9579208,,1736412788
move,1594,327,2239.747946813346,,1736412789.9595306,,1736412788
move,1594,330,0,,1736412789.9611049,,1736412788
move,1593,332,1420.3769290170042,,1736412789.9611049,,1736412788
move,1591,335,2861.9943483882876,,1736412789.9623647,,1736412788
move,1591,338,1908.8155339805826,,1736412789.9639363,,1736412788
move,1590,340,2025.647702440449,,1736412789.9650402,,1736412788
move,1590,343,0,,1736412789.9650402,,1736412788
move,1589,346,2034.5994537743327,,1736412789.9665945,,1736412788
move,1589,348,0,,1736412789.9665945,,1736412788
move,1587,351,2291.6772445648903,,1736412789.9681678,,1736412788
move,1586,354,1958.8766562036442,,1736412789.969782,,1736412788
move,1586,356,0,,1736412789.969782,,1736412788
move,1585,357,899.4149509500717,,1736412789.9713545,,1736412788
move,1584,361,2639.0292107356413,,1736412789.9729168,,1736412788
move,1584,363,0,,1736412789.9729168,,1736412788
move,1582,365,1799.6485441491877,,1736412789.9744885,,1736412788
move,1581,369,3710.267843370662,,1736412789.9755998,,1736412788
move,1581,372,0,,1736412789.9771614,,1736412788
move,1580,373,905.5941376359882,,1736412789.9771614,,1736412788
move,1580,376,2596.5563351217497,,1736412789.9783168,,1736412788
move,1578,378,2576.1744197679577,,1736412789.9794147,,1736412788
move,1577,381,2654.8346355394065,,1736412789.9806058,,1736412788
move,1575,385,0,,1736412789.982181,,1736412788
move,1575,387,1269.6546087482973,,1736412789.982181,,1736412788
move,1574,389,1423.827062744691,,1736412789.9837515,,1736412788
move,1573,390,1309.7022745673928,,1736412789.9848313,,1736412788
move,1573,394,0,,1736412789.9848313,,1736412788
move,1572,395,789.2019161143857,,1736412789.9866233,,1736412788
move,1571,399,3674.7892940821625,,1736412789.9877453,,1736412788
move,1571,402,2885.9889908256882,,1736412789.9887848,,1736412788
move,1570,403,2686.4318847444397,,1736412789.9893112,,1736412788
move,1568,407,2858.9388392925707,,1736412789.9908755,,1736412788
move,1567,408,0,,1736412789.9908755,,1736412788
move,1566,410,1430.3414461337927,,1736412789.9924388,,1736412788
move,1566,413,1906.5018181818182,,1736412789.9940124,,1736412788
move,1564,416,0,,1736412789.9940124,,1736412788
move,1564,418,1393.2250456734762,,1736412789.9954479,,1736412788
move,1563,421,1997.8240456627316,,1736412789.9970307,,1736412788
move,1563,422,0,,1736412789.9970307,,1736412788
move,1562,425,2013.5955426073895,,1736412789.9991198,,1736412788
move,1562,427,3856.831264367816,,1736412790.0001285,,1736412788
move,1559,428,3134.8508246643523,,1736412790.0001285,,1736412788
move,1559,431,1705.9262472885032,,1736412790.001887,,1736412788
move,1558,434,0,,1736412790.001887,,1736412788
move,1558,436,1269.6546087482973,,1736412790.0034623,,1736412788
move,1558,437,744.5950647967335,,1736412790.0048053,,1736412788
move,1556,440,0,,1736412790.0059652,,1736412788
move,1556,443,2586.4156217882837,,1736412790.0059652,,1736412788
move,1555,445,1426.6426623515788,,1736412790.0075326,,1736412788
move,1555,446,0,,1736412790.0090837,,1736412788
move,1554,449,2038.6648999623233,,1736412790.0090837,,1736412788
move,1554,451,1263.5348697092936,,1736412790.0106666,,1736412788
move,1554,453,1982.6537461593005,,1736412790.0116754,,1736412788
move,1553,455,4392.856609976243,,1736412790.0121844,,1736412788
move,1553,456,637.7229740003041,,1736412790.0137525,,1736412788
move,1551,460,0,,1736412790.0137525,,1736412788
move,1550,463,1172.1062070656483,,1736412790.0164504,,1736412788
move,1550,465,1403.2465707594513,,1736412790.0178757,,1736412788
move,1550,467,0,,1736412790.0178757,,1736412788
move,1549,469,1470.0233326487896,,1736412790.0193968,,1736412788
move,1548,470,0,,1736412790.0209737,,1736412788
move,1548,473,1902.466283640762,,1736412790.0209737,,1736412788
move,1548,474,626.0155223880597,,1736412790.022571,,1736412788
move,1548,475,930.2071412730095,,1736412790.023646,,1736412788
move,1546,476,1713.3264271646472,,1736412790.0249512,,1736412788
move,1546,478,3847.9853211009176,,1736412790.025471,,1736412788
move,1546,480,1978.445283018868,,1736412790.0264819,,1736412788
move,1546,482,0,,1736412790.0264819,,1736412788
move,1545,483,873.1991169609483,,1736412790.0281014,,1736412788
move,1545,484,630.3432521791403,,1736412790.029688,,1736412788
move,1545,485,0,,1736412790.0312524,,1736412788
move,1545,488,1917.5422127400184,,1736412790.0312524,,1736412788
move,1545,489,598.0755739341223,,1736412790.0329244,,1736412788
move,1544,491,1416.7294353926402,,1736412790.0345027,,1736412788
move,1544,494,1403.7161981258366,,1736412790.03664,,1736412788
move,1544,495,474.0397830018083,,1736412790.0387495,,1736412788
move,1544,496,0,,1736412790.0387495,,1736412788
move,1544,497,630.2485349361383,,1736412790.0403361,,1736412788
move,1544,499,1307.4513715710723,,1736412790.0418658,,1736412788
move,1544,500,0,,1736412790.0418658,,1736412788
move,1544,501,640.6451809989308,,1736412790.0434268,,1736412788
move,1544,502,635.2118733908829,,1736412790.045001,,1736412788
move,1544,503,633.7721365971593,,1736412790.0472114,,1736412788
move,1544,504,841.0475235612593,,1736412790.0477679,,1736412788
move,1544,505,0,,1736412790.0477679,,1736412788
move,1544,507,1286.7936800122718,,1736412790.0493221,,1736412788
move,1544,508,323.65954163129874,,1736412790.0524118,,1736412788
move,1544,509,0,,1736412790.0539927,,1736412788
move,1544,510,317.8225354247177,,1736412790.0555582,,1736412788
move,1544,511,797.2446302984224,,1736412790.0568125,,1736412788
move,1544,512,366.9236287288951,,1736412790.059538,,1736412788
move,1544,513,639.7657107992678,,1736412790.061101,,1736412788
move,1544,515,1111.0739072847682,,1736412790.063908,,1736412788
move,1544,516,201.81417504691333,,1736412790.067856,,1736412788
move,1544,517,919.1987727372343,,1736412790.068944,,1736412788
move,1544,518,128.32896830253335,,1736412790.0767365,,1736412788
move,1544,518,0.0,,1736412790.0798986,,1736412788
move,1544,519,632.0530440024111,,1736412790.0814807,,1736412788
move,1544,519,0.0,,1736412790.141289,,1736412788
move,1544,518,11.339174630638425,,1736412790.2310586,,1736412788
move,1544,517,3.989021001234472,,1736412790.480167,,1736412788
move,1544,517,0.0,,1736412790.5746844,,1736412788
move,1544,518,260.33790577866057,,1736412790.5785255,,1736412788
move,1545,518,42.397541646449945,,1736412790.6021118,,1736412788
move,1545,519,5.02832754889796,,1736412790.8020947,,1736412788
move,1545,519,0.0,,1736412790.808191,,1736412788
move,1545,520,613.740708223588,,1736412790.808191,,1736412788
move,1545,521,230.64635688754467,,1736412790.8140411,,1736412788
move,1545,522,245.95695772004925,,1736412790.818191,,1736412788
move,1544,522,625.5486950037285,,1736412790.818191,,1736412788
move,1544,524,354.59305913683056,,1736412790.8238313,,1736412788
move,1543,525,301.08327503759824,,1736412790.8285284,,1736412788
move,1543,526,207.51553532554917,,1736412790.8333473,,1736412788
move,1542,526,637.4322188449848,,1736412790.835974,,1736412788
move,1542,527,379.91884057971015,,1736412790.8375483,,1736412788
move,1541,527,314.79315520864606,,1736412790.840725,,1736412788
move,1541,528,324.235003092146,,1736412790.8438091,,1736412788
move,1539,528,1273.5096402003946,,1736412790.8453796,,1736412788
move,1538,528,170.52789071393724,,1736412790.8512437,,1736412788
move,1537,528,383.98828160761695,,1736412790.853848,,1736412788
move,1537,529,643.4955507824486,,1736412790.855402,,1736412788
move,1536,529,244.40906707068353,,1736412790.8594935,,1736412788
move,1536,530,0,,1736412790.8610396,,1736412788
move,1535,530,173.261070720423,,1736412790.8652651,,1736412788
move,1534,532,356.7827771255479,,1736412790.8715324,,1736412788
move,1533,532,125.48779320248923,,1736412790.8795013,,1736412788
move,1533,533,0,,1736412790.881092,,1736412788
move,1532,533,111.84214175243987,,1736412790.8884425,,1736412788
move,1532,534,249.18631178707224,,1736412790.8924556,,1736412788
move,1530,534,182.17095205003474,,1736412790.9034343,,1736412788
move,1530,535,44.16637533433018,,1736412790.9270823,,1736412788
move,1530,536,115.05113012947115,,1736412790.9347677,,1736412788
move,1530,537,164.17990370689319,,1736412790.9408586,,1736412788
move,1530,538,138.33912727992347,,1736412790.9480872,,1736412788
move,1529,538,654.541822721598,,1736412790.949615,,1736412788
move,1529,540,463.53583466872965,,1736412790.9539297,,1736412788
move,1528,540,238.3804489911907,,1736412790.9581246,,1736412788
move,1528,541,250.4660217365341,,1736412790.9621172,,1736412788
move,1528,542,87.76163374623368,,1736412790.9735117,,1736412788
move,1527,542,310.02320940202526,,1736412790.9767373,,1736412788
move,1526,542,22.29388158629084,,1736412791.0215926,,1736412788
move,1526,543,76.87084654436157,,1736412791.0346014,,1736412788
move,1526,544,65.3633997724758,,1736412791.0499005,,1736412788
move,1525,544,124.91970455086967,,1736412791.0579057,,1736412788
move,1525,545,97.40377603864286,,1736412791.069178,,1736412788
move,1524,545,60.83285954632477,,1736412791.0846107,,1736412788
move,1524,546,203.44897167248737,,1736412791.0900407,,1736412788
move,1522,546,322.8622892771919,,1736412791.0957205,,1736412788
move,1522,548,470.29253798284464,,1736412791.0999732,,1736412788
move,1521,548,135.9668049792531,,1736412791.107328,,1736412788
move,1521,549,633.0069423483247,,1736412791.1089077,,1736412788
move,1520,549,746.8490028490029,,1736412791.1102467,,1736412788
move,1520,550,365.5804061710102,,1736412791.112982,,1736412788
move,1519,550,636.5615419638792,,1736412791.114553,,1736412788
move,1519,551,314.8167830068303,,1736412791.1177294,,1736412788
move,1518,551,643.1995092777181,,1736412791.1192842,,1736412788
move,1517,551,214.83911284126415,,1736412791.1239388,,1736412788
move,1517,552,643.1995092777181,,1736412791.1254935,,1736412788
move,1517,553,411.77145101119186,,1736412791.127922,,1736412788
move,1516,553,618.7201652161086,,1736412791.1295383,,1736412788
move,1514,553,643.7424602870079,,1736412791.1326451,,1736412788
move,1513,554,442.85811568730196,,1736412791.1358385,,1736412788
move,1513,555,321.52579532387887,,1736412791.1399605,,1736412788
move,1512,555,395.7637290054727,,1736412791.1414754,,1736412788
move,1512,557,319.60254505276794,,1736412791.1477332,,1736412788
move,1511,557,365.3574912891986,,1736412791.1504703,,1736412788
move,1510,557,660.2084054777271,,1736412791.151985,,1736412788
move,1510,558,86.44484748557296,,1736412791.163553,,1736412788
move,1509,558,319.34703822141006,,1736412791.168263,,1736412788
move,1508,559,137.66022886387992,,1736412791.1769576,,1736412788
move,1506,559,191.83169064007868,,1736412791.188969,,1736412788
move,1505,559,25.685597756194348,,1736412791.2263157,,1736412788
move,1505,560,11.48130385748229,,1736412791.3134139,,1736412788
move,1505,560,0.0,,1736412791.6880589,,1736412788
move,1505,559,7.892337799187114,,1736412791.8132186,,1736412788
move,1505,558,994.3821716453295,,1736412791.816017,,1736412788
move,1505,556,419.325568607848,,1736412791.8189938,,1736412788
move,1505,555,259.85403630506164,,1736412791.8228421,,1736412788
move,1504,555,636.9482156416097,,1736412791.824412,,1736412788
move,1504,553,0,,1736412791.825985,,1736412788
move,1504,552,317.67810346133456,,1736412791.82756,,1736412788
move,1504,551,307.00512370077587,,1736412791.8308172,,1736412788
move,1504,550,475.49076068472965,,1736412791.833928,,1736412788
move,1504,548,1320.2090022033365,,1736412791.8344352,,1736412788
move,1504,547,992.0302743614002,,1736412791.8370125,,1736412788
move,1504,546,318.8857294913708,,1736412791.8385792,,1736412788
move,1504,545,632.4342581423401,,1736412791.8401604,,1736412788
move,1504,544,640.6451809989308,,1736412791.8417213,,1736412788
move,1504,543,649.9773748644042,,1736412791.8432598,,1736412788
move,1504,542,604.2794986313212,,1736412791.8449147,,1736412788
move,1504,540,0,,1736412791.8449147,,1736412788
move,1504,539,637.2385293223944,,1736412791.846484,,1736412788
move,1504,538,844.9443996776793,,1736412791.8476675,,1736412788
move,1504,537,638.6940764428201,,1736412791.8492332,,1736412788
move,1504,536,638.1110603986003,,1736412791.8508003,,1736412788
move,1504,535,0,,1736412791.8508003,,1736412788
move,1504,534,633.9637243047158,,1736412791.8523777,,1736412788
move,1504,531,1971.6251958633657,,1736412791.8549175,,1736412788
move,1504,530,982.0426129712012,,1736412791.8549175,,1736412788
move,1504,528,1320.624685138539,,1736412791.8580143,,1736412788
move,1504,526,631.6722891566266,,1736412791.8595982,,1736412788
move,1504,525,0,,1736412791.8595982,,1736412788
move,1504,523,1235.6176167329504,,1736412791.8612168,,1736412788
move,1504,522,842.229718875502,,1736412791.8639302,,1736412788
move,1504,521,655.2576159975004,,1736412791.8639302,,1736412788
move,1504,519,1274.8644376899697,,1736412791.865499,,1736412788
move,1504,517,0,,1736412791.867066,,1736412788
move,1504,515,744.925672675606,,1736412791.8681839,,1736412788
move,1504,513,1266.3961352657004,,1736412791.8697631,,1736412788
move,1504,512,0,,1736412791.8697631,,1736412788
move,1504,511,638.1110603986003,,1736412791.8713303,,1736412788
move,1504,510,639.5706007929247,,1736412791.8728938,,1736412788
move,1504,509,0,,1736412791.8741379,,1736412788
move,1504,508,803.8144883096973,,1736412791.8741379,,1736412788
move,1504,507,637.2385293223944,,1736412791.8757071,,1736412788
move,1504,505,1224.7931084829902,,1736412791.87734,,1736412788
move,1504,504,0,,1736412791.87734,,1736412788
move,1504,502,1277.971968312005,,1736412791.878905,,1736412788
move,1504,501,635.2118733908829,,1736412791.8804793,,1736412788
move,1504,500,707.4218249283184,,1736412791.881893,,1736412788
move,1504,498,1737.4913007456503,,1736412791.883044,,1736412788
move,1504,497,0,,1736412791.883044,,1736412788
move,1504,496,767.2039509785989,,1736412791.8843474,,1736412788
move,1504,494,1444.817085773338,,1736412791.8857317,,1736412788
move,1504,493,1898.7342688999547,,1736412791.8862584,,1736412788
move,1504,491,1947.6684467146506,,1736412791.8872852,,1736412788
move,1504,490,636.3683811257775,,1736412791.8888566,,1736412788
move,1503,489,0,,1736412791.8888566,,1736412788
move,1503,488,639.180737580006,,1736412791.8904212,,1736412788
move,1503,487,657.2083986211219,,1736412791.8919427,,1736412788
move,1502,484,5185.12659857501,,1736412791.8925526,,1736412788
move,1502,482,935.8107987505578,,1736412791.8946898,,1736412788
move,1500,479,0,,1736412791.8946898,,1736412788
move,1500,477,1250.7243178768451,,1736412791.8962889,,1736412788
move,1500,475,1273.1230839277584,,1736412791.8978598,,1736412788
move,1499,474,1226.0524186679872,,1736412791.8990133,,1736412788
move,1499,472,0,,1736412791.8990133,,1736412788
move,1499,469,1915.7904993909865,,1736412791.9005792,,1736412788
move,1498,468,0,,1736412791.9021447,,1736412788
move,1497,466,1428.380880642595,,1736412791.9021447,,1736412788
move,1497,463,1923.698517046323,,1736412791.9037042,,1736412788
move,1496,462,0,,1736412791.9037042,,1736412788
move,1496,460,1314.6227863971164,,1736412791.9052255,,1736412788
move,1494,457,2304.950180899819,,1736412791.9067898,,1736412788
move,1494,454,0,,1736412791.9067898,,1736412788
move,1493,453,886.6429897631872,,1736412791.9083848,,1736412788
move,1492,451,0,,1736412791.9100144,,1736412788
move,1492,449,1227.3018288222386,,1736412791.9100144,,1736412788
move,1492,447,1264.6778230061811,,1736412791.9115958,,1736412788
move,1489,444,3192.487406628483,,1736412791.9129248,,1736412788
move,1489,442,0,,1736412791.9129248,,1736412788
move,1489,441,637.0449574726609,,1736412791.9144945,,1736412788
move,1488,438,3098.2372901553085,,1736412791.9155152,,1736412788
move,1487,435,0,,1736412791.917091,,1736412788
move,1487,433,1269.2703888636709,,1736412791.917091,,1736412788
move,1485,432,1423.394879693319,,1736412791.9186618,,1736412788
move,1485,429,0,,1736412791.9202228,,1736412788
move,1484,426,2025.897943967447,,1736412791.9202228,,1736412788
move,1483,425,905.8707393884732,,1736412791.921784,,1736412788
move,1483,423,0,,1736412791.921784,,1736412788
move,1482,420,2008.1080755722749,,1736412791.9233587,,1736412788
move,1480,417,2307.0599751157456,,1736412791.9249215,,1736412788
move,1480,416,989.9230587679962,,1736412791.9259317,,1736412788
move,1479,414,0,,1736412791.9259317,,1736412788
move,1478,411,2007.804093120629,,1736412791.9275067,,1736412788
move,1476,408,3142.0690082866636,,1736412791.9286542,,1736412788
move,1476,407,0,,1736412791.9286542,,1736412788
move,1475,405,1435.1566736494688,,1736412791.9302123,,1736412788
move,1474,402,2008.1080755722749,,1736412791.931787,,1736412788
move,1474,399,0,,1736412791.931787,,1736412788
move,1471,397,2311.9978805815185,,1736412791.9333465,,1736412788
move,1471,394,1844.1905320240364,,1736412791.9349732,,1736412788
move,1470,393,1407.9377169512752,,1736412791.9359777,,1736412788
move,1467,389,0,,1736412791.9359777,,1736412788
move,1467,388,636.5615419638792,,1736412791.9375486,,1736412788
move,1466,387,0,,1736412791.9391196,,1736412788
move,1465,383,2624.610474723123,,1736412791.9391196,,1736412788
move,1462,381,2362.195897670058,,1736412791.940646,,1736412788
move,1462,377,0,,1736412791.940646,,1736412788
move,1460,374,2220.346224766365,,1736412791.9422698,,1736412788
move,1459,372,1425.7751386894615,,1736412791.9438381,,1736412788
move,1458,370,0,,1736412791.9438381,,1736412788
move,1455,368,2281.306099997543,,1736412791.9454186,,1736412788
move,1454,365,3143.022236766558,,1736412791.9464247,,1736412788
move,1451,362,2720.936514456753,,1736412791.947984,,1736412788
move,1451,360,0,,1736412791.947984,,1736412788
move,1448,357,3631.617307050442,,1736412791.9491522,,1736412788
move,1445,354,2701.9320990809542,,1736412791.9507225,,1736412788
move,1444,351,0,,1736412791.9519703,,1736412788
move,1441,348,3399.870998193956,,1736412791.9519703,,1736412788
move,1439,347,1804.9940073709158,,1736412791.9532092,,1736412788
move,1436,343,4732.909049875874,,1736412791.9542656,,1736412788
move,1434,340,2324.7929495593717,,1736412791.9558165,,1736412788
move,1431,337,4205.843725962459,,1736412791.9568253,,1736412788
move,1429,336,0,,1736412791.9568253,,1736412788
move,1426,331,3418.616837623319,,1736412791.958531,,1736412788
move,1423,330,2871.5206406483817,,1736412791.9596322,,1736412788
move,1421,327,0,,1736412791.9611976,,1736412788
move,1419,324,2303.194964496453,,1736412791.9611976,,1736412788
move,1414,321,3715.1427702198425,,1736412791.9627671,,1736412788
move,1411,318,0,,1736412791.9627671,,1736412788
move,1407,315,3204.2047364400305,,1736412791.9643276,,1736412788
move,1404,313,2307.764098410455,,1736412791.96589,,1736412788
move,1399,310,5766.749553491446,,1736412791.966901,,1736412788
move,1397,307,0,,1736412791.966901,,1736412788
move,1394,304,2742.744267038712,,1736412791.968448,,1736412788
move,1389,302,3452.6166755156646,,1736412791.9700077,,1736412788
move,1383,299,0,,1736412791.9700077,,1736412788
move,1380,298,2031.1721040053408,,1736412791.9715645,,1736412788
move,1376,295,0,,1736412791.9715645,,1736412788
move,1373,292,2597.420056130078,,1736412791.973198,,1736412788
move,1367,289,4573.512124008101,,1736412791.9746647,,1736412788
move,1364,287,0,,1736412791.9746647,,1736412788
move,1358,286,3858.000183257212,,1736412791.9762414,,1736412788
move,1353,281,6986.621438769991,,1736412791.9772534,,1736412788
move,1349,280,2563.1478313251305,,1736412791.978862,,1736412788
move,1344,277,5239.24268559495,,1736412791.979975,,1736412788
move,1338,275,0,,1736412791.981045,,1736412788
move,1334,272,4672.798573975045,,1736412791.981045,,1736412788
move,1327,271,4539.058464581973,,1736412791.9826028,,1736412788
move,1323,269,0,,1736412791.9841728,,1736412788
move,1317,266,4272.778524965503,,1736412791.9841728,,1736412788
move,1310,265,4490.946094424381,,1736412791.9857473,,1736412788
move,1306,263,0,,1736412791.9872465,,1736412788
move,1300,260,3198.0275729595173,,1736412791.987845,,1736412788
move,1294,258,11089.927959159595,,1736412791.9884152,,1736412788
move,1287,257,0,,1736412791.989974,,1736412788
move,1283,255,2868.996287029452,,1736412791.989974,,1736412788
move,1277,252,3204.9489220751607,,1736412791.992067,,1736412788
move,1270,251,0,,1736412791.9930747,,1736412788
move,1266,249,4438.593877093837,,1736412791.9930747,,1736412788
move,1258,246,4991.107114902548,,1736412791.9947865,,1736412788
move,1251,244,0,,1736412791.9947865,,1736412788
move,1247,243,2579.972910331293,,1736412791.9963846,,1736412788
move,1241,241,5079.87508202025,,1736412791.9976296,,1736412788
move,1234,238,14639.2610453792,,1736412791.999161,,1736412788
move,1228,236,6254.918103822153,,1736412791.999161,,1736412788
move,1224,235,3127.2257536981297,,1736412792.0004795,,1736412788
move,1215,233,6525.408740364729,,1736412792.0018923,,1736412788
move,1211,232,0,,1736412792.0018923,,1736412788
move,1205,230,4001.6756189937773,,1736412792.0034728,,1736412788
move,1198,227,5490.351942423069,,1736412792.00486,,1736412788
move,1194,226,0,,1736412792.0062764,,1736412788
move,1186,224,5821.7668466422,,1736412792.0062764,,1736412788
move,1181,222,3415.031492474067,,1736412792.0078533,,1736412788
move,1177,221,7828.681945654439,,1736412792.00838,,1736412788
move,1169,219,8151.571255220672,,1736412792.0093915,,1736412788
move,1164,218,3259.19505363308,,1736412792.010956,,1736412788
move,1160,216,0,,1736412792.011966,,1736412788
move,1156,215,2716.123514677345,,1736412792.012474,,1736412788
move,1149,212,5847.12934303815,,1736412792.0137765,,1736412788
move,1145,212,0,,1736412792.0137765,,1736412788
move,1139,209,4298.235042300311,,1736412792.0153372,,1736412788
move,1132,207,4932.158622039869,,1736412792.0168133,,1736412788
move,1128,207,0,,1736412792.0168133,,1736412788
move,1124,204,2407.1992653810835,,1736412792.0188904,,1736412788
move,1119,204,8483.624595469255,,1736412792.0199983,,1736412788
move,1113,203,11730.094350289628,,1736412792.0199983,,1736412788
move,1110,201,2311.9978805815185,,1736412792.0215578,,1736412788
move,1104,200,4509.182610795324,,1736412792.0229068,,1736412788
move,1100,198,0,,1736412792.0229068,,1736412788
move,1096,197,2632.200672443022,,1736412792.0244732,,1736412788
move,1089,195,4543.89792098941,,1736412792.0260754,,1736412788
move,1087,195,0,,1736412792.0260754,,1736412788
move,1081,194,3892.136569318069,,1736412792.0276382,,1736412788
move,1076,192,0,,1736412792.0290742,,1736412788
move,1072,191,2871.2532654741253,,1736412792.0290742,,1736412788
move,1068,189,2797.5388105292404,,1736412792.0306728,,1736412788
move,1062,189,5499.524475524476,,1736412792.0317638,,1736412788
move,1059,188,0,,1736412792.0329332,,1736412788
move,1054,186,4604.896695458405,,1736412792.0340497,,1736412788
move,1050,186,3582.578688874653,,1736412792.0340497,,1736412788
move,1046,185,2568.477412438832,,1736412792.035655,,1736412788
move,1040,183,0,,1736412792.035655,,1736412788
move,1035,183,3192.0121765601216,,1736412792.0372214,,1736412788
move,1031,182,2573.4461931474193,,1736412792.0388236,,1736412788
move,1027,180,8479.881430650343,,1736412792.039351,,1736412788
move,1022,180,4672.798573975045,,1736412792.040421,,1736412788
move,1016,179,3910.031450096543,,1736412792.0419767,,1736412788
move,1010,177,0,,1736412792.0419767,,1736412788
move,1007,177,1913.4598540145985,,1736412792.0435445,,1736412788
move,1001,176,0,,1736412792.0451343,,1736412788
move,995,176,3774.118776244751,,1736412792.0461965,,1736412788
move,991,174,4210.4371996854225,,1736412792.0461965,,1736412788
move,985,174,3821.109019131491,,1736412792.0477667,,1736412788
move,981,173,0,,1736412792.0477667,,1736412788
move,976,173,2340.5714285714284,,1736412792.049903,,1736412788
move,968,171,14992.248303381582,,1736412792.050453,,1736412788
move,962,171,3842.110534351145,,1736412792.0520146,,1736412788
move,958,171,0,,1736412792.0520146,,1736412788
move,952,170,3895.107665935869,,1736412792.0535762,,1736412788
move,946,170,0,,1736412792.0551326,,1736412788
move,940,168,4063.5887987606848,,1736412792.0551326,,1736412788
move,933,167,5024.260207958429,,1736412792.05654,,1736412788
move,927,167,0,,1736412792.0580993,,1736412788
move,923,165,2868.1189181343357,,1736412792.0580993,,1736412788
move,915,165,5093.2653309046755,,1736412792.060195,,1736412788
move,909,165,11428.621253405994,,1736412792.060195,,1736412788
move,903,164,5646.957771553773,,1736412792.0612721,,1736412788
move,899,164,2702.5154639175257,,1736412792.0627522,,1736412788
move,891,164,0,,1736412792.0627522,,1736412788
move,884,162,4630.723995912775,,1736412792.0643244,,1736412788
move,880,162,2544.7013499165782,,1736412792.0658963,,1736412788
move,872,160,0,,1736412792.0658963,,1736412788
move,866,160,3718.904093394414,,1736412792.0675097,,1736412788
move,860,160,4378.949712893684,,1736412792.0688798,,1736412788
move,854,159,0,,1736412792.0688798,,1736412788
move,848,159,3940.780457250235,,1736412792.0704024,,1736412788
move,842,157,3938.1098097253193,,1736412792.0720084,,1736412788
move,836,157,0,,1736412792.0720084,,1736412788
move,831,156,3548.504719087485,,1736412792.0734453,,1736412788
move,825,156,3833.3319116527036,,1736412792.0750105,,1736412788
move,819,154,0,,1736412792.0750105,,1736412788
move,813,154,3853.2880110243455,,1736412792.0765676,,1736412788
move,807,154,0,,1736412792.0781338,,1736412788
move,803,154,2553.9984776982797,,1736412792.0781338,,1736412788
move,797,153,3854.5029780752293,,1736412792.079712,,1736412788
move,793,153,3900.770983492211,,1736412792.0807374,,1736412788
move,787,153,0,,1736412792.0807374,,1736412788
move,784,152,1987.6448133005956,,1736412792.0823283,,1736412788
move,776,152,4941.014872625534,,1736412792.0839474,,1736412788
move,772,152,0,,1736412792.0839474,,1736412788
move,767,152,3179.912054586808,,1736412792.0855198,,1736412788
move,763,152,2569.252067381317,,1736412792.0870767,,1736412788
move,759,150,0,,1736412792.0870767,,1736412788
move,753,150,3819.369251783275,,1736412792.0886476,,1736412788
move,748,150,0,,1736412792.0886476,,1736412788
move,746,150,1270.4237467817659,,1736412792.090222,,1736412788
move,742,149,2719.112958797273,,1736412792.0922446,,1736412788
move,739,149,2917.4384419197772,,1736412792.0927665,,1736412788
move,735,149,0,,1736412792.0927665,,1736412788
move,732,149,1907.6579745300182,,1736412792.0943391,,1736412788
move,728,147,2847.2218768364537,,1736412792.0959098,,1736412788
move,725,147,0,,1736412792.0959098,,1736412788
move,723,147,1262.0141417180682,,1736412792.0974946,,1736412788
move,720,147,0,,1736412792.0989296,,1736412788
move,718,147,1393.6879880378801,,1736412792.0989296,,1736412788
move,715,146,2016.0440551990994,,1736412792.1004982,,1736412788
move,712,146,2969.769176303989,,1736412792.1015084,,1736412788
move,711,146,832.3683270490177,,1736412792.1027098,,1736412788
move,709,146,0,,1736412792.1027098,,1736412788
move,706,144,2316.247225744174,,1736412792.1042664,,1736412788
move,705,144,676.7189415940626,,1736412792.1057441,,1736412788
move,704,144,0,,1736412792.1057441,,1736412788
move,703,144,617.0816536707371,,1736412792.1073647,,1736412788
move,700,144,1914.9158423375438,,1736412792.1089313,,1736412788
move,700,143,0,,1736412792.1089313,,1736412788
move,698,143,1275.2520522955306,,1736412792.1104996,,1736412788
move,697,143,0,,1736412792.1120238,,1736412788
move,695,143,1312.155169716878,,1736412792.1120238,,1736412788
move,694,143,640.4495342800427,,1736412792.1135852,,1736412788
move,693,143,615.542119166422,,1736412792.1152098,,1736412788
move,692,143,635.9824109173617,,1736412792.1167822,,1736412788
move,692,142,0,,1736412792.1167822,,1736412788
move,692,141,109.60056442551412,,1736412792.1259062,,1736412788
move,692,140,87.75612511769013,,1736412792.1373014,,1736412788
move,692,140,0.0,,1736412792.1868324,,1736412788
move,692,141,127.21963056204314,,1736412792.1946929,,1736412788
move,692,142,85.57184535346323,,1736412792.206379,,1736412788
move,692,143,189.07740161384845,,1736412792.2116678,,1736412788
move,691,143,661.1450189155107,,1736412792.2131803,,1736412788
move,690,145,479.0452989222228,,1736412792.217848,,1736412788
move,690,146,623.0398098633393,,1736412792.219453,,1736412788
move,689,146,641.1348211556099,,1736412792.2210128,,1736412788
move,687,147,841.5207592910972,,1736412792.22367,,1736412788
move,686,148,681.0151092440553,,1736412792.2257466,,1736412788
move,685,149,1400.9545586952581,,1736412792.226756,,1736412788
move,684,150,447.873875076693,,1736412792.2299137,,1736412788
move,683,151,890.5031679200904,,1736412792.2315018,,1736412788
move,682,151,319.2741112887265,,1736412792.234634,,1736412788
move,682,152,917.7908096280088,,1736412792.2357235,,1736412788
move,681,152,825.0007867820614,,1736412792.2369356,,1736412788
move,681,154,0,,1736412792.2369356,,1736412788
move,679,154,1281.877750611247,,1736412792.2400768,,1736412788
move,678,155,894.5319863543542,,1736412792.2400768,,1736412788
move,677,155,818.7202810853016,,1736412792.2412982,,1736412788
move,677,156,640.1562881562882,,1736412792.2428603,,1736412788
move,676,157,899.5513499417232,,1736412792.2460027,,1736412788
move,675,157,636.8515031885819,,1736412792.2460027,,1736412788
move,675,158,939.1634572324227,,1736412792.2470675,,1736412788
move,674,159,894.3971051742645,,1736412792.2486486,,1736412788
move,673,159,655.0529439325317,,1736412792.2501752,,1736412788
move,672,159,371.40742052598955,,1736412792.2528677,,1736412788
move,672,160,0,,1736412792.2528677,,1736412788
move,670,162,1818.685145336723,,1736412792.255999,,1736412788
move,669,163,524.9240355323648,,1736412792.257117,,1736412788
move,668,164,310.34592170332877,,1736412792.261674,,1736412788
move,667,165,0,,1736412792.261674,,1736412788
move,667,166,196.3349716800075,,1736412792.2667673,,1736412788
move,666,166,320.8616891064871,,1736412792.2698839,,1736412788
move,666,167,0,,1736412792.2698839,,1736412788
move,666,168,202.87820450807777,,1736412792.274813,,1736412788
move,666,170,1287.9791186857055,,1736412792.276941,,1736412788
move,666,171,266.71143329518,,1736412792.2801151,,1736412788
move,666,172,160.82453987730062,,1736412792.286333,,1736412788
move,665,172,990.1567516525024,,1736412792.287343,,1736412788
move,665,173,591.8306758854241,,1736412792.2890327,,1736412788
move,665,174,322.6884136020926,,1736412792.2921317,,1736412788
move,665,175,149.3272571916833,,1736412792.2988284,,1736412788
move,665,176,213.864164797063,,1736412792.3035042,,1736412788
move,665,178,628.4543002697034,,1736412792.3066866,,1736412788
move,665,179,320.6409295925388,,1736412792.3098054,,1736412788
move,665,180,160.1062717105012,,1736412792.3160512,,1736412788
move,664,180,960.2344322344322,,1736412792.3170927,,1736412788
move,664,181,321.1811011562907,,1736412792.3202062,,1736412788
move,664,182,622.2079810117193,,1736412792.3218133,,1736412788
move,662,182,1283.6431522570772,,1736412792.3233714,,1736412788
move,662,183,640.2540070218288,,1736412792.3249333,,1736412788
move,661,184,535.3950357898477,,1736412792.3275747,,1736412788
move,660,185,544.3371204474371,,1736412792.3301728,,1736412788
move,659,185,320.95990205081114,,1736412792.3332884,,1736412788
move,659,187,1283.2504206822703,,1736412792.334847,,1736412788
move,659,188,643.1008892977615,,1736412792.336402,,1736412788
move,658,188,616.2656479576845,,1736412792.3380246,,1736412788
move,657,188,0,,1736412792.3380246,,1736412788
move,657,189,653.5219694608912,,1736412792.3410866,,1736412788
move,656,189,652.8099610894942,,1736412792.3410866,,1736412788
move,656,190,633.29367356183,,1736412792.3426657,,1736412788
move,654,190,1703.270659898477,,1736412792.34384,,1736412788
move,653,191,1312.6004871687812,,1736412792.3449173,,1736412788
move,652,191,638.3052807791812,,1736412792.348057,,1736412788
move,651,192,899.0060020484575,,1736412792.348057,,1736412788
move,650,192,605.0640507789959,,1736412792.3497097,,1736412788
move,650,193,622.3926398575456,,1736412792.3513165,,1736412788
move,649,193,637.2385293223944,,1736412792.3528857,,1736412788
move,648,193,601.0753797649757,,1736412792.3545494,,1736412788
move,646,193,0,,1736412792.3561318,,1736412788
move,646,195,1263.9156245291547,,1736412792.3561318,,1736412788
move,645,195,636.7548201001973,,1736412792.3577023,,1736412788
move,644,195,0,,1736412792.3577023,,1736412788
move,644,196,475.97639582387654,,1736412792.3598032,,1736412788
move,643,196,926.303886925795,,1736412792.3608828,,1736412788
move,642,196,0,,1736412792.3608828,,1736412788
move,641,196,643.3968400061359,,1736412792.3640256,,1736412788
move,640,196,629.4918205012757,,1736412792.3640256,,1736412788
move,639,197,897.2381790221937,,1736412792.3656018,,1736412788
move,637,197,1282.6617737003057,,1736412792.367161,,1736412788
move,636,197,833.0295928500497,,1736412792.3683615,,1736412788
move,635,197,630.4379978956862,,1736412792.3699477,,1736412788
move,634,197,0,,1736412792.3699477,,1736412788
move,633,198,920.6334939493594,,1736412792.3714838,,1736412788
move,632,198,637.7229740003041,,1736412792.373052,,1736412788
move,631,198,641.0368332569158,,1736412792.3746119,,1736412788
move,629,198,0,,1736412792.3761833,,1736412788
move,628,199,448.7548495623939,,1736412792.3777633,,1736412788
move,627,199,0,,1736412792.3777633,,1736412788
move,626,199,640.0585991149092,,1736412792.3793256,,1736412788
move,625,200,1398.9720758291799,,1736412792.3803365,,1736412788
move,624,200,706.8257499157398,,1736412792.3817513,,1736412788
move,621,200,952.7456651775574,,1736412792.3849,,1736412788
move,620,200,0,,1736412792.3849,,1736412788
move,619,200,602.9764232317424,,1736412792.3881311,,1736412788
move,618,200,635.8859915100061,,1736412792.3881311,,1736412788
move,617,200,642.7067116150781,,1736412792.389687,,1736412788
move,616,200,989.9230587679962,,1736412792.3906972,,1736412788
move,614,201,1485.15421414082,,1736412792.3932912,,1736412788
move,613,201,378.3765448804691,,1736412792.3948457,,1736412788
move,612,201,0,,1736412792.3948457,,1736412788
move,611,201,638.0139945238819,,1736412792.3979838,,1736412788
move,610,203,707.7766857066847,,1736412792.3995724,,1736412788
move,609,203,0,,1736412792.4011004,,1736412788
move,608,203,365.9951134380454,,1736412792.4023046,,1736412788
move,607,203,645.4761465066174,,1736412792.403854,,1736412788
move,605,203,1264.487187217365,,1736412792.4054356,,1736412788
move,604,203,0,,1736412792.407003,,1736412788
move,603,203,318.7161094224924,,1736412792.4085732,,1736412788
move,602,203,635.2118733908829,,1736412792.4101474,,1736412788
move,601,203,576.6158922188617,,1736412792.4129128,,1736412788
move,601,204,969.7812716763005,,1736412792.4129128,,1736412788
move,600,204,640.3517557251909,,1736412792.4144745,,1736412788
move,599,204,451.9237151169055,,1736412792.4166873,,1736412788
move,597,204,960.454316464392,,1736412792.4187696,,1736412788
move,596,204,323.63456790123456,,1736412792.4218595,,1736412788
move,595,205,0,,1736412792.4218595,,1736412788
move,594,205,613.8305283184545,,1736412792.4234886,,1736412788
move,593,205,640.8409472880061,,1736412792.425049,,1736412788
move,592,205,640.6451809989308,,1736412792.42661,,1736412788
move,591,206,894.2622646639111,,1736412792.4281914,,1736412788
move,589,206,1264.8685162846803,,1736412792.4297726,,1736412788
move,588,206,634.4432007260626,,1736412792.4313488,,1736412788
move,587,206,991.7956963821234,,1736412792.4339695,,1736412788
move,586,206,620.1839420375572,,1736412792.4339695,,1736412788
move,585,206,638.3052807791812,,1736412792.4355361,,1736412788
move,584,207,0,,1736412792.4371052,,1736412788
move,583,207,637.3353593678772,,1736412792.4371052,,1736412788
move,581,207,1458.1275856075092,,1736412792.4400558,,1736412788
move,580,208,895.6125021162196,,1736412792.4400558,,1736412788
move,579,208,639.7657107992678,,1736412792.441619,,1736412788
move,578,208,988.7562470532768,,1736412792.4426303,,1736412788
move,577,208,0,,1736412792.4442058,,1736412788
move,575,208,1269.4624697336562,,1736412792.4442058,,1736412788
move,573,209,1421.4532983175627,,1736412792.4457788,,1736412788
move,572,209,0,,1736412792.4457788,,1736412788
move,570,209,1278.361475160012,,1736412792.4490464,,1736412788
move,569,211,683.8314883193058,,1736412792.4506133,,1736412788
move,568,211,0,,1736412792.4506133,,1736412788
move,564,211,1902.1786848072563,,1736412792.452716,,1736412788
move,563,211,987.3596986817325,,1736412792.453729,,1736412788
move,561,212,0,,1736412792.453729,,1736412788
move,560,212,640.5473427000611,,1736412792.45529,,1736412788
move,559,212,638.4996194245699,,1736412792.4568563,,1736412788
move,558,212,0,,1736412792.4568563,,1736412788
move,556,212,1263.3445783132531,,1736412792.4584394,,1736412788
move,554,213,1429.251579137348,,1736412792.4600039,,1736412788
move,552,214,0,,1736412792.4600039,,1736412788
move,551,214,632.6250377073907,,1736412792.4630945,,1736412788
move,550,215,936.6242857280471,,1736412792.4630945,,1736412788
move,547,215,1749.57063403782,,1736412792.4648092,,1736412788
move,545,217,1796.1064652583566,,1736412792.466384,,1736412788
move,545,218,398.24382833270033,,1736412792.468895,,1736412788
move,541,218,0,,1736412792.468895,,1736412788
move,541,220,1267.5442731943185,,1736412792.4704728,,1736412788
move,536,220,3251.398449612403,,1736412792.4720106,,1736412788
move,536,223,1083.986216402481,,1736412792.4747782,,1736412788
move,537,224,0,,1736412792.4760873,,1736412788
move,537,224,0.0,,1736412792.6578135,,1736412788
move,537,221,662.0842936069455,,1736412792.6623447,,1736412788
move,539,222,1405.898495322932,,1736412792.6639352,,1736412788
move,540,222,0,,1736412792.6639352,,1736412788
move,542,222,622.7160567144235,,1736412792.667147,,1736412788
move,542,223,170.89614146599845,,1736412792.6729984,,1736412788
move,544,223,101.37413140944301,,1736412792.6927273,,1736412788
move,545,224,873.5849192217559,,1736412792.6943462,,1736412788
move,545,225,72.03366135985024,,1736412792.7082286,,1736412788
move,545,226,133.3175677823337,,1736412792.7157295,,1736412788
move,545,227,186.77876736729604,,1736412792.7221277,,1736412788
move,545,229,289.10283981251723,,1736412792.7280014,,1736412788
move,545,230,615.6324673418464,,1736412792.7296257,,1736412788
move,545,231,205.90594010800197,,1736412792.7344823,,1736412788
move,545,232,233.36693929783564,,1736412792.7387674,,1736412788
move,545,232,0.0,,1736412792.741366,,1736412788
move,545,232,0.0,,1736412792.7419035,,1736412788
move,545,233,0,,1736412792.7419035,,1736412788
move,545,234,206.8197238658777,,1736412792.7467387,,1736412788
move,545,235,608.840760632893,,1736412792.7499995,,1736412788
move,546,235,317.4136521870743,,1736412792.7515316,,1736412788
move,546,238,689.8526315789474,,1736412792.7558804,,1736412788
move,546,239,236.89940694719007,,1736412792.7601016,,1736412788
move,546,240,136.06825628548256,,1736412792.7674508,,1736412788
move,546,241,643.6930632289748,,1736412792.7690043,,1736412788
move,546,242,348.7116727635517,,1736412792.771872,,1736412788
move,546,244,630.9596088755171,,1736412792.7750418,,1736412788
move,546,244,0.0,,1736412792.778038,,1736412788
move,546,245,317.60593669544147,,1736412792.7797704,,1736412788
move,546,246,173.54783184376035,,1736412792.7855325,,1736412788
move,546,247,316.81426089583806,,1736412792.788689,,1736412788
move,546,248,141.0087073457724,,1736412792.7957807,,1736412788
move,546,249,267.4427086654339,,1736412792.7995198,,1736412788
move,546,250,82.7262578647364,,1736412792.8116078,,1736412788
move,544,250,94.07011012178438,,1736412792.8328686,,1736412788
move,544,250,0,,1736412792.8328686,,1736412788
move,542,250,1002.9421329507413,,1736412792.8348627,,1736412788
move,546,250,3969.9990534784665,,1736412792.8358703,,1736412788
move,546,250,0.0,,1736412792.8386064,,1736412788
move,544,250,0,,1736412792.8401031,,1736412788
move,543,253,1010.787520130687,,1736412792.841735,,1736412788
move,545,252,0,,1736412792.8433044,,1736412788
move,545,252,0.0,,1736412792.844914,,1736412788
move,545,251,48.569357434834465,,1736412792.8670616,,1736412788
move,541,251,1503.0654004658663,,1736412792.8691735,,1736412788
move,542,251,990.8584927947082,,1736412792.8691735,,1736412788
move,541,251,596.7990893568583,,1736412792.8708491,,1736412788
move,542,251,642.5098039215686,,1736412792.8724055,,1736412788
move,541,251,234.52829344665622,,1736412792.8766694,,1736412788
move,542,251,618.5376788084353,,1736412792.8782861,,1736412788
move,537,251,1860.4968062455641,,1736412792.8809736,,1736412788
move,536,251,273.5475119024327,,1736412792.8846292,,1736412788
move,536,251,0.0,,1736412792.889407,,1736412788
move,536,253,217.60332036316473,,1736412792.898598,,1736412788
move,535,253,162.91089878039307,,1736412792.9047363,,1736412788
move,535,254,313.0311217255019,,1736412792.9079309,,1736412788
move,534,255,201.85950660254287,,1736412792.9149368,,1736412788
move,534,256,275.8866013286851,,1736412792.9185615,,1736412788
move,534,257,249.28998514115898,,1736412792.9225729,,1736412788
move,533,257,315.6935119674846,,1736412792.9257405,,1736412788
move,533,258,0,,1736412792.9257405,,1736412788
move,532,258,202.33991027063533,,1736412792.9306827,,1736412788
move,532,259,990.3905548996458,,1736412792.9316924,,1736412788
move,532,261,736.7475847532057,,1736412792.934407,,1736412788
move,531,262,444.9176118748667,,1736412792.9375856,,1736412788
move,530,263,204.4547635983635,,1736412792.9460504,,1736412788
move,528,264,358.6519641414638,,1736412792.9507372,,1736412788
move,527,264,173.9220434566263,,1736412792.956487,,1736412788
move,527,265,633.9637243047158,,1736412792.9580643,,1736412788
move,526,265,161.0901409532588,,1736412792.964272,,1736412788
move,526,266,171.86952958531387,,1736412792.9700904,,1736412788
move,525,266,316.93395798700317,,1736412792.9732456,,1736412788
move,524,266,235.59534909846656,,1736412792.979039,,1736412788
move,523,266,136.90322159480368,,1736412792.9859967,,1736412788
move,522,266,111.0662006143417,,1736412792.9937983,,1736412788
move,520,266,437.36225234619394,,1736412792.9983711,,1736412788
move,519,266,157.6806015037594,,1736412793.004713,,1736412788
move,518,266,635.9824109173617,,1736412793.0079105,,1736412788
move,517,266,160.05128596504616,,1736412793.0125334,,1736412788
move,516,266,465.464876262346,,1736412793.0152018,,1736412788
move,515,266,187.9505287685965,,1736412793.0200024,,1736412788
move,514,266,375.1613595706619,,1736412793.022668,,1736412788
move,512,266,390.0226892319137,,1736412793.0277958,,1736412788
move,511,266,320.27367135003055,,1736412793.0309181,,1736412788
move,510,266,621.8389918458117,,1736412793.0325263,,1736412788
move,509,266,351.4583542818837,,1736412793.0369792,,1736412788
move,508,266,218.4760912595062,,1736412793.0399487,,1736412788
move,507,266,377.2534628530311,,1736412793.0425994,,1736412788
move,506,266,314.76953095684803,,1736412793.0457764,,1736412788
move,505,266,374.39114522895653,,1736412793.0489595,,1736412788
move,503,266,649.8263227205825,,1736412793.051525,,1736412788
move,502,266,322.96173096173095,,1736412793.0546215,,1736412788
move,501,266,656.3856025039123,,1736412793.056145,,1736412788
move,500,266,388.14584490098093,,1736412793.0587213,,1736412788
move,499,266,310.2295857988166,,1736412793.0619447,,1736412788
move,498,266,265.79873257287704,,1736412793.065707,,1736412788
move,497,266,211.5130610186586,,1736412793.0704348,,1736412788
move,495,266,13.79650803257766,,1736412793.215399,,1736412788
move,494,266,166.7184990857779,,1736412793.2213972,,1736412788
move,493,266,232.6549811404482,,1736412793.2256954,,1736412788
move,492,266,214.7291250703937,,1736412793.231943,,1736412788
move,491,267,303.16066653969756,,1736412793.2360363,,1736412788
move,490,267,253.46289581822577,,1736412793.2399862,,1736412788
move,489,267,323.9845512127298,,1736412793.2420492,,1736412788
move,487,267,352.81830417227457,,1736412793.2477179,,1736412788
move,487,269,632.5773320262424,,1736412793.2508795,,1736412788
move,486,269,644.2863287250384,,1736412793.2524316,,1736412788
move,485,269,119.57760291937507,,1736412793.2607944,,1736412788
move,485,270,45.61009134406264,,1736412793.2827194,,1736412788
move,485,270,0.0,,1736412793.580634,,1736412788
move,485,268,3.6087205285523405,,1736412794.1348472,,1736412788
move,485,267,27.18736792978726,,1736412794.171629,,1736412788
move,485,266,21.368547614680768,,1736412794.2184267,,1736412788
move,485,265,36.113274153414324,,1736412794.2461174,,1736412788
move,485,265,0.0,,1736412794.25097,,1736412788
move,486,265,3.4490561010728795,,1736412794.5420735,,1736412788
move,488,265,100.3422009569378,,1736412794.560836,,1736412788
move,488,264,3.629446052030404,,1736412794.8363602,,1736412788
move,488,264,0.0,,1736412794.9943366,,1736412788
move,489,264,31.27976732045641,,1736412795.0263062,,1736412788
move,490,264,63.45199842667393,,1736412795.0430756,,1736412788
move,490,264,0.0,,1736412795.0509043,,1736412788
move,491,264,113.38714822524398,,1736412795.0597236,,1736412788
move,492,264,42.39454187092535,,1736412795.0833116,,1736412788
move,492,263,49.27403021545546,,1736412795.1036062,,1736412788
move,493,263,18.787896705413335,,1736412795.156832,,1736412788
move,494,263,18.47833116725775,,1736412795.2120223,,1736412788
move,496,263,101.1443384737813,,1736412795.2307231,,1736412788
move,497,263,319.03126188484066,,1736412795.2338576,,1736412788
move,498,263,207.6799366211131,,1736412795.2386727,,1736412788
move,499,263,649.9773748644042,,1736412795.2402112,,1736412788
move,500,263,238.29918754616216,,1736412795.2444077,,1736412788
move,501,263,781.7901211556384,,1736412795.2456868,,1736412788
move,502,263,319.7121731839317,,1736412795.2488146,,1736412788
move,504,263,773.2148585123052,,1736412795.2514012,,1736412788
move,505,263,470.741189674523,,1736412795.2540336,,1736412788
move,506,263,482.6586881472957,,1736412795.2555974,,1736412788
move,506,263,0.0,,1736412795.2567456,,1736412788
move,507,263,642.1163502755664,,1736412795.258303,,1736412788
move,508,263,603.9314614830813,,1736412795.2599587,,1736412788
move,509,263,631.482083709726,,1736412795.262962,,1736412788
move,510,263,704.3331654072208,,1736412795.262962,,1736412788
move,510,264,636.5615419638792,,1736412795.264533,,1736412788
move,511,264,0,,1736412795.264533,,1736412788
move,513,264,631.5771721126337,,1736412795.2676997,,1736412788
move,514,264,623.0398098633393,,1736412795.2693048,,1736412788
move,515,264,991.0926275992439,,1736412795.2719016,,1736412788
move,516,264,315.64599638771824,,1736412795.2734818,,1736412788
move,517,264,0,,1736412795.2750986,,1736412788
move,518,264,314.3920245858631,,1736412795.2766626,,1736412788
move,519,264,670.0166134185304,,1736412795.278155,,1736412788
move,519,265,618.5376788084353,,1736412795.2797718,,1736412788
move,521,265,1977.5124941065535,,1736412795.2807832,,1736412788
move,522,266,864.7968510738771,,1736412795.2824185,,1736412788
move,523,266,639.2781588172535,,1736412795.2839828,,1736412788
move,524,266,636.1753374791446,,1736412795.2855546,,1736412788
move,525,266,632.148304446119,,1736412795.2871366,,1736412788
move,526,266,637.4322188449848,,1736412795.2887053,,1736412788
move,527,266,319.858461069168,,1736412795.2918317,,1736412788
move,529,266,813.6380213385063,,1736412795.2942898,,1736412788
move,530,266,627.9838299146579,,1736412795.296896,,1736412788
move,531,266,214.2684035759898,,1736412795.3005493,,1736412788
move,532,266,990.1567516525024,,1736412795.3015592,,1736412788
move,532,267,288.68497487783054,,1736412795.3050232,,1736412788
move,533,267,370.91475061903077,,1736412795.3077192,,1736412788
move,534,267,371.3087818696884,,1736412795.3119345,,1736412788
move,535,267,134.2606914212548,,1736412795.3178606,,1736412788
move,536,267,110.40256902950699,,1736412795.3269184,,1736412788
move,536,269,646.6703669441874,,1736412795.3300111,,1736412788
move,538,269,135.81711029078429,,1736412795.3447368,,1736412788
move,539,269,70.13651717333869,,1736412795.3589947,,1736412788
move,540,269,215.1476788920236,,1736412795.3636427,,1736412788
move,541,269,127.68826108134438,,1736412795.3714743,,1736412788
move,542,269,322.63876923076924,,1736412795.3745737,,1736412788
move,543,269,319.05553019930016,,1736412795.377708,,1736412788
move,544,269,325.8724263848963,,1736412795.3807766,,1736412788
move,546,269,0,,1736412795.3807766,,1736412788
move,547,269,642.3130168453292,,1736412795.3839083,,1736412788
move,548,269,230.9638766519824,,1736412795.3866632,,1736412788
move,549,269,0,,1736412795.3866632,,1736412788
move,550,269,324.1347758887172,,1736412795.3897483,,1736412788
move,551,269,830.3908137002574,,1736412795.3909526,,1736412788
move,552,269,696.381205379379,,1736412795.3923886,,1736412788
move,554,269,1283.0541449984705,,1736412795.3939474,,1736412788
move,555,269,639.7657107992678,,1736412795.3955104,,1736412788
move,556,269,656.180225281602,,1736412795.3970344,,1736412788
move,558,269,0,,1736412795.3970344,,1736412788
move,559,269,382.06449262160686,,1736412795.3996518,,1736412788
move,561,269,0,,1736412795.4012053,,1736412788
move,562,269,643.6930632289748,,1736412795.4012053,,1736412788
move,563,269,636.7548201001973,,1736412795.4027758,,1736412788
move,564,269,0,,1736412795.4027758,,1736412788
move,565,269,637.0449574726609,,1736412795.4043455,,1736412788
move,566,269,643.3968400061359,,1736412795.4058998,,1736412788
move,567,269,0,,1736412795.4058998,,1736412788
move,568,269,622.300296735905,,1736412795.4075067,,1736412788
move,571,269,0,,1736412795.409074,,1736412788
move,572,269,638.0139945238819,,1736412795.410098,,1736412788
move,573,269,646.9696128335647,,1736412795.4106197,,1736412788
move,574,269,934.143429844098,,1736412795.4116902,,1736412788
move,577,269,0,,1736412795.4116902,,1736412788
move,578,269,637.2385293223944,,1736412795.4132595,,1736412788
move,579,269,636.5615419638792,,1736412795.4148304,,1736412788
move,581,269,0,,1736412795.4148304,,1736412788
move,583,269,1498.5008931761342,,1736412795.416165,,1736412788
move,584,269,625.1757340885378,,1736412795.4177647,,1736412788
move,586,269,1674.372854291417,,1736412795.4189591,,1736412788
move,587,269,0,,1736412795.4189591,,1736412788
move,588,269,719.1879286694101,,1736412795.4203496,,1736412788
move,591,269,0,,1736412795.421916,,1736412788
move,592,269,638.4024353120244,,1736412795.421916,,1736412788
move,594,270,1423.6109384182269,,1736412795.4234867,,1736412788
move,596,270,1426.3914300289066,,1736412795.4248888,,1736412788
move,598,270,0,,1736412795.4248888,,1736412788
move,599,270,654.2355326782093,,1736412795.4264174,,1736412788
move,602,270,0,,1736412795.4279468,,1736412788
move,603,270,653.8275915822292,,1736412795.4279468,,1736412788
move,604,271,890.7706264477733,,1736412795.4295344,,1736412788
move,606,271,1318.9635220125786,,1736412795.4310508,,1736412788
move,607,271,0,,1736412795.4320598,,1736412788
move,610,271,2973.2778827977318,,1736412795.4320598,,1736412788
move,613,272,2021.575040261374,,1736412795.433624,,1736412788
move,614,272,0,,1736412795.433624,,1736412788
move,615,272,637.0449574726609,,1736412795.4351938,,1736412788
move,617,272,1270.8086653537343,,1736412795.4367676,,1736412788
move,618,272,0,,1736412795.4367676,,1736412788
move,621,274,2294.8070010445695,,1736412795.4383388,,1736412788
move,623,274,1271.7719830200122,,1736412795.4399114,,1736412788
move,625,274,1977.0464294131511,,1736412795.440923,,1736412788
move,627,274,3918.0794021485285,,1736412795.4414334,,1736412788
move,628,274,683.445331595242,,1736412795.4428966,,1736412788
move,631,274,0,,1736412795.4428966,,1736412788
move,633,274,1278.556317634507,,1736412795.4444609,,1736412788
move,634,274,639.7657107992678,,1736412795.446024,,1736412788
move,637,275,5318.185180094176,,1736412795.447126,,1736412788
move,639,275,3942.0150375939847,,1736412795.447126,,1736412788
move,640,276,902.6999850122846,,1736412795.4486926,,1736412788
move,642,276,0,,1736412795.4486926,,1736412788
move,644,276,1271.386480751743,,1736412795.4502656,,1736412788
move,645,276,648.2695517774343,,1736412795.4518082,,1736412788
move,648,276,0,,1736412795.4518082,,1736412788
move,649,276,639.7657107992678,,1736412795.4533713,,1736412788
move,650,276,636.1753374791446,,1736412795.4549432,,1736412788
move,654,277,0,,1736412795.4549432,,1736412788
move,655,277,639.9609398840403,,1736412795.4565058,,1736412788
move,657,277,1978.9120075489502,,1736412795.4580247,,1736412788
move,658,277,1967.3095684803002,,1736412795.459037,,1736412788
move,660,277,1975.649552520019,,1736412795.459037,,1736412788
move,662,277,1274.6707187357545,,1736412795.460606,,1736412788
move,663,277,658.8601947847942,,1736412795.4621239,,1736412788
move,666,279,0,,1736412795.4621239,,1736412788
move,667,279,990.1567516525024,,1736412795.4631338,,1736412788
move,668,279,639.6681409181028,,1736412795.4646971,,1736412788
move,670,279,0,,1736412795.4646971,,1736412788
move,673,280,2017.2705458790683,,1736412795.4662647,,1736412788
move,674,280,631.7674348546468,,1736412795.4678476,,1736412788
move,675,280,0,,1736412795.4678476,,1736412788
move,676,281,899.2785933165134,,1736412795.4694202,,1736412788
move,679,281,2120.8346536322265,,1736412795.4708347,,1736412788
move,680,281,989.9230587679962,,1736412795.471845,,1736412788
move,681,281,1976.5805843543826,,1736412795.4723508,,1736412788
move,684,281,1893.0212125771025,,1736412795.4739356,,1736412788
move,685,281,0,,1736412795.4739356,,1736412788
move,686,281,674.2170069120721,,1736412795.4754188,,1736412788
move,688,281,1566.5000933706815,,1736412795.4766955,,1736412788
move,689,282,0,,1736412795.4766955,,1736412788
move,691,282,1283.8396082032446,,1736412795.4782534,,1736412788
move,692,282,612.128429655575,,1736412795.479887,,1736412788
move,693,282,0,,1736412795.479887,,1736412788
move,695,282,954.2268228870436,,1736412795.481983,,1736412788
move,696,282,983.8855266244428,,1736412795.4829993,,1736412788
move,698,282,0,,1736412795.4829993,,1736412788
move,700,282,1281.877750611247,,1736412795.4845595,,1736412788
move,701,283,0,,1736412795.4845595,,1736412788
move,702,283,633.1024905660378,,1736412795.486139,,1736412788
move,703,283,641.3308868501529,,1736412795.4876983,,1736412788
move,706,283,2855.2103471749488,,1736412795.488749,,1736412788
move,707,283,0,,1736412795.488749,,1736412788
move,708,284,907.1175411401931,,1736412795.490308,,1736412788
move,709,284,635.5006060606061,,1736412795.4918816,,1736412788
move,710,284,0,,1736412795.4918816,,1736412788
move,711,284,640.4495342800427,,1736412795.493443,,1736412788
move,713,284,0,,1736412795.4951053,,1736412788
move,713,286,1203.1853126792885,,1736412795.4951053,,1736412788
move,715,286,1270.2313749242883,,1736412795.4966798,,1736412788
move,716,286,1876.6460850111857,,1736412795.498237,,1736412788
move,717,286,976.3277467411546,,1736412795.498237,,1736412788
move,718,286,650.6832143965249,,1736412795.4997737,,1736412788
move,720,286,0,,1736412795.4997737,,1736412788
move,722,286,1211.0015879890284,,1736412795.5029864,,1736412788
move,723,286,479.9523972994622,,1736412795.5035088,,1736412788
move,726,287,3104.7644754576017,,1736412795.5060902,,1736412788
move,727,287,318.5708643475619,,1736412795.5076663,,1736412788
move,728,287,0,,1736412795.5076663,,1736412788
move,729,288,900.0973598658153,,1736412795.5103478,,1736412788
move,730,288,900.6450504616706,,1736412795.5103478,,1736412788
move,731,288,637.5291077671378,,1736412795.5119164,,1736412788
move,732,289,906.8401775746404,,1736412795.513476,,1736412788
move,734,289,1280.1171982298183,,1736412795.5150383,,1736412788
move,735,289,738.0439908499033,,1736412795.5179622,,1736412788
move,736,290,901.3283089979824,,1736412795.5179622,,1736412788
move,737,290,386.92841328413283,,1736412795.5205467,,1736412788
move,738,291,656.2276359681074,,1736412795.5227017,,1736412788
move,739,292,681.7978852316922,,1736412795.524776,,1736412788
move,740,292,613.2023391812866,,1736412795.5264068,,1736412788
move,742,294,1779.6704474994667,,1736412795.527996,,1736412788
move,742,295,0,,1736412795.527996,,1736412788
move,743,295,337.95052775763435,,1736412795.530955,,1736412788
move,743,296,1788.615778251599,,1736412795.5315142,,1736412788
move,744,296,320.46943765281173,,1736412795.5346346,,1736412788
move,745,297,0,,1736412795.5346346,,1736412788
move,745,298,318.8857294913708,,1736412795.5377705,,1736412788
move,745,299,627.7018856629752,,1736412795.5393636,,1736412788
move,746,299,654.541822721598,,1736412795.5408914,,1736412788
move,747,302,1121.2743122119261,,1736412795.5437117,,1736412788
move,747,303,320.76353624961763,,1736412795.5468292,,1736412788
move,747,304,889.566065747614,,1736412795.5479534,,1736412788
move,748,304,638.5968331303288,,1736412795.5495193,,1736412788
move,748,305,528.1168471417778,,1736412795.5519366,,1736412788
move,748,306,471.64106600697176,,1736412795.553533,,1736412788
move,748,307,643.890696960393,,1736412795.5550861,,1736412788
move,751,307,1917.8344764517603,,1736412795.5566504,,1736412788
move,751,307,0.0,,1736412795.5598419,,1736412788
move,751,310,0,,1736412795.5598419,,1736412788
move,751,311,380.4012334482133,,1736412795.564055,,1736412788
move,751,312,317.60593669544147,,1736412795.5656192,,1736412788
move,751,313,322.53952629960014,,1736412795.5687196,,1736412788
move,751,314,639.8633104500382,,1736412795.5702825,,1736412788
move,751,315,379.71247510411007,,1736412795.572916,,1736412788
move,751,317,3912.597014925373,,1736412795.5734272,,1736412788
move,751,318,988.0574793875147,,1736412795.575997,,1736412788
move,751,319,324.235003092146,,1736412795.5775235,,1736412788
move,751,320,627.2325407507103,,1736412795.5791178,,1736412788
move,751,321,632.8159324079662,,1736412795.580698,,1736412788
move,749,324,1312.285503027049,,1736412795.5834455,,1736412788
move,749,324,0.0,,1736412795.584746,,1736412788
move,749,324,0.0,,1736412795.5859344,,1736412788
move,748,326,1420.5920724476339,,1736412795.5875084,,1736412788
move,747,327,291.12351418482075,,1736412795.5923662,,1736412788
move,747,330,1909.3948406676784,,1736412795.5939374,,1736412788
move,744,330,1930.1905200184078,,1736412795.5954916,,1736412788
move,750,328,5942.452436897345,,1736412795.597066,,1736412788
move,748,329,4384.641824356839,,1736412795.5980768,,1736412788
move,745,332,4196.916227487539,,1736412795.5980768,,1736412788
move,745,333,357.90630599880535,,1736412795.6008708,,1736412788
move,741,335,0,,1736412795.6008708,,1736412788
move,741,336,630.7224060150376,,1736412795.6040251,,1736412788
move,737,336,2549.7288753799394,,1736412795.6040251,,1736412788
move,737,337,306.7581364733416,,1736412795.607285,,1736412788
move,736,338,520.1825485850849,,1736412795.6100037,,1736412788
move,731,339,2736.2893989176396,,1736412795.6118672,,1736412788
move,730,339,1849.3403880070546,,1736412795.612408,,1736412788
move,730,341,1878.3269144648455,,1736412795.6134727,,1736412788
move,730,342,976.3277467411546,,1736412795.614497,,1736412788
move,727,342,631.0703646120668,,1736412795.6192508,,1736412788
move,726,344,1407.5865019209482,,1736412795.6208394,,1736412788
move,725,344,0,,1736412795.6208394,,1736412788
move,725,346,1266.0138846966495,,1736412795.6239662,,1736412788
move,722,346,735.4127410870835,,1736412795.6264985,,1736412788
move,722,346,0,,1736412795.6280894,,1736412788
move,721,348,1405.4771260751204,,1736412795.6280894,,1736412788
move,721,349,256.5951303071088,,1736412795.6319866,,1736412788
move,718,351,1402.4648184070957,,1736412795.6350672,,1736412788
move,718,352,1961.7885874649205,,1736412795.6361399,,1736412788
move,714,352,1516.653046465377,,1736412795.6377046,,1736412788
move,716,352,1251.4706847680143,,1736412795.6393027,,1736412788
move,713,352,1916.6659558263518,,1736412795.640868,,1736412788
move,712,352,0,,1736412795.640868,,1736412788
move,710,352,1270.616176916086,,1736412795.642442,,1736412788
move,711,352,786.0389805097451,,1736412795.6437142,,1736412788
move,710,353,0,,1736412795.6437142,,1736412788
move,708,353,482.24248347226217,,1736412795.6478615,,1736412788
move,708,354,6.835322071242556,,1736412795.7941604,,1736412788
move,708,354,0.0,,1736412795.8022072,,1736412788
move,708,354,0.0,,1736412795.8092873,,1736412788
move,708,354,0.0,,1736412795.810843,,1736412788
move,708,354,0.0,,1736412795.8130362,,1736412788
move,715,354,1470.2117175763644,,1736412795.8177974,,1736412788
move,717,354,594.2623972796827,,1736412795.821163,,1736412788
move,718,354,237.06008025772906,,1736412795.8253813,,1736412788
move,719,354,630.6275748007819,,1736412795.826967,,1736412788
move,719,354,0.0,,1736412795.830141,,1736412788
move,720,354,1982.1852551984878,,1736412795.830141,,1736412788
move,721,353,328.82319427439006,,1736412795.834442,,1736412788
move,721,352,818.0815291593525,,1736412795.8356643,,1736412788
move,722,352,788.1067267944381,,1736412795.8369331,,1736412788
move,722,351,323.65954163129874,,1736412795.8400228,,1736412788
move,722,350,621.0103642286052,,1736412795.841633,,1736412788
move,723,350,309.8628841607565,,1736412795.8448603,,1736412788
move,723,348,1280.8990685600854,,1736412795.8464217,,1736412788
move,723,347,176.8629137676576,,1736412795.8520758,,1736412788
move,725,346,610.4366611754282,,1736412795.8557389,,1736412788
move,726,345,150.72908295468508,,1736412795.8651214,,1736412788
move,726,345,0.0,,1736412795.905079,,1736412788
move,726,345,0.0,,1736412795.9302716,,1736412788
move,726,346,130.6677466587744,,1736412795.9379246,,1736412788
move,726,347,46.97552835239173,,1736412795.9592123,,1736412788
move,726,349,78.1156750817138,,1736412795.9848154,,1736412788
move,724,349,361.42214562688497,,1736412795.990349,,1736412788
move,724,350,79.55510033761998,,1736412796.002919,,1736412788
move,723,350,125.08362161517357,,1736412796.0109136,,1736412788
move,723,351,216.79350803742182,,1736412796.017077,,1736412788
move,723,351,0.0,,1736412796.0208557,,1736412788
move,723,351,0,,1736412796.0208557,,1736412788
move,723,351,0.0,,1736412796.024047,,1736412788
move,723,351,0.0,,1736412796.024047,,1736412788
move,723,352,55.37181179701114,,1736412796.0421066,,1736412788
move,722,352,627.6079604967829,,1736412796.0452964,,1736412788
move,721,352,51.903921592891884,,1736412796.0629663,,1736412788
move,721,353,645.0790525992003,,1736412796.0661156,,1736412788
move,720,353,111.50615445965705,,1736412796.0734847,,1736412788
move,720,353,0,,1736412796.0750396,,1736412788
move,720,353,0.0,,1736412796.0813687,,1736412788
move,720,353,0.0,,1736412796.0841339,,1736412788
move,720,353,0.0,,1736412796.0841339,,1736412788
move,720,353,0.0,,1736412796.0857189,,1736412788
move,720,353,0,,1736412796.0857189,,1736412788
move,720,353,0.0,,1736412796.0873327,,1736412788
move,720,352,235.31777378815082,,1736412796.0915823,,1736412788
move,720,352,0.0,,1736412796.1089737,,1736412788
move,720,352,0.0,,1736412796.1265283,,1736412788
move,720,352,0.0,,1736412796.1599722,,1736412788
move,717,353,143.29991831235415,,1736412796.1820397,,1736412788
move,717,354,131.22783305174895,,1736412796.18966,,1736412788
move,716,354,625.082563338301,,1736412796.1912599,,1736412788
move,716,355,103.9583601844049,,1736412796.200879,,1736412788
move,715,355,640.9388753056235,,1736412796.2040014,,1736412788
move,715,357,375.61491962566606,,1736412796.207764,,1736412788
move,715,358,68.17346076327937,,1736412796.2224324,,1736412788
move,714,359,80.6455514672031,,1736412796.2399685,,1736412788
move,713,359,62.904809754488056,,1736412796.2558656,,1736412788
move,713,360,616.9908796704913,,1736412796.2574863,,1736412788
move,713,361,85.32465366071973,,1736412796.2692063,,1736412788
move,713,362,72.04108483193349,,1736412796.2830873,,1736412788
move,713,363,86.5429485195502,,1736412796.2946422,,1736412788
move,713,365,257.31137081684614,,1736412796.302415,,1736412788
move,713,366,71.84733975127617,,1736412796.3163333,,1736412788
move,713,367,107.99763112495816,,1736412796.3255928,,1736412788
move,713,367,0.0,,1736412796.3271394,,1736412788
move,713,368,112.41768962744572,,1736412796.3360348,,1736412788
move,713,369,59.17638759558678,,1736412796.3529334,,1736412788
move,714,369,126.23179944021429,,1736412796.3608553,,1736412788
move,714,370,323.8844787644788,,1736412796.3639429,,1736412788
move,715,370,628.1719335030702,,1736412796.3671553,,1736412788
move,716,370,156.6441589483119,,1736412796.3719187,,1736412788
move,716,371,635.1156874621441,,1736412796.3740435,,1736412788
move,717,371,375.4972247090421,,1736412796.3761563,,1736412788
move,717,373,1284.4293370081152,,1736412796.3777134,,1736412788
move,719,373,636.6098504970782,,1736412796.380855,,1736412788
move,720,373,657.8268506900878,,1736412796.3823752,,1736412788
move,720,374,358.0285104566795,,1736412796.3851683,,1736412788
move,721,374,648.0692212608158,,1736412796.3867114,,1736412788
move,722,374,645.1782802645747,,1736412796.3882613,,1736412788
move,723,375,888.1032492163082,,1736412796.3898537,,1736412788
move,724,375,636.6581663630844,,1736412796.3929513,,1736412788
move,725,376,411.9481631721455,,1736412796.3948574,,1736412788
move,727,376,1077.2579940927187,,1736412796.396714,,1736412788
move,728,376,992.4997633696166,,1736412796.3977215,,1736412788
move,729,377,847.3773716451032,,1736412796.3993905,,1736412788
move,730,377,683.8910810370129,,1736412796.4008527,,1736412788
move,730,378,0,,1736412796.4008527,,1736412788
move,731,378,450.225848003435,,1736412796.4030738,,1736412788
move,732,378,1927.5294117647059,,1736412796.4035926,,1736412788
move,733,378,446.6777422790202,,1736412796.4058313,,1736412788
move,735,379,0,,1736412796.4058313,,1736412788
move,736,379,646.7700848111025,,1736412796.4073775,,1736412788
move,737,379,630.4379978956862,,1736412796.4089637,,1736412788
move,738,380,902.150813918741,,1736412796.4105313,,1736412788
move,739,380,653.8275915822292,,1736412796.4120607,,1736412788
move,740,380,0,,1736412796.4120607,,1736412788
move,740,382,1277.3881528856402,,1736412796.4136264,,1736412788
move,743,382,0,,1736412796.4136264,,1736412788
move,745,383,800.4394352051958,,1736412796.41642,,1736412788
move,746,383,643.1995092777181,,1736412796.4179747,,1736412788
move,748,383,0,,1736412796.4179747,,1736412788
move,749,384,1050.0339177758403,,1736412796.4193215,,1736412788
move,750,384,642.1163502755664,,1736412796.420879,,1736412788
move,751,384,0,,1736412796.420879,,1736412788
move,752,385,896.2891510298765,,1736412796.4224567,,1736412788
move,753,385,0,,1736412796.4239793,,1736412788
move,754,385,656.7967428750392,,1736412796.4239793,,1736412788
move,757,385,1919.8828196521208,,1736412796.4261081,,1736412788
move,758,385,1766.0227368421054,,1736412796.4261081,,1736412788
move,759,386,1398.642207384042,,1736412796.4271193,,1736412788
move,760,386,0,,1736412796.4271193,,1736412788
move,763,386,1514.9183722610162,,1736412796.4290996,,1736412788
move,764,388,1328.0584625175982,,1736412796.4307833,,1736412788
move,765,388,0,,1736412796.4307833,,1736412788
move,767,388,1273.8964312832195,,1736412796.4323533,,1736412788
move,769,389,1298.4561625777762,,1736412796.4340754,,1736412788
move,770,389,1194.2779043280182,,1736412796.4349127,,1736412788
move,772,389,0,,1736412796.4349127,,1736412788
move,773,389,639.180737580006,,1736412796.4364772,,1736412788
move,776,389,2164.6158610012044,,1736412796.437863,,1736412788
move,777,390,0,,1736412796.4389606,,1736412788
move,779,390,1822.421898761677,,1736412796.4389606,,1736412788
move,780,390,638.0139945238819,,1736412796.440528,,1736412788
move,783,391,2451.220447080923,,1736412796.441818,,1736412788
move,785,391,0,,1736412796.441818,,1736412788
move,788,391,1917.8344764517603,,1736412796.4433823,,1736412788
move,791,391,2770.9561770535124,,1736412796.444465,,1736412788
move,793,391,910.3209983722193,,1736412796.4472377,,1736412788
move,794,392,2456.1662946234874,,1736412796.4472377,,1736412788
move,797,392,1865.5169755374352,,1736412796.4488459,,1736412788
move,799,392,0,,1736412796.4488459,,1736412788
move,800,392,636.0788595693055,,1736412796.450418,,1736412788
move,803,392,1923.4044634668296,,1736412796.4519777,,1736412788
move,805,392,0,,1736412796.4519777,,1736412788
move,806,392,637.8199513381995,,1736412796.4535456,,1736412788
move,809,392,1972.8617121354657,,1736412796.4550662,,1736412788
move,810,393,0,,1736412796.4550662,,1736412788
move,812,393,1269.4624697336562,,1736412796.4566417,,1736412788
move,814,393,3527.5895710681243,,1736412796.4572086,,1736412788
move,816,393,1849.7481808158766,,1736412796.4582899,,1736412788
move,817,393,641.3308868501529,,1736412796.459849,,1736412788
move,820,395,0,,1736412796.459849,,1736412788
move,821,395,628.0778676250375,,1736412796.4614413,,1736412788
move,823,395,0,,1736412796.4630044,,1736412788
move,826,395,1919.2971323978036,,1736412796.4630044,,1736412788
move,827,395,665.6568798603396,,1736412796.4645066,,1736412788
move,828,395,988.7562470532768,,1736412796.4660282,,1736412788
move,829,395,1959.955140186916,,1736412796.4660282,,1736412788
move,832,395,1917.5422127400184,,1736412796.4675927,,1736412788
move,834,395,1521.0531278331823,,1736412796.4689076,,1736412788
move,835,395,0,,1736412796.4689076,,1736412788
move,836,395,642.9037400367872,,1736412796.470463,,1736412788
move,838,395,1274.2834573902476,,1736412796.4720325,,1736412788
move,840,396,0,,1736412796.4720325,,1736412788
move,841,396,638.6940764428201,,1736412796.4735982,,1736412788
move,842,396,0,,1736412796.4751654,,1736412788
move,843,396,468.9516994633274,,1736412796.4757307,,1736412788
move,845,396,1954.0200326112276,,1736412796.4767542,,1736412788
move,847,396,1985.939393939394,,1736412796.4777613,,1736412788
move,848,396,1981.248937175248,,1736412796.478266,,1736412788
move,849,396,993.6754323619996,,1736412796.4792724,,1736412788
move,850,396,635.8859915100061,,1736412796.480845,,1736412788
move,853,396,2828.8920863309354,,1736412796.4819055,,1736412788
move,854,396,0,,1736412796.4819055,,1736412788
move,855,396,638.8886519421172,,1736412796.4834707,,1736412788
move,856,396,638.9859841560025,,1736412796.4850357,,1736412788
move,857,396,0,,1736412796.4850357,,1736412788
move,859,396,1522.9862018881627,,1736412796.4863489,,1736412788
move,860,396,639.2781588172535,,1736412796.4879131,,1736412788
move,862,396,0,,1736412796.4879131,,1736412788
move,863,396,639.180737580006,,1736412796.4894776,,1736412788
move,864,396,637.0449574726609,,1736412796.4910474,,1736412788
move,867,396,1740.1344212418753,,1736412796.4927714,,1736412788
move,868,396,0,,1736412796.4927714,,1736412788
move,869,396,641.5270724992353,,1736412796.4943302,,1736412788
move,870,396,638.1110603986003,,1736412796.4958973,,1736412788
move,871,396,0,,1736412796.4958973,,1736412788
move,874,396,1585.148904006047,,1736412796.4977899,,1736412788
move,875,396,1934.6420664206642,,1736412796.4983068,,1736412788
move,876,396,640.9388753056235,,1736412796.499867,,1736412788
move,877,396,0,,1736412796.499867,,1736412788
move,878,396,670.0166134185304,,1736412796.5013595,,1736412788
move,879,396,0,,1736412796.5029285,,1736412788
move,881,396,1274.6707187357545,,1736412796.5029285,,1736412788
move,883,394,1796.1064652583566,,1736412796.5045033,,1736412788
move,884,394,634.4432007260626,,1736412796.5060794,,1736412788
move,887,394,1907.9472327520848,,1736412796.5076518,,1736412788
move,888,394,861.7842613519622,,1736412796.5088122,,1736412788
move,889,393,0,,1736412796.5088122,,1736412788
move,890,393,636.1753374791446,,1736412796.510384,,1736412788
move,891,393,657.414420062696,,1736412796.5119052,,1736412788
move,894,393,0,,1736412796.5119052,,1736412788
move,895,392,906.5629835726306,,1736412796.5134652,,1736412788
move,897,391,1418.0146450407135,,1736412796.515042,,1736412788
move,898,391,637.3353593678772,,1736412796.516611,,1736412788
move,900,391,0,,1736412796.5181763,,1736412788
move,901,391,638.8886519421172,,1736412796.5181763,,1736412788
move,902,390,1114.3418375945373,,1736412796.5194454,,1736412788
move,903,390,627.1387559808612,,1736412796.52104,,1736412788
move,904,390,992.2649633309676,,1736412796.5220478,,1736412788
move,905,390,1957.2113859076062,,1736412796.5225587,,1736412788
move,908,389,0,,1736412796.5225587,,1736412788
move,909,389,306.66842143744975,,1736412796.5258195,,1736412788
move,911,387,2484.9776294577805,,1736412796.5269578,,1736412788
move,912,387,639.7657107992678,,1736412796.5285208,,1736412788
move,914,386,1971.982519406913,,1736412796.5296547,,1736412788
move,915,386,0,,1736412796.5296547,,1736412788
move,916,385,893.0505271779167,,1736412796.5312383,,1736412788
move,917,385,642.2146685040576,,1736412796.5327954,,1736412788
move,919,385,0,,1736412796.5327954,,1736412788
move,921,384,732.0284781688479,,1736412796.53585,,1736412788
move,922,384,0,,1736412796.53585,,1736412788
move,923,383,894.9368740971216,,1736412796.5374303,,1736412788
move,924,383,630.8172657542488,,1736412796.5390155,,1736412788
move,925,383,0,,1736412796.5390155,,1736412788
move,925,382,840.2051282051282,,1736412796.5402057,,1736412788
move,926,382,638.1110603986003,,1736412796.5417728,,1736412788
move,927,382,979.977570093458,,1736412796.5427933,,1736412788
move,929,382,3788.8925022583558,,1736412796.5433211,,1736412788
move,930,382,660.9366530097699,,1736412796.5448341,,1736412788
move,930,380,0,,1736412796.5448341,,1736412788
move,931,380,642.0180621460279,,1736412796.5463917,,1736412788
move,933,379,1426.6426623515788,,1736412796.547959,,1736412788
move,934,379,703.5062059711506,,1736412796.5493805,,1736412788
move,936,378,936.2832047817988,,1736412796.5517688,,1736412788
move,937,378,0,,1736412796.5517688,,1736412788
move,938,378,658.3431172500392,,1736412796.5532877,,1736412788
move,939,377,897.5096991247877,,1736412796.5548635,,1736412788
move,940,377,376.9822038468452,,1736412796.557516,,1736412788
move,941,376,0,,1736412796.5590591,,1736412788
move,942,376,648.0692212608158,,1736412796.5590591,,1736412788
move,944,376,1267.9274486094316,,1736412796.5606365,,1736412788
move,945,375,0,,1736412796.5606365,,1736412788
move,946,375,642.2146685040576,,1736412796.5621936,,1736412788
move,947,375,660.2084054777271,,1736412796.5637083,,1736412788
move,947,374,0,,1736412796.5637083,,1736412788
move,948,372,1431.4329765414038,,1736412796.5652704,,1736412788
move,949,372,635.2118733908829,,1736412796.5668447,,1736412788
move,950,372,0,,1736412796.5668447,,1736412788
move,952,372,1266.9699441172029,,1736412796.5684233,,1736412788
move,954,371,980.938067388273,,1736412796.5707028,,1736412788
move,955,370,2061.7454297934387,,1736412796.572953,,1736412788
move,956,370,639.2781588172535,,1736412796.5739639,,1736412788
move,957,369,929.2874199460633,,1736412796.5744748,,1736412788
move,959,369,0,,1736412796.5759392,,1736412788
move,960,369,682.8889612504071,,1736412796.5759392,,1736412788
move,961,369,630.8172657542488,,1736412796.5775244,,1736412788
move,963,369,1275.0582155342756,,1736412796.579093,,1736412788
move,964,368,1059.4108950733564,,1736412796.580992,,1736412788
move,966,367,1073.5747324060528,,1736412796.5825107,,1736412788
move,967,367,988.9893892949776,,1736412796.5840447,,1736412788
move,968,367,645.9732019097489,,1736412796.58507,,1736412788
move,969,367,0,,1736412796.58507,,1736412788
move,970,365,1743.261870315851,,1736412796.5863526,,1736412788
move,971,365,603.4101568119695,,1736412796.5880098,,1736412788
move,972,364,0,,1736412796.5880098,,1736412788
move,974,364,1284.6260336906585,,1736412796.5895667,,1736412788
move,975,364,637.0449574726609,,1736412796.5911365,,1736412788
move,976,364,0,,1736412796.5911365,,1736412788
move,977,364,912.2018268812527,,1736412796.5922327,,1736412788
move,978,363,877.202248079817,,1736412796.593845,,1736412788
move,979,363,642.0180621460279,,1736412796.5954025,,1736412788
move,980,363,0,,1736412796.596917,,1736412788
move,982,362,885.3723083450654,,1736412796.597928,,1736412788
move,983,362,1977.5124941065535,,1736412796.5984337,,1736412788
move,984,362,0,,1736412796.6,,1736412788
move,985,361,902.9748213602866,,1736412796.6,,1736412788
move,986,361,640.0585991149092,,1736412796.6015623,,1736412788
move,987,361,0,,1736412796.6015623,,1736412788
move,988,360,862.4079094963249,,1736412796.603202,,1736412788
move,989,360,632.148304446119,,1736412796.604784,,1736412788
move,991,360,0,,1736412796.604784,,1736412788
move,993,359,724.0040807703627,,1736412796.6078725,,1736412788
move,994,359,634.8273043741486,,1736412796.6094477,,1736412788
move,995,357,0,,1736412796.6110265,,1736412788
move,997,357,1266.778616732105,,1736412796.6120534,,1736412788
move,998,357,973.8342233573253,,1736412796.6120534,,1736412788
move,999,357,632.0530440024111,,1736412796.6136355,,1736412788
move,1000,357,0,,1736412796.6136355,,1736412788
move,1001,356,897.2381790221937,,1736412796.6152117,,1736412788
move,1002,356,620.7346455527601,,1736412796.6168227,,1736412788
move,1003,356,940.0053787539221,,1736412796.6178865,,1736412788
move,1004,356,1901.3164097914778,,1736412796.6184125,,1736412788
move,1006,356,1279.5314215985356,,1736412796.6199756,,1736412788
move,1007,355,898.5974248622515,,1736412796.6215494,,1736412788
move,1008,355,0,,1736412796.6215494,,1736412788
move,1009,355,757.9154318756777,,1736412796.6228688,,1736412788
move,1010,355,0,,1736412796.6244814,,1736412788
move,1011,354,876.9428742631169,,1736412796.6244814,,1736412788
move,1012,354,640.8409472880061,,1736412796.626042,,1736412788
move,1014,354,0,,1736412796.6270504,,1736412788
move,1015,354,491.7120750293083,,1736412796.6280756,,1736412788
move,1016,353,1387.5185032785316,,1736412796.6290948,,1736412788
move,1017,353,638.3052807791812,,1736412796.6306615,,1736412788
move,1018,353,0,,1736412796.632229,,1736412788
move,1019,353,637.916958174905,,1736412796.632229,,1736412788
move,1020,353,700.6855997327096,,1736412796.6336563,,1736412788
move,1022,353,0,,1736412796.6336563,,1736412788
move,1023,353,628.266027561414,,1736412796.635248,,1736412788
move,1024,352,910.5989563272525,,1736412796.636801,,1736412788
move,1025,352,627.7018856629752,,1736412796.638394,,1736412788
move,1026,352,0,,1736412796.6399717,,1736412788
move,1027,352,633.8679159740063,,1736412796.6399717,,1736412788
move,1028,352,639.6681409181028,,1736412796.641535,,1736412788
move,1030,352,1319.585968224005,,1736412796.6430507,,1736412788
move,1031,352,965.5395948434623,,1736412796.6440864,,1736412788
move,1032,352,0,,1736412796.6440864,,1736412788
move,1033,352,521.6796019900497,,1736412796.6460032,,1736412788
move,1034,352,641.6252103411351,,1736412796.6475618,,1736412788
move,1035,351,0,,1736412796.6491778,,1736412788
move,1036,351,618.8114488049572,,1736412796.6491778,,1736412788
move,1037,351,636.6581663630844,,1736412796.6507485,,1736412788
move,1039,351,0,,1736412796.6507485,,1736412788
move,1040,351,479.84258094039586,,1736412796.6528325,,1736412788
move,1041,351,637.3353593678772,,1736412796.6544015,,1736412788
move,1042,351,990.1567516525024,,1736412796.6554115,,1736412788
move,1043,351,880.2316894018887,,1736412796.6565475,,1736412788
move,1044,351,0,,1736412796.6565475,,1736412788
move,1045,351,632.3389115030906,,1736412796.658129,,1736412788
move,1047,349,1789.3338164451652,,1736412796.6597097,,1736412788
move,1049,349,1274.4770586447887,,1736412796.661279,,1736412788
move,1052,349,1907.9472327520848,,1736412796.6628513,,1736412788
move,1053,349,330.57250945775536,,1736412796.6658764,,1736412788
move,1054,349,0,,1736412796.6658764,,1736412788
move,1055,349,632.0530440024111,,1736412796.6674585,,1736412788
move,1056,348,1127.9029476166045,,1736412796.6687124,,1736412788
move,1057,348,0,,1736412796.6687124,,1736412788
move,1058,348,640.7430491903452,,1736412796.670273,,1736412788
move,1060,348,1285.6104214559386,,1736412796.6718287,,1736412788
move,1061,348,0,,1736412796.6718287,,1736412788
move,1062,348,655.1552639800062,,1736412796.673355,,1736412788
move,1063,348,0,,1736412796.674942,,1736412788
move,1064,348,630.1538461538462,,1736412796.674942,,1736412788
move,1065,348,641.4289646734975,,1736412796.676501,,1736412788
move,1066,348,0,,1736412796.6780646,,1736412788
move,1067,347,904.4894177364627,,1736412796.6780646,,1736412788
move,1070,347,1847.1685261303583,,1736412796.6796887,,1736412788
move,1072,347,1273.5096402003946,,1736412796.6812592,,1736412788
move,1074,347,1283.6431522570772,,1736412796.6828172,,1736412788
move,1075,347,987.1273240762532,,1736412796.6838303,,1736412788
move,1076,347,1978.445283018868,,1736412796.6843357,,1736412788
move,1077,346,1405.93543529645,,1736412796.6853416,,1736412788
move,1079,346,1293.3407338883749,,1736412796.686888,,1736412788
move,1081,346,0,,1736412796.686888,,1736412788
move,1082,346,622.4850103888394,,1736412796.6884944,,1736412788
move,1084,346,0,,1736412796.6900613,,1736412788
move,1085,346,638.208155812538,,1736412796.6900613,,1736412788
move,1086,346,625.9221011789285,,1736412796.691659,,1736412788
move,1088,346,1603.94034416826,,1736412796.692906,,1736412788
move,1090,345,2210.926181588703,,1736412796.6939173,,1736412788
move,1091,345,1972.8617121354657,,1736412796.6944242,,1736412788
move,1092,344,1403.2745686102962,,1736412796.695432,,1736412788
move,1095,344,0,,1736412796.6970985,,1736412788
move,1096,344,424.48173261815606,,1736412796.6977878,,1736412788
move,1097,344,1911.7155879671832,,1736412796.6983109,,1736412788
move,1099,344,1339.1775223499362,,1736412796.6998043,,1736412788
move,1101,344,1590.5589685248387,,1736412796.7010617,,1736412788
move,1102,344,0,,1736412796.7010617,,1736412788
move,1104,344,1281.4860983806905,,1736412796.7026224,,1736412788
move,1105,342,1704.2974490821875,,1736412796.7039344,,1736412788
move,1106,342,1935.534840793724,,1736412796.704451,,1736412788
move,1109,342,2969.0684285040115,,1736412796.7054615,,1736412788
move,1110,342,0,,1736412796.7070296,,1736412788
move,1112,341,1425.991920678011,,1736412796.7070296,,1736412788
move,1114,341,1272.5436893203882,,1736412796.7086012,,1736412788
move,1115,341,809.3986877653416,,1736412796.7098367,,1736412788
move,1117,341,0,,1736412796.7098367,,1736412788
move,1118,341,608.4874510372842,,1736412796.7114801,,1736412788
move,1121,341,2296.1518248175184,,1736412796.7127867,,1736412788
move,1122,340,0,,1736412796.7127867,,1736412788
move,1123,340,637.7229740003041,,1736412796.7143548,,1736412788
move,1124,340,0,,1736412796.7159243,,1736412788
move,1127,339,2014.8190550136526,,1736412796.7159243,,1736412788
move,1128,339,619.2682710763326,,1736412796.717539,,1736412788
move,1129,339,0,,1736412796.719129,,1736412788
move,1131,338,1406.3201173038353,,1736412796.719129,,1736412788
move,1134,338,2494.629659000793,,1736412796.7203317,,1736412788
move,1135,338,658.5498508400062,,1736412796.7218502,,1736412788
move,1136,338,0,,1736412796.7218502,,1736412788
move,1137,336,1421.2378939686737,,1736412796.7234235,,1736412788
move,1140,336,0,,1736412796.7249994,,1736412788
move,1141,336,634.5391830559757,,1736412796.7249994,,1736412788
move,1142,336,701.6232853797256,,1736412796.7264247,,1736412788
move,1144,336,1810.2304704359085,,1736412796.7275295,,1736412788
move,1147,336,0,,1736412796.729106,,1736412788
move,1148,336,634.3472474289172,,1736412796.729106,,1736412788
move,1149,336,656.3856025039123,,1736412796.7306294,,1736412788
move,1152,335,2322.4573348196245,,1736412796.731991,,1736412788
move,1153,335,0,,1736412796.731991,,1736412788
move,1154,334,657.7557775022979,,1736412796.734141,,1736412788
move,1157,334,5924.1581920903955,,1736412796.7346475,,1736412788
move,1158,334,0,,1736412796.7346475,,1736412788
move,1159,334,467.071714922049,,1736412796.7367885,,1736412788
move,1161,333,3857.9797870420725,,1736412796.737368,,1736412788
move,1164,333,2107.6904522613067,,1736412796.7387915,,1736412788
move,1166,333,933.9354264083723,,1736412796.740933,,1736412788
move,1168,333,0,,1736412796.741954,,1736412788
move,1169,332,1384.92682734432,,1736412796.741954,,1736412788
move,1171,332,1265.4409413184492,,1736412796.7435346,,1736412788
move,1172,332,642.5098039215686,,1736412796.745091,,1736412788
move,1175,332,2744.9633507853405,,1736412796.7461839,,1736412788
move,1176,332,766.783180987203,,1736412796.747488,,1736412788
move,1177,332,0,,1736412796.747488,,1736412788
move,1179,330,1812.8489002187416,,1736412796.7490482,,1736412788
move,1181,330,1895.3023045639404,,1736412796.7501035,,1736412788
move,1182,330,0,,1736412796.7501035,,1736412788
move,1184,330,943.0700393479483,,1736412796.7522242,,1736412788
move,1185,330,1965.4657919400188,,1736412796.752733,,1736412788
move,1186,330,637.3353593678772,,1736412796.754302,,1736412788
move,1188,330,0,,1736412796.754302,,1736412788
move,1190,330,1274.2834573902476,,1736412796.7558715,,1736412788
move,1191,329,1261.2463537137407,,1736412796.7569928,,1736412788
move,1192,329,0,,1736412796.7569928,,1736412788
move,1195,329,1900.1679250981576,,1736412796.7585716,,1736412788
move,1196,329,0,,1736412796.7585716,,1736412788
move,1198,329,1268.8864014521253,,1736412796.7601478,,1736412788
move,1201,329,1920.1757973447277,,1736412796.7617102,,1736412788
move,1201,328,0,,1736412796.7617102,,1736412788
move,1203,328,1279.3362818362057,,1736412796.7632735,,1736412788
move,1204,328,639.0833460307786,,1736412796.765363,,1736412788
move,1205,328,1905.6356201726487,,1736412796.765363,,1736412788
move,1208,328,2974.6836879432626,,1736412796.7663715,,1736412788
move,1209,328,659.7929841120025,,1736412796.767887,,1736412788
move,1210,327,1403.6066260093996,,1736412796.7688947,,1736412788
move,1213,327,0,,1736412796.7688947,,1736412788
move,1214,327,638.8886519421172,,1736412796.77046,,1736412788
move,1216,327,1271.0012121212121,,1736412796.7720335,,1736412788
move,1219,327,0,,1736412796.7720335,,1736412788
move,1220,327,601.2477064220184,,1736412796.7736967,,1736412788
move,1222,326,0,,1736412796.7750854,,1736412788
move,1223,326,720.0521888412018,,1736412796.7750854,,1736412788
move,1225,326,1314.4167972422438,,1736412796.776607,,1736412788
move,1227,326,1822.8179052585833,,1736412796.7777042,,1736412788
move,1228,325,0,,1736412796.7777042,,1736412788
move,1231,325,1876.0864768152676,,1736412796.7793033,,1736412788
move,1233,325,1455.0924544666088,,1736412796.7806778,,1736412788
move,1234,325,858.6088024564995,,1736412796.7818425,,1736412788
move,1235,325,0,,1736412796.7818425,,1736412788
move,1238,323,2291.6772445648903,,1736412796.7834158,,1736412788
move,1240,323,1266.9699441172029,,1736412796.7849944,,1736412788
move,1242,323,0,,1736412796.7849944,,1736412788
move,1243,323,482.103908045977,,1736412796.7870686,,1736412788
move,1245,323,0,,1736412796.7880926,,1736412788
move,1246,323,753.1520919375113,,1736412796.7883964,,1736412788
move,1249,323,2970.470254957507,,1736412796.7894063,,1736412788
move,1250,323,638.3052807791812,,1736412796.790973,,1736412788
move,1252,323,0,,1736412796.790973,,1736412788
move,1255,322,2004.4663501820878,,1736412796.7925506,,1736412788
move,1256,322,0,,1736412796.794124,,1736412788
move,1259,322,1906.7907258675557,,1736412796.794124,,1736412788
move,1260,321,904.7653449535879,,1736412796.795687,,1736412788
move,1262,321,0,,1736412796.797128,,1736412788
move,1263,321,510.6908559600633,,1736412796.7981737,,1736412788
move,1266,321,2876.0941714285714,,1736412796.7986882,,1736412788
move,1267,321,988.7562470532768,,1736412796.7996995,,1736412788
move,1269,321,3934.6191369606004,,1736412796.801216,,1736412788
move,1270,321,992.0302743614002,,1736412796.801216,,1736412788
move,1273,320,2028.0663362622133,,1736412796.8027751,,1736412788
move,1275,320,0,,1736412796.8027751,,1736412788
move,1277,320,1258.4170417041705,,1736412796.8043644,,1736412788
move,1279,320,0,,1736412796.8059812,,1736412788
move,1282,320,1855.613036425306,,1736412796.8059812,,1736412788
move,1283,320,638.0139945238819,,1736412796.8075485,,1736412788
move,1285,318,2638.6306056564604,,1736412796.8086205,,1736412788
move,1288,318,0,,1736412796.8102105,,1736412788
move,1289,318,628.9254760833708,,1736412796.8102105,,1736412788
move,1291,318,1313.5934857500783,,1736412796.811733,,1736412788
move,1294,317,0,,1736412796.811733,,1736412788
move,1295,317,615.6324673418464,,1736412796.8133574,,1736412788
move,1298,317,2105.9266945606696,,1736412796.814782,,1736412788
move,1300,316,0,,1736412796.814782,,1736412788
move,1301,316,635.9824109173617,,1736412796.8163543,,1736412788
move,1304,316,1920.4688644688645,,1736412796.8179164,,1736412788
move,1306,316,0,,1736412796.818924,,1736412788
move,1309,316,2977.49929010885,,1736412796.818924,,1736412788
move,1310,314,1424.6922166640252,,1736412796.8204935,,1736412788
move,1314,314,0,,1736412796.8204935,,1736412788
move,1315,314,615.0005865102639,,1736412796.8221195,,1736412788
move,1318,314,1854.7924528301887,,1736412796.823737,,1736412788
move,1320,314,0,,1736412796.823737,,1736412788
move,1321,313,931.6226796789261,,1736412796.825255,,1736412788
move,1324,313,1919.2971323978036,,1736412796.826818,,1736412788
move,1326,313,0,,1736412796.826818,,1736412788
move,1329,312,1991.2256176482322,,1736412796.828406,,1736412788
move,1332,312,2627.4612653998747,,1736412796.829548,,1736412788
move,1333,312,0,,1736412796.8310723,,1736412788
move,1337,312,2623.899906162027,,1736412796.8310723,,1736412788
move,1338,311,928.5600503312027,,1736412796.8325953,,1736412788
move,1340,311,0,,1736412796.834163,,1736412788
move,1343,309,2300.042302187637,,1736412796.834163,,1736412788
move,1344,309,657.9300392156863,,1736412796.8356829,,1736412788
move,1348,308,0,,1736412796.8356829,,1736412788
move,1349,308,607.34202143064,,1736412796.8373294,,1736412788
move,1351,308,1265.2500754147813,,1736412796.83891,,1736412788
move,1354,308,2973.2778827977318,,1736412796.839919,,1736412788
move,1355,307,0,,1736412796.839919,,1736412788
move,1358,307,1923.698517046323,,1736412796.8414786,,1736412788
move,1360,307,1275.2520522955306,,1736412796.843047,,1736412788
move,1361,306,0,,1736412796.843047,,1736412788
move,1364,306,1893.8759783263095,,1736412796.844631,,1736412788
move,1366,305,0,,1736412796.845941,,1736412788
move,1367,305,763.2946314831665,,1736412796.845941,,1736412788
move,1370,305,1896.7307808260475,,1736412796.8475227,,1736412788
move,1372,305,0,,1736412796.8475227,,1736412788
move,1375,303,2283.0281003749565,,1736412796.849102,,1736412788
move,1376,303,988.7562470532768,,1736412796.8501134,,1736412788
move,1379,302,2469.9355380176676,,1736412796.8513937,,1736412788
move,1381,302,0,,1736412796.853054,,1736412788
move,1384,301,1904.5884318143128,,1736412796.853054,,1736412788
move,1385,301,635.7896013339397,,1736412796.854627,,1736412788
move,1388,299,0,,1736412796.854627,,1736412788
move,1390,299,1313.7992169146437,,1736412796.8561492,,1736412788
move,1393,298,2015.737665525057,,1736412796.857718,,1736412788
move,1394,298,0,,1736412796.8592916,,1736412788
move,1397,297,2009.6293695689205,,1736412796.8592916,,1736412788
move,1399,297,1976.5805843543826,,1736412796.8603034,,1736412788
move,1400,296,1214.0076957666236,,1736412796.8614683,,1736412788
move,1403,296,1914.9158423375438,,1736412796.863035,,1736412788
move,1404,294,0,,1736412796.863035,,1736412788
move,1408,294,2566.5008413645405,,1736412796.8645935,,1736412788
move,1409,294,705.5179142136249,,1736412796.866011,,1736412788
move,1411,293,4310.086793336065,,1736412796.8665297,,1736412788
move,1414,292,3136.33337412033,,1736412796.867538,,1736412788
move,1417,292,1864.4113201955845,,1736412796.869147,,1736412788
move,1418,291,0,,1736412796.869147,,1736412788
move,1419,291,780.6260934301135,,1736412796.870428,,1736412788
move,1422,289,0,,1736412796.8720238,,1736412788
move,1424,289,1253.3405050052293,,1736412796.8720238,,1736412788
move,1425,288,899.8242720745939,,1736412796.8735955,,1736412788
move,1429,287,0,,1736412796.8751512,,1736412788
move,1430,287,642.8052107279693,,1736412796.8751512,,1736412788
move,1433,286,2022.8082719467554,,1736412796.8767145,,1736412788
move,1434,285,0,,1736412796.8767145,,1736412788
move,1436,285,1275.0582155342756,,1736412796.878283,,1736412788
move,1437,283,1418.4435665909375,,1736412796.8798594,,1736412788
move,1440,283,0,,1736412796.8798594,,1736412788
move,1443,282,2441.744079373136,,1736412796.8811545,,1736412788
move,1445,282,1268.6944948578343,,1736412796.882731,,1736412788
move,1446,281,0,,1736412796.882731,,1736412788
move,1447,281,630.1538461538462,,1736412796.8843179,,1736412788
move,1450,281,1962.4004990642545,,1736412796.8858466,,1736412788
move,1453,280,0,,1736412796.8858466,,1736412788
move,1454,278,1436.9157135436308,,1736412796.8874028,,1736412788
move,1456,278,0,,1736412796.8889942,,1736412788
move,1457,277,888.6354459199584,,1736412796.8889942,,1736412788
move,1460,277,1930.1905200184078,,1736412796.8905485,,1736412788
move,1461,276,1273.978007198394,,1736412796.8916585,,1736412788
move,1463,276,1939.1141932501155,,1736412796.89269,,1736412788
move,1464,275,2765.33407996071,,1736412796.8932014,,1736412788
move,1466,274,1429.687326570012,,1736412796.8947654,,1736412788
move,1468,274,0,,1736412796.8947654,,1736412788
move,1471,272,2290.982902118423,,1736412796.8963392,,1736412788
move,1472,272,655.9749765405068,,1736412796.8978636,,1736412788
move,1473,271,2550.1468622165617,,1736412796.8984182,,1736412788
move,1475,271,1312.976678666458,,1736412796.8999414,,1736412788
move,1477,271,1989.707779886148,,1736412796.9009466,,1736412788
move,1478,270,0,,1736412796.9020529,,1736412788
move,1480,269,2021.2820823920858,,1736412796.9020529,,1736412788
move,1481,269,666.5030986810742,,1736412796.9035532,,1736412788
move,1482,269,768.1875457875458,,1736412796.904855,,1736412788
move,1484,266,0,,1736412796.904855,,1736412788
move,1486,266,1317.9274155538099,,1736412796.9063725,,1736412788
move,1487,266,637.916958174905,,1736412796.9079401,,1736412788
move,1489,266,0,,1736412796.9079401,,1736412788
move,1491,265,1447.337787391864,,1736412796.909485,,1736412788
move,1492,264,904.0758423282613,,1736412796.9110494,,1736412788
move,1493,264,0,,1736412796.9110494,,1736412788
move,1494,264,638.4024353120244,,1736412796.9126158,,1736412788
move,1496,263,1472.5622330506012,,1736412796.9141343,,1736412788
move,1497,263,0,,1736412796.9141343,,1736412788
move,1499,262,2207.8034044960636,,1736412796.915147,,1736412788
move,1500,261,1144.2209879467057,,1736412796.916383,,1736412788
move,1503,259,2528.469843986576,,1736412796.917809,,1736412788
move,1506,258,2000.8378094968887,,1736412796.9209938,,1736412788
move,1507,258,623.3175806211918,,1736412796.9209938,,1736412788
move,1509,257,1032.10618051054,,1736412796.9231603,,1736412788
move,1510,256,1129.8364955268044,,1736412796.924412,,1736412788
move,1512,254,1998.8682734678086,,1736412796.925827,,1736412788
move,1513,254,0,,1736412796.925827,,1736412788
move,1514,254,643.0022995554193,,1736412796.9289634,,1736412788
move,1515,253,894.3971051742645,,1736412796.9289634,,1736412788
move,1516,252,818.4961503402404,,1736412796.9306912,,1736412788
move,1517,252,898.1379014989293,,1736412796.9318047,,1736412788
move,1518,252,897.3692768506633,,1736412796.932919,,1736412788
move,1518,251,1768.256323777403,,1736412796.9334846,,1736412788
move,1519,250,1296.5336833914148,,1736412796.9345753,,1736412788
move,1521,250,1279.9218797680805,,1736412796.936138,,1736412788
move,1522,250,0,,1736412796.936138,,1736412788
move,1523,249,878.6315511058691,,1736412796.9377475,,1736412788
move,1524,249,637.4322188449848,,1736412796.9393163,,1736412788
move,1524,248,633.9637243047158,,1736412796.9408937,,1736412788
move,1525,248,0,,1736412796.9408937,,1736412788
move,1526,246,1419.7318895397032,,1736412796.9424686,,1736412788
move,1527,246,633.8679159740063,,1736412796.9451194,,1736412788
move,1529,245,1401.0679507468299,,1736412796.9456422,,1736412788
move,1530,244,902.5626295672128,,1736412796.9472091,,1736412788
move,1531,244,637.3353593678772,,1736412796.9487782,,1736412788
move,1532,243,898.7335759872307,,1736412796.9503517,,1736412788
move,1533,242,897.6455208104907,,1736412796.9519272,,1736412788
move,1534,241,538.603614048463,,1736412796.954553,,1736412788
move,1535,241,781.3532041728763,,1736412796.9558327,,1736412788
move,1535,240,642.1163502755664,,1736412796.95739,,1736412788
move,1537,240,0,,1736412796.9589655,,1736412788
move,1538,238,1419.3021886046124,,1736412796.9589655,,1736412788
move,1539,238,640.3517557251909,,1736412796.9605272,,1736412788
move,1539,237,719.5580717104134,,1736412796.961917,,1736412788
move,1540,236,553.5829772763157,,1736412796.9650397,,1736412788
move,1541,236,852.6741207562512,,1736412796.9656444,,1736412788
move,1541,235,905.7015763334053,,1736412796.9667485,,1736412788
move,1542,235,0,,1736412796.9667485,,1736412788
move,1542,234,635.6932403758715,,1736412796.9683216,,1736412788
move,1543,234,631.6722891566266,,1736412796.9699047,,1736412788
move,1543,233,638.4996194245699,,1736412796.9714708,,1736412788
move,1544,233,637.3353593678772,,1736412796.9730399,,1736412788
move,1546,232,0,,1736412796.9730399,,1736412788
move,1547,232,368.7948650312143,,1736412796.9757514,,1736412788
move,1547,231,0,,1736412796.9757514,,1736412788
move,1548,231,563.3719274680994,,1736412796.9775264,,1736412788
move,1548,229,1490.2483567241072,,1736412796.9788685,,1736412788
move,1549,229,0,,1736412796.9788685,,1736412788
move,1549,228,642.5098039215686,,1736412796.980425,,1736412788
move,1550,228,637.7229740003041,,1736412796.981993,,1736412788
move,1550,227,0,,1736412796.981993,,1736412788
move,1551,227,639.5706007929247,,1736412796.9835565,,1736412788
move,1552,227,0,,1736412796.9835565,,1736412788
move,1552,226,462.89636905418826,,1736412796.9857168,,1736412788
move,1554,225,4346.037470944985,,1736412796.9862313,,1736412788
move,1554,224,646.8698334361505,,1736412796.9877772,,1736412788
move,1555,224,631.3870239349692,,1736412796.989361,,1736412788
move,1556,224,630.0591858194382,,1736412796.9913907,,1736412788
move,1556,223,2259.862068965517,,1736412796.9920669,,1736412788
move,1557,221,1890.8767867538868,,1736412796.9925733,,1736412788
move,1558,220,906.9788381522511,,1736412796.9941325,,1736412788
move,1559,220,639.8633104500382,,1736412796.9956954,,1736412788
move,1559,219,954.1182893539582,,1736412796.9967434,,1736412788
move,1560,219,970.2299329169558,,1736412796.9977741,,1736412788
move,1562,218,2218.7719096993796,,1736412796.998782,,1736412788
move,1563,218,705.9929304830837,,1736412797.0001984,,1736412788
move,1563,217,635.5969086225185,,1736412797.0017717,,1736412788
move,1564,216,0,,1736412797.0017717,,1736412788
move,1565,215,892.6473440956693,,1736412797.003356,,1736412788
move,1566,213,724.2277113744617,,1736412797.0069902,,1736412788
move,1567,213,637.1417286951238,,1736412797.008013,,1736412788
move,1568,212,0,,1736412797.008013,,1736412788
move,1570,211,1440.2255623923954,,1736412797.0095656,,1736412788
move,1571,210,453.9058464581973,,1736412797.0126812,,1736412788
move,1572,210,0,,1736412797.0126812,,1736412788
move,1572,209,638.5968331303288,,1736412797.0142472,,1736412788
move,1573,209,637.3353593678772,,1736412797.0158162,,1736412788
move,1574,209,0,,1736412797.0169413,,1736412788
move,1574,206,2666.4361093452003,,1736412797.0169413,,1736412788
move,1575,206,622.300296735905,,1736412797.0185483,,1736412788
move,1576,206,0,,1736412797.0185483,,1736412788
move,1577,206,635.8859915100061,,1736412797.0201209,,1736412788
move,1579,205,1536.4922775719656,,1736412797.0215762,,1736412788
move,1581,204,1402.5345988184954,,1736412797.0231705,,1736412788
move,1582,203,446.3572579965176,,1736412797.0263388,,1736412788
move,1583,203,965.9843390142792,,1736412797.027374,,1736412788
move,1583,202,707.8994092827004,,1736412797.0287867,,1736412788
move,1585,202,0,,1736412797.0287867,,1736412788
move,1586,202,634.7312348668281,,1736412797.0303621,,1736412788
move,1586,201,655.0529439325317,,1736412797.0318887,,1736412788
move,1587,201,0,,1736412797.0318887,,1736412788
move,1588,201,640.1562881562882,,1736412797.0334508,,1736412788
move,1589,201,637.2385293223944,,1736412797.03502,,1736412788
move,1590,200,0,,1736412797.03502,,1736412788
move,1591,200,637.0449574726609,,1736412797.0365899,,1736412788
move,1593,198,2614.7858062665737,,1736412797.0376716,,1736412788
move,1595,198,1221.5826416193388,,1736412797.0393088,,1736412788
move,1596,197,902.8373822702774,,1736412797.0408752,,1736412788
move,1597,196,1135.4597246393037,,1736412797.0421207,,1736412788
move,1598,196,636.3683811257775,,1736412797.043692,,1736412788
move,1601,196,1926.9390505359877,,1736412797.045249,,1736412788
move,1602,195,906.4244501093708,,1736412797.0468092,,1736412788
move,1603,195,0,,1736412797.0468092,,1736412788
move,1605,195,502.2817795341596,,1736412797.050791,,1736412788
move,1607,195,0,,1736412797.050791,,1736412788
move,1608,194,929.5786869637553,,1736412797.0523124,,1736412788
move,1609,194,634.4432007260626,,1736412797.0538886,,1736412788
move,1610,194,913.7917211328976,,1736412797.054983,,1736412788
move,1610,193,0,,1736412797.054983,,1736412788
move,1611,193,637.4322188449848,,1736412797.0565517,,1736412788
move,1612,193,0,,1736412797.058123,,1736412788
move,1613,193,636.3683811257775,,1736412797.0591948,,1736412788
move,1615,192,2086.4847302111853,,1736412797.0591948,,1736412788
move,1616,192,636.3683811257775,,1736412797.0607662,,1736412788
move,1617,192,0,,1736412797.0607662,,1736412788
move,1618,192,475.2213913437571,,1736412797.0628705,,1736412788
move,1618,190,1987.8218009478674,,1736412797.0638766,,1736412788
move,1620,190,0,,1736412797.0638766,,1736412788
move,1622,190,1280.1171982298183,,1736412797.066999,,1736412788
move,1623,189,906.5629835726306,,1736412797.066999,,1736412788
move,1624,189,632.529633539436,,1736412797.06858,,1736412788
move,1625,189,934.7679964341431,,1736412797.0696497,,1736412788
move,1627,189,1211.0015879890284,,1736412797.0713012,,1736412788
move,1627,188,641.1348211556099,,1736412797.072861,,1736412788
move,1628,188,0,,1736412797.072861,,1736412788
move,1630,188,1263.5348697092936,,1736412797.0744438,,1736412788
move,1631,188,0,,1736412797.0760112,,1736412788
move,1632,187,902.2880440395076,,1736412797.0760112,,1736412788
move,1633,187,636.4649468892261,,1736412797.0775824,,1736412788
move,1635,187,1257.2853717026378,,1736412797.079173,,1736412788
move,1635,186,992.2649633309676,,1736412797.080181,,1736412788
move,1637,186,1272.157719138611,,1736412797.081753,,1736412788
move,1638,186,0,,1736412797.081753,,1736412788
move,1639,185,907.8116929163946,,1736412797.0833108,,1736412788
move,1640,185,737.7843447669305,,1736412797.0846663,,1736412788
move,1641,185,637.0449574726609,,1736412797.086236,,1736412788
move,1642,184,833.681180817389,,1736412797.0879323,,1736412788
move,1643,184,0,,1736412797.0879323,,1736412788
move,1645,184,1273.7030063771638,,1736412797.0895026,,1736412788
move,1646,182,2190.2729711114616,,1736412797.0905235,,1736412788
move,1647,182,797.093120486507,,1736412797.0929422,,1736412788
move,1648,182,858.9604751177554,,1736412797.0929422,,1736412788
move,1648,181,637.7229740003041,,1736412797.0945103,,1736412788
move,1649,181,0,,1736412797.096075,,1736412788
move,1650,180,903.8003354435049,,1736412797.096075,,1736412788
move,1651,180,529.1829422154933,,1736412797.0979648,,1736412788
move,1653,180,1453.076043651481,,1736412797.0993412,,1736412788
move,1654,179,928.5600503312027,,1736412797.1008642,,1736412788
move,1655,179,0,,1736412797.1019812,,1736412788
move,1656,178,547.5024553734283,,1736412797.1034472,,1736412788
move,1657,178,0,,1736412797.1050072,,1736412788
move,1658,178,641.0368332569158,,1736412797.1050072,,1736412788
move,1659,177,535.2018047023118,,1736412797.1076496,,1736412788
move,1660,177,0,,1736412797.1076496,,1736412788
move,1662,176,711.6974398466594,,1736412797.1107914,,1736412788
move,1663,176,1916.0822293284605,,1736412797.1113133,,1736412788
move,1664,174,2101.4449613038937,,1736412797.1139476,,1736412788
move,1665,174,636.8515031885819,,1736412797.1139476,,1736412788
move,1666,174,379.74685377999094,,1736412797.116581,,1736412788
move,1666,173,0,,1736412797.1181405,,1736412788
move,1667,173,641.2328390154411,,1736412797.1181405,,1736412788
move,1668,173,617.6268590781917,,1736412797.1197596,,1736412788
move,1670,173,0,,1736412797.1197596,,1736412788
move,1670,172,321.35335580753906,,1736412797.1228714,,1736412788
move,1671,172,0,,1736412797.1228714,,1736412788
move,1672,172,633.580664652568,,1736412797.1260123,,1736412788
move,1674,171,715.4435015866411,,1736412797.1275752,,1736412788
move,1676,171,636.2718446601941,,1736412797.1307185,,1736412788
move,1677,171,0,,1736412797.1307185,,1736412788
move,1678,170,992.4111764289313,,1736412797.1321435,,1736412788
move,1679,170,305.7295721262483,,1736412797.1354144,,1736412788
move,1680,169,909.0638469755896,,1736412797.13697,,1736412788
move,1681,169,636.8515031885819,,1736412797.1385403,,1736412788
move,1682,169,318.7403298122958,,1736412797.1416776,,1736412788
move,1683,169,990.1567516525024,,1736412797.1438892,,1736412788
move,1685,169,1664.4063492063492,,1736412797.1438892,,1736412788
move,1685,168,639.2781588172535,,1736412797.1454535,,1736412788
move,1686,168,637.6260261477653,,1736412797.1470218,,1736412788
move,1687,168,640.7430491903452,,1736412797.1485825,,1736412788
move,1687,166,0,,1736412797.1485825,,1736412788
move,1688,166,310.00029563932003,,1736412797.1518083,,1736412788
move,1689,166,972.7050092764379,,1736412797.1528363,,1736412788
move,1690,166,0,,1736412797.1528363,,1736412788
move,1691,165,914.9532009124977,,1736412797.1559474,,1736412788
move,1693,165,637.4806596245916,,1736412797.1575193,,1736412788
move,1694,165,635.7896013339397,,1736412797.1590922,,1736412788
move,1695,165,0,,1736412797.1590922,,1736412788
move,1695,164,637.1417286951238,,1736412797.1606617,,1736412788
move,1696,164,633.9637243047158,,1736412797.162239,,1736412788
move,1697,164,619.4511888938118,,1736412797.1638534,,1736412788
move,1698,164,640.4495342800427,,1736412797.1654148,,1736412788
move,1699,164,633.6763861610515,,1736412797.166993,,1736412788
move,1701,163,1409.0668362829445,,1736412797.1685798,,1736412788
move,1702,163,0,,1736412797.170012,,1736412788
move,1703,163,333.83508436803567,,1736412797.1715753,,1736412788
move,1703,162,0,,1736412797.1731734,,1736412788
move,1704,162,625.7353423840071,,1736412797.1731734,,1736412788
move,1705,162,992.2649633309676,,1736412797.1741812,,1736412788
move,1706,162,782.2275270421485,,1736412797.1754596,,1736412788
move,1707,161,900.2339659304481,,1736412797.1770306,,1736412788
move,1709,161,1272.9298937784522,,1736412797.1786017,,1736412788
move,1710,161,0,,1736412797.1801603,,1736412788
move,1711,161,359.56313759108446,,1736412797.181383,,1736412788
move,1712,160,854.9497840178326,,1736412797.183037,,1736412788
move,1713,160,0,,1736412797.183037,,1736412788
move,1713,158,1270.8086653537343,,1736412797.1846108,,1736412788
move,1714,158,976.5550640279395,,1736412797.186159,,1736412788
move,1715,158,531.8671062642658,,1736412797.187515,,1736412788
move,1716,158,0,,1736412797.1890757,,1736412788
move,1716,157,640.7430491903452,,1736412797.1890757,,1736412788
move,1718,157,1282.0736665138315,,1736412797.1906357,,1736412788
move,1719,157,0,,1736412797.1922078,,1736412788
move,1720,157,337.16270096463023,,1736412797.1936016,,1736412788
move,1721,156,0,,1736412797.1951718,,1736412788
move,1722,156,320.788068833652,,1736412797.196719,,1736412788
move,1723,155,0,,1736412797.196719,,1736412788
move,1724,154,444.71746899952933,,1736412797.199899,,1736412788
move,1726,154,0,,1736412797.199899,,1736412788
move,1727,154,336.2437069103736,,1736412797.202873,,1736412788
move,1727,153,634.0595616024187,,1736412797.2044501,,1736412788
move,1728,153,933.1043381535039,,1736412797.2055218,,1736412788
move,1729,153,735.3267882187938,,1736412797.2068818,,1736412788
move,1730,153,637.5291077671378,,1736412797.2084503,,1736412788
move,1731,152,896.8312067607684,,1736412797.2100272,,1736412788
move,1732,150,1256.3628750568357,,1736412797.211807,,1736412788
move,1734,150,742.2233233056096,,1736412797.2160704,,1736412788
move,1735,149,454.1838898557215,,1736412797.2176154,,1736412788
move,1736,149,643.7918649270913,,1736412797.2191687,,1736412788
move,1736,148,927.9433628318584,,1736412797.2202463,,1736412788
move,1737,148,271.56387180317256,,1736412797.224936,,1736412788
move,1738,147,508.41189693286384,,1736412797.2267103,,1736412788
move,1738,146,492.3469890832257,,1736412797.2287414,,1736412788
move,1739,146,386.75002305209773,,1736412797.231327,,1736412788
move,1739,145,930.4134871339841,,1736412797.2339706,,1736412788
move,1740,145,319.46865717114787,,1736412797.2368937,,1736412788
move,1740,144,339.9225220844477,,1736412797.2390153,,1736412788
move,1742,144,3693.7948040510787,,1736412797.2400334,,1736412788
move,1742,143,388.28957600444363,,1736412797.2415907,,1736412788
move,1743,143,0,,1736412797.2431545,,1736412788
move,1743,141,725.0936122396058,,1736412797.244349,,1736412788
move,1744,140,502.7667063498663,,1736412797.2471619,,1736412788
move,1745,140,320.1025719300923,,1736412797.2502859,,1736412788
move,1745,139,645.3768272041852,,1736412797.2518353,,1736412788
move,1746,139,638.5968331303288,,1736412797.2534013,,1736412788
move,1746,138,654.4396941800593,,1736412797.2549293,,1736412788
move,1746,137,623.0398098633393,,1736412797.2565343,,1736412788
move,1747,137,585.2245011859914,,1736412797.258243,,1736412788
move,1748,136,439.96748268177737,,1736412797.2614574,,1736412788
move,1748,135,639.0833460307786,,1736412797.2630222,,1736412788
move,1749,135,479.4586191129401,,1736412797.2651079,,1736412788
move,1749,133,1987.3508647239992,,1736412797.2661142,,1736412788
move,1751,132,514.1012367647469,,1736412797.2720191,,1736412788
move,1751,131,642.9037400367872,,1736412797.2720191,,1736412788
move,1752,131,320.22476714002136,,1736412797.275142,,1736412788
move,1752,130,619.725768321513,,1736412797.2767556,,1736412788
move,1752,129,469.00413731410043,,1736412797.2788877,,1736412788
move,1753,129,990.8584927947082,,1736412797.279897,,1736412788
move,1753,128,515.0176817288801,,1736412797.2818387,,1736412788
move,1754,127,907.9506507754053,,1736412797.284957,,1736412788
move,1754,125,647.3190832625975,,1736412797.2869961,,1736412788
move,1755,125,659.8967904342354,,1736412797.2890093,,1736412788
move,1755,124,659.8967904342354,,1736412797.2895167,,1736412788
move,1755,123,992.0302743614002,,1736412797.2905247,,1736412788
move,1756,123,307.9518355359765,,1736412797.293772,,1736412788
move,1756,122,628.4543002697034,,1736412797.2953632,,1736412788
move,1757,121,1317.2644018467072,,1736412797.298014,,1736412788
move,1757,120,276.59614877341073,,1736412797.3010588,,1736412788
move,1759,119,868.0811608940465,,1736412797.302628,,1736412788
move,1760,119,631.9578122645773,,1736412797.3042104,,1736412788
move,1760,117,1274.0899149453219,,1736412797.3057802,,1736412788
move,1760,116,623.6883271375465,,1736412797.3073835,,1736412788
move,1761,116,635.6932403758715,,1736412797.3099706,,1736412788
move,1761,115,454.61781920659007,,1736412797.3111563,,1736412788
move,1762,115,636.1753374791446,,1736412797.3127282,,1736412788
move,1762,114,881.8973927670311,,1736412797.313862,,1736412788
move,1763,113,0,,1736412797.313862,,1736412788
move,1764,113,319.8828553996339,,1736412797.3169882,,1736412788
move,1764,112,624.80321763742,,1736412797.3185887,,1736412788
move,1764,111,639.9609398840403,,1736412797.3201513,,1736412788
move,1765,111,741.5671852899576,,1736412797.3214998,,1736412788
move,1765,110,595.7818181818182,,1736412797.3231783,,1736412788
move,1765,108,1259.1726208345842,,1736412797.3247666,,1736412788
move,1767,108,658.8601947847942,,1736412797.3278022,,1736412788
move,1767,107,0,,1736412797.3290105,,1736412788
move,1768,107,383.70725459701765,,1736412797.3319278,,1736412788
move,1768,106,658.1365134159737,,1736412797.3319278,,1736412788
move,1769,106,376.7790154509522,,1736412797.3345819,,1736412788
move,1769,105,0,,1736412797.3361428,,1736412788
move,1769,104,320.22476714002136,,1736412797.3377047,,1736412788
move,1770,104,616.9908796704913,,1736412797.3409033,,1736412788
move,1770,103,322.8622892771919,,1736412797.3439791,,1736412788
move,1771,103,642.5098039215686,,1736412797.3439791,,1736412788
move,1772,103,225.3064030941126,,1736412797.3484175,,1736412788
move,1772,102,641.4289646734975,,1736412797.3499765,,1736412788
move,1772,100,269.19350490982606,,1736412797.3589678,,1736412788
move,1773,100,187.6898017631002,,1736412797.362734,,1736412788
move,1773,99,128.12903619978616,,1736412797.3705387,,1736412788
move,1773,98,12.800351572156218,,1736412797.4486616,,1736412788
move,1773,97,22.33495747932542,,1736412797.4934344,,1736412788
move,1775,97,0,,1736412797.4952202,,1736412788
move,1776,97,110.41128777508688,,1736412797.5024915,,1736412788
move,1777,97,88.81721158732847,,1736412797.5137506,,1736412788
move,1777,96,567.7953160958441,,1736412797.5155118,,1736412788
move,1777,95,99.04139412973151,,1736412797.5256085,,1736412788
move,1778,95,240.40259070327278,,1736412797.5297682,,1736412788
move,1778,94,42.024988728019636,,1736412797.5535636,,1736412788
move,1779,94,163.78881599500156,,1736412797.559669,,1736412788
move,1780,94,124.23886255924171,,1736412797.567718,,1736412788
move,1780,92,310.0461265523359,,1736412797.5741687,,1736412788
move,1781,92,218.28279989591465,,1736412797.57875,,1736412788
move,1781,91,621.8389918458117,,1736412797.580358,,1736412788
move,1782,91,189.6416331328842,,1736412797.5856311,,1736412788
move,1784,91,222.55672291202376,,1736412797.5946176,,1736412788
move,1784,90,127.89071838029028,,1736412797.6029463,,1736412788
move,1785,90,161.79231600061718,,1736412797.6086175,,1736412788
move,1786,90,158.2218869063337,,1736412797.6149378,,1736412788
move,1786,89,112.12018498222353,,1736412797.6238568,,1736412788
move,1787,89,0,,1736412797.6238568,,1736412788
move,1788,89,115.71132200397264,,1736412797.6330101,,1736412788
move,1789,89,163.4568978955573,,1736412797.6386168,,1736412788
move,1789,88,168.8596159265671,,1736412797.6445389,,1736412788
move,1790,88,0,,1736412797.6461198,,1736412788
move,1792,88,193.54455262793596,,1736412797.6548724,,1736412788
move,1792,87,619.4511888938118,,1736412797.6564867,,1736412788
move,1793,87,134.4629884910076,,1736412797.6639237,,1736412788
move,1794,87,126.45253097772016,,1736412797.6718318,,1736412788
move,1794,86,349.37975843398584,,1736412797.674694,,1736412788
move,1794,84,242.64869399207427,,1736412797.6829364,,1736412788
move,1795,84,319.32272554244383,,1736412797.686068,,1736412788
move,1796,83,87.22617533808395,,1736412797.7022812,,1736412788
move,1796,82,90.0413035077927,,1736412797.7149422,,1736412788
move,1797,82,156.8198609137815,,1736412797.719764,,1736412788
move,1797,81,0,,1736412797.7211735,,1736412788
move,1798,81,109.02791785807122,,1736412797.728936,,1736412788
move,1798,80,212.73605193751268,,1736412797.7336366,,1736412788
move,1798,79,114.05933701356975,,1736412797.7439797,,1736412788
move,1798,78,96.39862100666514,,1736412797.7527776,,1736412788
move,1800,78,671.08864,,1736412797.7557578,,1736412788
move,1800,77,54.96257469336408,,1736412797.773952,,1736412788
move,1801,77,236.28550504196946,,1736412797.7781842,,1736412788
move,1801,75,105.7565305093293,,1736412797.7970955,,1736412788
move,1801,74,150.3819870209028,,1736412797.8037453,,1736412788
move,1802,74,123.8829193372124,,1736412797.8118174,,1736412788
move,1802,73,492.11592162384136,,1736412797.8138494,,1736412788
move,1803,72,293.41321732863685,,1736412797.8186693,,1736412788
move,1803,71,66.27014899432778,,1736412797.833759,,1736412788
move,1804,71,128.40361242920557,,1736412797.841547,,1736412788
move,1804,70,630.4379978956862,,1736412797.844212,,1736412788
move,1804,69,164.52122067937555,,1736412797.8492115,,1736412788
move,1804,67,56.85380251716402,,1736412797.8843894,,1736412788
move,1805,67,26.228497817576947,,1736412797.9225159,,1736412788
move,1805,66,34.85378095396377,,1736412797.9512072,,1736412788
move,1805,66,0.0,,1736412797.969977,,1736412788
move,1805,65,75.88066938037088,,1736412797.9831555,,1736412788
move,1805,64,79.99816898722106,,1736412797.9956558,,1736412788
move,1804,64,32.59635979296517,,1736412798.026334,,1736412788
move,1803,64,40.94040937442044,,1736412798.0507598,,1736412788
move,1803,63,111.66051699810984,,1736412798.0597155,,1736412788
move,1802,63,107.10410867955363,,1736412798.0690522,,1736412788
move,1802,62,20.880481102393563,,1736412798.1169438,,1736412788
move,1801,62,71.3219970072099,,1736412798.1309648,,1736412788
move,1799,62,217.5017631196847,,1736412798.14016,,1736412788
move,1798,62,116.30168589174801,,1736412798.1487584,,1736412788
move,1798,61,461.216626347042,,1736412798.1509266,,1736412788
move,1797,61,642.2146685040576,,1736412798.1524837,,1736412788
move,1797,59,382.9540287605569,,1736412798.1577063,,1736412788
move,1796,59,311.2425051944197,,1736412798.1609192,,1736412788
move,1795,59,211.26801994660755,,1736412798.1656525,,1736412788
move,1794,59,636.6581663630844,,1736412798.1672232,,1736412788
move,1794,58,993.4400757934628,,1736412798.1682298,,1736412788
move,1793,58,111.91077670161957,,1736412798.1771655,,1736412788
move,1791,58,266.30501587301586,,1736412798.1846757,,1736412788
move,1791,57,320.3959972500191,,1736412798.1877968,,1736412788
move,1791,56,16.599140421557532,,1736412798.248041,,1736412788
move,1791,55,6.792648147218439,,1736412798.395259,,1736412788
move,1791,54,0.595512145920285,,1736412800.076132,,1736412788
move,1792,54,0.6843752656575393,,1736412801.5356724,,1736412788
move,1793,54,44.90593349178818,,1736412801.5579412,,1736412788
move,1793,54,0.0,,1736412803.547829,,1736412788
move,1793,55,66.3708204763035,,1736412803.5628958,,1736412788
move,1793,56,373.35802029553145,,1736412803.5655742,,1736412788
move,1793,57,151.184226651768,,1736412803.5721886,,1736412788
move,1793,58,226.4865273502889,,1736412803.5781422,,1736412788
move,1793,60,647.9691024254596,,1736412803.5796905,,1736412788
move,1791,60,0,,1736412803.5812354,,1736412788
move,1791,61,323.95952730362245,,1736412803.5827773,,1736412788
move,1790,61,635.7896013339397,,1736412803.58435,,1736412788
move,1790,62,477.0048902536108,,1736412803.587018,,1736412788
move,1790,63,462.84528801589056,,1736412803.588607,,1736412788
move,1789,63,0,,1736412803.588607,,1736412788
move,1789,64,637.0449574726609,,1736412803.5901768,,1736412788
move,1789,65,636.4649468892261,,1736412803.591748,,1736412788
move,1788,66,899.1422770222408,,1736412803.5933208,,1736412788
move,1788,69,1931.375594781274,,1736412803.5958824,,1736412788
move,1787,69,480.0622639349891,,1736412803.5969572,,1736412788
move,1787,70,993.6754323619996,,1736412803.5979636,,1736412788
move,1786,70,0,,1736412803.5979636,,1736412788
move,1786,71,538.9750706759188,,1736412803.599819,,1736412788
move,1786,72,0,,1736412803.599819,,1736412788
move,1785,73,903.6626449597384,,1736412803.601384,,1736412788
move,1785,75,1247.0057975323323,,1736412803.6029878,,1736412788
move,1783,75,0,,1736412803.6041229,,1736412788
move,1782,77,1349.2661289453717,,1736412803.604645,,1736412788
move,1782,78,1087.734439834025,,1736412803.6060798,,1736412788
move,1781,79,2743.590009951768,,1736412803.6070876,,1736412788
move,1780,80,560.6996503937728,,1736412803.608602,,1736412788
move,1779,82,0,,1736412803.6101785,,1736412788
move,1778,84,1418.4435665909375,,1736412803.6101785,,1736412788
move,1778,85,659.3780852067285,,1736412803.611695,,1736412788
move,1776,86,0,,1736412803.611695,,1736412788
move,1775,88,1431.4329765414038,,1736412803.6132572,,1736412788
move,1774,89,1078.088259090462,,1736412803.614569,,1736412788
move,1773,90,0,,1736412803.6161416,,1736412788
move,1772,92,1421.8843029562279,,1736412803.6161416,,1736412788
move,1771,93,930.7455831658124,,1736412803.617661,,1736412788
move,1769,96,3534.185121963943,,1736412803.6186812,,1736412788
move,1768,97,0,,1736412803.6186812,,1736412788
move,1766,98,1438.899794768223,,1736412803.6202352,,1736412788
move,1765,99,905.5941376359882,,1736412803.6217968,,1736412788
move,1763,102,0,,1736412803.6217968,,1736412788
move,1762,103,900.9176186992288,,1736412803.6233666,,1736412788
move,1760,104,0,,1736412803.6249347,,1736412788
move,1759,105,901.8764788681348,,1736412803.6249347,,1736412788
move,1756,109,3189.0997566909978,,1736412803.6265025,,1736412788
move,1755,111,2215.6269459719533,,1736412803.6275117,,1736412788
move,1752,113,2637.387188155513,,1736412803.6288788,,1736412788
move,1751,114,0,,1736412803.6288788,,1736412788
move,1749,116,1846.4254012500303,,1736412803.6304107,,1736412788
move,1746,120,3216.4907975460123,,1736412803.6319652,,1736412788
move,1744,121,0,,1736412803.6319652,,1736412788
move,1742,122,1441.3322364068354,,1736412803.6335166,,1736412788
move,1739,125,0,,1736412803.6335166,,1736412788
move,1736,128,2638.63060565646,,1736412803.6351244,,1736412788
move,1733,131,2706.8641321185223,,1736412803.6366918,,1736412788
move,1732,132,1247.9784560310798,,1736412803.637825,,1736412788
move,1730,135,0,,1736412803.637825,,1736412788
move,1727,137,2294.4588282330014,,1736412803.6393964,,1736412788
move,1724,139,2290.982902118423,,1736412803.6409702,,1736412788
move,1721,142,0,,1736412803.642203,,1736412788
move,1718,145,3441.2927488971504,,1736412803.642203,,1736412788
move,1716,147,1808.1516846565225,,1736412803.6437674,,1736412788
move,1713,149,2272.7349168746186,,1736412803.6453538,,1736412788
move,1710,153,0,,1736412803.6453538,,1736412788
move,1707,155,2290.635888652486,,1736412803.647947,,1736412788
move,1704,157,3537.491961844143,,1736412803.647947,,1736412788
move,1702,159,1777.5371895462158,,1736412803.6495383,,1736412788
move,1697,163,3975.817853673064,,1736412803.6511488,,1736412788
move,1694,165,2307.4119830460345,,1736412803.6527114,,1736412788
move,1691,168,0,,1736412803.6527114,,1736412788
move,1689,170,1812.295020322555,,1736412803.654272,,1736412788
move,1686,173,0,,1736412803.654272,,1736412788
move,1683,176,2684.0007246677474,,1736412803.6558528,,1736412788
move,1678,179,0,,1736412803.6558528,,1736412788
move,1676,181,1775.6747796784082,,1736412803.6574457,,1736412788
move,1673,183,0,,1736412803.658468,,1736412788
move,1670,186,4149.935821955962,,1736412803.658468,,1736412788
move,1666,188,3441.742701761203,,1736412803.6597674,,1736412788
move,1663,191,2793.990391670147,,1736412803.6612859,,1736412788
move,1660,193,0,,1736412803.6612859,,1736412788
move,1657,196,2703.163421623449,,1736412803.6628554,,1736412788
move,1654,199,0,,1736412803.6628554,,1736412788
move,1650,201,2856.76176128519,,1736412803.6644208,,1736412788
move,1647,203,0,,1736412803.665994,,1736412788
move,1644,206,2697.018006145372,,1736412803.665994,,1736412788
move,1640,209,3010.986360373295,,1736412803.6676545,,1736412788
move,1638,210,2209.36368958758,,1736412803.6686666,,1736412788
move,1636,213,0,,1736412803.6686666,,1736412788
move,1633,214,1973.449462751804,,1736412803.670269,,1736412788
move,1629,219,4114.700413905553,,1736412803.6718252,,1736412788
move,1624,222,0,,1736412803.6718252,,1736412788
move,1621,225,2727.609565381233,,1736412803.6733806,,1736412788
move,1619,225,0,,1736412803.674946,,1736412788
move,1616,228,2710.162169440628,,1736412803.674946,,1736412788
move,1611,231,3712.8867248151246,,1736412803.6765165,,1736412788
move,1610,233,0,,1736412803.6765165,,1736412788
move,1607,236,2705.2181217006937,,1736412803.6790926,,1736412788
move,1603,239,4961.324816654838,,1736412803.6790926,,1736412788
move,1598,242,3375.6776889381954,,1736412803.68082,,1736412788
move,1595,245,0,,1736412803.68082,,1736412788
move,1591,248,3208.1260517056753,,1736412803.6823785,,1736412788
move,1589,251,0,,1736412803.6840065,,1736412788
move,1583,252,3736.5195096484977,,1736412803.6840065,,1736412788
move,1580,257,3707.8206271008526,,1736412803.685579,,1736412788
move,1576,260,0,,1736412803.687142,,1736412788
move,1573,263,2714.71011511017,,1736412803.687142,,1736412788
move,1568,266,4122.856516580786,,1736412803.6885562,,1736412788
move,1565,270,4960.151371807001,,1736412803.6895642,,1736412788
move,1563,273,0,,1736412803.6895642,,1736412788
move,1558,276,3413.844898989004,,1736412803.6912723,,1736412788
move,1555,279,2693.751862632026,,1736412803.6928473,,1736412788
move,1551,282,0,,1736412803.6928473,,1736412788
move,1546,286,4114.700413905553,,1736412803.6944034,,1736412788
move,1543,289,3757.374325284452,,1736412803.6955326,,1736412788
move,1540,292,0,,1736412803.6955326,,1736412788
move,1536,295,3192.4980971228497,,1736412803.6970987,,1736412788
move,1533,300,4590.237397964945,,1736412803.698369,,1736412788
move,1528,304,5174.691638065809,,1736412803.6996064,,1736412788
move,1526,307,2282.6834923598053,,1736412803.701186,,1736412788
move,1521,312,0,,1736412803.701186,,1736412788
move,1516,315,3715.7072100208484,,1736412803.7027552,,1736412788
move,1514,319,0,,1736412803.7027552,,1736412788
move,1509,324,3328.2693308919997,,1736412803.7048798,,1736412788
move,1506,326,3582.7477225500384,,1736412803.7058861,,1736412788
move,1502,329,0,,1736412803.7058861,,1736412788
move,1497,336,5965.735330168313,,1736412803.707328,,1736412788
move,1492,339,0,,1736412803.7089355,,1736412788
move,1489,342,1621.5531988834668,,1736412803.7099445,,1736412788
move,1486,346,0,,1736412803.7099445,,1736412788
move,1482,351,4335.913723209807,,1736412803.7114213,,1736412788
move,1477,354,3740.713498983974,,1736412803.71298,,1736412788
move,1473,359,0,,1736412803.71298,,1736412788
move,1468,363,4112.180309533233,,1736412803.7145371,,1736412788
move,1464,366,3063.772096420745,,1736412803.716169,,1736412788
move,1459,369,3717.4015589538267,,1736412803.7177377,,1736412788
move,1454,374,0,,1736412803.7177377,,1736412788
move,1450,377,3194.9299207800123,,1736412803.7193027,,1736412788
move,1443,382,8447.849982874726,,1736412803.720321,,1736412788
move,1439,385,0,,1736412803.720321,,1736412788
move,1434,389,3958.8221700415015,,1736412803.7219384,,1736412788
move,1430,394,4091.506642529181,,1736412803.7235034,,1736412788
move,1423,397,0,,1736412803.7235034,,1736412788
move,1420,400,2711.814203679848,,1736412803.7250679,,1736412788
move,1414,405,0,,1736412803.726331,,1736412788
move,1407,410,6810.261849161562,,1736412803.726331,,1736412788
move,1404,413,2715.124321719128,,1736412803.7278936,,1736412788
move,1397,418,0,,1736412803.7278936,,1736412788
move,1394,421,2715.953114247125,,1736412803.7294557,,1736412788
move,1388,426,7751.670955194979,,1736412803.7304633,,1736412788
move,1381,429,0,,1736412803.7304633,,1736412788
move,1378,434,3226.4887673294493,,1736412803.7322705,,1736412788
move,1372,437,4201.948415008637,,1736412803.733867,,1736412788
move,1367,441,0,,1736412803.733867,,1736412788
move,1363,446,4104.011247182388,,1736412803.7354271,,1736412788
move,1358,449,0,,1736412803.7369943,,1736412788
move,1354,452,3190.5553019930016,,1736412803.7369943,,1736412788
move,1347,459,6304.508231188894,,1736412803.7385645,,1736412788
move,1342,462,0,,1736412803.7385645,,1736412788
move,1340,465,1727.3304553836335,,1736412803.7406518,,1736412788
move,1333,470,7848.763819199034,,1736412803.7417479,,1736412788
move,1330,472,0,,1736412803.7417479,,1736412788
move,1326,475,3200.781440781441,,1736412803.74331,,1736412788
move,1321,480,4504.588093496144,,1736412803.7448797,,1736412788
move,1317,483,0,,1736412803.7448797,,1736412788
move,1312,488,4458.53998911284,,1736412803.7464657,,1736412788
move,1309,490,0,,1736412803.7464657,,1736412788
move,1304,495,4392.507110127164,,1736412803.7480755,,1736412788
move,1300,498,4021.384467881112,,1736412803.7493188,,1736412788
move,1297,501,2999.31313071754,,1736412803.7507334,,1736412788
move,1294,504,0,,1736412803.7507334,,1736412788
move,1290,508,3579.207483189454,,1736412803.7523139,,1736412788
move,1285,511,3726.4642475022433,,1736412803.7538786,,1736412788
move,1282,514,0,,1736412803.7538786,,1736412788
move,1279,519,3747.591917921732,,1736412803.7554345,,1736412788
move,1277,521,1805.9496427205731,,1736412803.7570007,,1736412788
move,1274,523,0,,1736412803.7570007,,1736412788
move,1271,527,4608.112502746649,,1736412803.7580857,,1736412788
move,1266,530,3753.343286733767,,1736412803.7596393,,1736412788
move,1263,533,0,,1736412803.761155,,1736412788
move,1261,536,2378.917435407222,,1736412803.761155,,1736412788
move,1258,539,2724.2689535436566,,1736412803.7627122,,1736412788
move,1256,542,0,,1736412803.7627122,,1736412788
move,1254,544,1936.8625637602358,,1736412803.7641726,,1736412788
move,1251,547,2716.367700281967,,1736412803.7657344,,1736412788
move,1248,550,0,,1736412803.7657344,,1736412788
move,1245,553,2713.8820809130953,,1736412803.7672977,,1736412788
move,1244,556,1995.1194102218524,,1736412803.7688828,,1736412788
move,1241,559,0,,1736412803.7688828,,1736412788
move,1238,561,2298.2945496783755,,1736412803.7704515,,1736412788
move,1235,566,5787.218375853578,,1736412803.7719657,,1736412788
move,1234,567,2791.3607536544578,,1736412803.7729707,,1736412788
move,1231,570,4221.808969050336,,1736412803.7729707,,1736412788
move,1230,572,1432.0886948082575,,1736412803.774532,,1736412788
move,1227,575,0,,1736412803.7760954,,1736412788
move,1224,580,3729.8741583585825,,1736412803.7760954,,1736412788
move,1223,582,1678.3730963312953,,1736412803.7774277,,1736412788
move,1220,585,2709.7494753383835,,1736412803.7789934,,1736412788
move,1218,588,0,,1736412803.7789934,,1736412788
move,1215,592,3142.7423947250113,,1736412803.7805843,,1736412788
move,1214,595,3137.817326509315,,1736412803.7820969,,1736412788
move,1211,600,3859.9723573796123,,1736412803.7831028,,1736412788
move,1208,603,0,,1736412803.7831028,,1736412788
move,1207,605,1433.4019352436617,,1736412803.7846627,,1736412788
move,1204,608,0,,1736412803.7846627,,1736412788
move,1203,612,2613.1094617634717,,1736412803.7862406,,1736412788
move,1200,615,3778.9179877993556,,1736412803.7873633,,1736412788
move,1198,620,3449.4530072118932,,1736412803.7889245,,1736412788
move,1195,623,0,,1736412803.790032,,1736412788
move,1192,627,4514.858988159311,,1736412803.790032,,1736412788
move,1192,630,1923.9926605504588,,1736412803.7915912,,1736412788
move,1189,634,9519.527916477531,,1736412803.7921164,,1736412788
move,1186,639,5479.898018453333,,1736412803.7931805,,1736412788
move,1185,641,1436.2555684991237,,1736412803.7947373,,1736412788
move,1182,646,0,,1736412803.7947373,,1736412788
move,1179,649,2590.2365072121056,,1736412803.7963753,,1736412788
move,1178,651,1422.7470968293808,,1736412803.797947,,1736412788
move,1175,658,0,,1736412803.797947,,1736412788
move,1172,661,2671.910631313388,,1736412803.7995348,,1736412788
move,1170,663,0,,1736412803.8010957,,1736412788
move,1167,668,3735.5712320692264,,1736412803.8010957,,1736412788
move,1165,671,2377.7953045414642,,1736412803.802612,,1736412788
move,1164,672,0,,1736412803.8042037,,1736412788
move,1161,676,2361.125872551227,,1736412803.8047297,,1736412788
move,1160,679,3112.7795914468143,,1736412803.8057456,,1736412788
move,1157,681,0,,1736412803.8057456,,1736412788
move,1154,686,3661.7435029730837,,1736412803.807338,,1736412788
move,1151,689,2725.5207236249294,,1736412803.8088946,,1736412788
move,1149,693,0,,1736412803.8088946,,1736412788
move,1147,696,2319.4444995220415,,1736412803.8104491,,1736412788
move,1144,699,0,,1736412803.8120248,,1736412788
move,1141,703,1935.7134945541814,,1736412803.8130322,,1736412788
move,1139,706,0,,1736412803.8130322,,1736412788
move,1138,709,1977.2739772145014,,1736412803.8146315,,1736412788
move,1135,712,0,,1736412803.8161664,,1736412788
move,1134,714,1456.7798792015033,,1736412803.8161664,,1736412788
move,1131,717,2650.026031950434,,1736412803.8177674,,1736412788
move,1129,722,0,,1736412803.8177674,,1736412788
move,1127,723,1536.2405998852216,,1736412803.819223,,1736412788
move,1125,727,2873.391195557377,,1736412803.8207793,,1736412788
move,1122,729,0,,1736412803.8207793,,1736412788
move,1120,732,2287.863560799351,,1736412803.8223553,,1736412788
move,1118,734,1868.2335752805425,,1736412803.8238692,,1736412788
move,1115,737,4215.807819129866,,1736412803.8248756,,1736412788
move,1113,738,0,,1736412803.8248756,,1736412788
move,1111,741,2292.3720080163275,,1736412803.8270595,,1736412788
move,1110,744,1953.9708071825096,,1736412803.8280668,,1736412788
move,1109,747,0,,1736412803.8280668,,1736412788
move,1106,748,2009.9339050090734,,1736412803.8296402,,1736412788
move,1103,751,0,,1736412803.8296402,,1736412788
move,1102,752,972.8787274915077,,1736412803.8310938,,1736412788
move,1101,755,2005.0723868714852,,1736412803.832671,,1736412788
move,1098,756,2781.2023147735113,,1736412803.833808,,1736412788
move,1097,759,0,,1736412803.833808,,1736412788
move,1095,760,1392.952452443083,,1736412803.8354132,,1736412788
move,1094,762,1431.6514825674367,,1736412803.836975,,1736412788
move,1091,764,0,,1736412803.836975,,1736412788
move,1090,765,901.3283089979824,,1736412803.8385441,,1736412788
move,1089,767,0,,1736412803.8401196,,1736412788
move,1088,768,897.6455208104907,,1736412803.8401196,,1736412788
move,1085,770,2288.5560134509246,,1736412803.841695,,1736412788
move,1084,771,1212.5187247579154,,1736412803.8428614,,1736412788
move,1083,773,2202.6183330904832,,1736412803.8443844,,1736412788
move,1082,773,1969.156807511737,,1736412803.8443844,,1736412788
move,1081,776,2003.2553751933053,,1736412803.845963,,1736412788
move,1079,777,0,,1736412803.845963,,1736412788
move,1078,778,893.5886715148723,,1736412803.8475456,,1736412788
move,1077,779,0,,1736412803.8475456,,1736412788
move,1076,780,900.3706134662602,,1736412803.8491163,,1736412788
move,1075,782,1433.1828946056355,,1736412803.8506765,,1736412788
move,1074,783,0,,1736412803.8506765,,1736412788
move,1073,784,904.4894177364627,,1736412803.85224,,1736412788
move,1071,785,1231.1300685612075,,1736412803.8540564,,1736412788
move,1071,786,1929.3026678932843,,1736412803.8545747,,1736412788
move,1070,787,0,,1736412803.8545747,,1736412788
move,1069,787,627.5140634350688,,1736412803.8561683,,1736412788
move,1068,788,906.8401775746404,,1736412803.8577278,,1736412788
move,1068,789,0,,1736412803.8577278,,1736412788
move,1067,791,1305.323432470324,,1736412803.8594408,,1736412788
move,1066,791,688.71986863711,,1736412803.8608928,,1736412788
move,1066,792,0,,1736412803.8608928,,1736412788
move,1065,793,894.8018707973634,,1736412803.8624732,,1736412788
move,1064,794,903.8003354435049,,1736412803.864038,,1736412788
move,1062,795,1024.551984083382,,1736412803.8662205,,1736412788
move,1062,796,487.7664844749389,,1736412803.8682706,,1736412788
move,1061,796,637.8199513381995,,1736412803.8698385,,1736412788
move,1060,797,0,,1736412803.8698385,,1736412788
move,1060,799,649.5747251045377,,1736412803.8729174,,1736412788
move,1059,800,867.0722995930014,,1736412803.8761575,,1736412788
move,1058,800,340.39149488719363,,1736412803.8774862,,1736412788
move,1058,801,658.7567143081515,,1736412803.8790042,,1736412788
move,1057,802,449.94626424301924,,1736412803.8821473,,1736412788
move,1057,803,235.68801977972578,,1736412803.8863902,,1736412788
move,1056,803,415.3187444301416,,1736412803.888798,,1736412788
move,1056,804,0,,1736412803.888798,,1736412788
move,1056,805,209.21308858739027,,1736412803.8935778,,1736412788
move,1054,805,1592.3705391040244,,1736412803.8948338,,1736412788
move,1054,807,1287.1885837041584,,1736412803.8963876,,1736412788
move,1054,808,326.1004509407557,,1736412803.899454,,1736412788
move,1054,809,647.1692640024687,,1736412803.9009993,,1736412788
move,1053,809,639.9609398840403,,1736412803.902562,,1736412788
move,1053,810,467.8010260985947,,1736412803.9046996,,1736412788
move,1053,811,981.5829627896092,,1736412803.9057183,,1736412788
move,1052,812,908.089651181219,,1736412803.9072757,,1736412788
move,1052,813,468.8992733370598,,1736412803.9099162,,1736412788
move,1052,815,1030.5415233415233,,1736412803.911349,,1736412788
move,1052,816,0,,1736412803.9129014,,1736412788
move,1051,816,644.1873752111811,,1736412803.9129014,,1736412788
move,1051,817,644.2863287250384,,1736412803.9144535,,1736412788
move,1050,818,896.6956313704795,,1736412803.9160306,,1736412788
move,1050,819,640.3517557251909,,1736412803.9175923,,1736412788
move,1050,820,873.6313268069152,,1736412803.918737,,1736412788
move,1049,823,3140.0458899514383,,1736412803.919744,,1736412788
move,1047,824,1342.6984770650363,,1736412803.9229763,,1736412788
move,1047,825,638.208155812538,,1736412803.9229763,,1736412788
move,1047,826,642.5098039215686,,1736412803.9245327,,1736412788
move,1046,827,0,,1736412803.926102,,1736412788
move,1046,828,637.2385293223944,,1736412803.926102,,1736412788
move,1046,830,1277.3881528856402,,1736412803.9276676,,1736412788
move,1045,831,1176.4461724545265,,1736412803.9288697,,1736412788
move,1044,832,1389.4686346956482,,1736412803.9298875,,1736412788
move,1044,833,1926.6440055121727,,1736412803.9304066,,1736412788
move,1043,835,0,,1736412803.93197,,1736412788
move,1042,837,1430.3414461337927,,1736412803.93197,,1736412788
move,1042,838,638.4996194245699,,1736412803.933536,,1736412788
move,1042,839,0,,1736412803.9350994,,1736412788
move,1039,840,2022.8082719467554,,1736412803.9350994,,1736412788
move,1039,843,1885.928057553957,,1736412803.93669,,1736412788
move,1038,844,0,,1736412803.93669,,1736412788
move,1037,845,905.732417394369,,1736412803.9382515,,1736412788
move,1037,847,1850.5643061989852,,1736412803.9393322,,1736412788
move,1036,847,658.3431172500392,,1736412803.9408512,,1736412788
move,1034,851,4218.011631346651,,1736412803.9419115,,1736412788
move,1033,852,0,,1736412803.9429936,,1736412788
move,1032,854,2066.258837254743,,1736412803.9429936,,1736412788
move,1031,855,946.6392597375874,,1736412803.9444876,,1736412788
move,1030,857,1794.6323884996705,,1736412803.9457335,,1736412788
move,1029,858,0,,1736412803.9457335,,1736412788
move,1028,859,909.6214693322685,,1736412803.9472883,,1736412788
move,1028,862,1891.3139936870584,,1736412803.9488745,,1736412788
move,1025,865,4864.6595966504,,1736412803.9497466,,1736412788
move,1024,866,1237.821703154366,,1736412803.950889,,1736412788
move,1022,867,2214.5806050293454,,1736412803.9518988,,1736412788
move,1021,870,0,,1736412803.9530232,,1736412788
move,1020,871,1257.7696356055392,,1736412803.9530232,,1736412788
move,1019,873,1437.7968514946003,,1736412803.9545784,,1736412788
move,1018,874,1038.9983537424632,,1736412803.9559395,,1736412788
move,1016,877,0,,1736412803.9559395,,1736412788
move,1015,878,903.6626449597384,,1736412803.9575045,,1736412788
move,1014,879,0,,1736412803.9590702,,1736412788
move,1013,882,2019.7280096170055,,1736412803.9600797,,1736412788
move,1012,883,1400.9545586952581,,1736412803.9600797,,1736412788
move,1009,885,2746.599734268745,,1736412803.9613924,,1736412788
move,1008,888,2002.0458625139433,,1736412803.962972,,1736412788
move,1007,889,0,,1736412803.962972,,1736412788
move,1005,892,2308.116321258198,,1736412803.964534,,1736412788
move,1004,893,0,,1736412803.9660978,,1736412788
move,1002,894,1429.905299938905,,1736412803.9660978,,1736412788
move,1001,895,865.8066853766928,,1736412803.9677312,,1736412788
move,999,898,0,,1736412803.9677312,,1736412788
move,998,899,891.4399761821044,,1736412803.9693177,,1736412788
move,997,901,2032.2316061320214,,1736412803.970418,,1736412788
move,996,902,0,,1736412803.9720273,,1736412788
move,995,904,1389.4442758961893,,1736412803.9720273,,1736412788
move,994,905,900.6440330269849,,1736412803.9735975,,1736412788
move,992,907,0,,1736412803.9751616,,1736412788
move,991,908,904.2136587676406,,1736412803.9751616,,1736412788
move,990,910,1925.425756990203,,1736412803.976323,,1736412788
move,989,911,901.0544738744832,,1736412803.9778924,,1736412788
move,988,913,0,,1736412803.9778924,,1736412788
move,986,914,1419.08743566338,,1736412803.979468,,1736412788
move,985,915,979.6270192428939,,1736412803.9809117,,1736412788
move,984,917,2082.3154667627173,,1736412803.9819856,,1736412788
move,984,918,0,,1736412803.9819856,,1736412788
move,983,919,881.7662556140513,,1736412803.9835894,,1736412788
move,981,921,1803.20462122381,,1736412803.985158,,1736412788
move,980,922,921.0623604838079,,1736412803.9866934,,1736412788
move,978,924,0,,1736412803.9866934,,1736412788
move,977,925,905.0414405730428,,1736412803.988256,,1736412788
move,977,926,640.7430491903452,,1736412803.9898167,,1736412788
move,976,927,0,,1736412803.9898167,,1736412788
move,975,928,905.732417394369,,1736412803.991378,,1736412788
move,974,929,0,,1736412803.9929798,,1736412788
move,974,930,624.3381958916344,,1736412803.9929798,,1736412788
move,973,932,1421.0225548938301,,1736412803.9945533,,1736412788
move,972,933,0,,1736412803.9961073,,1736412788
move,972,934,643.4955507824486,,1736412803.9971297,,1736412788
move,970,935,1407.7977877963492,,1736412803.9976957,,1736412788
move,969,936,678.0568817461959,,1736412803.9997814,,1736412788
move,969,937,0,,1736412803.9997814,,1736412788
move,968,938,657.8287236903319,,1736412804.0019312,,1736412788
move,967,940,3914.335919156627,,1736412804.0025024,,1736412788
move,966,940,0,,1736412804.0040762,,1736412788
move,966,941,476.89641841955654,,1736412804.0045993,,1736412788
move,966,942,977.0100163056138,,1736412804.0056229,,1736412788
move,965,943,0,,1736412804.0071993,,1736412788
move,964,944,673.9735940820046,,1736412804.0077212,,1736412788
move,964,945,978.1492537313433,,1736412804.0087435,,1736412788
move,962,946,1432.9639209013412,,1736412804.010304,,1736412788
move,962,948,1469.10823117338,,1736412804.012254,,1736412788
move,961,949,1228.0831473117437,,1736412804.012817,,1736412788
move,961,950,1708.474134419552,,1736412804.0134022,,1736412788
move,960,951,1386.8696753602344,,1736412804.014422,,1736412788
move,959,952,1178.3157730464288,,1736412804.0156221,,1736412788
move,958,953,905.455900093989,,1736412804.017184,,1736412788
move,958,954,653.0132336914214,,1736412804.0187154,,1736412788
move,958,957,1908.8155339805826,,1736412804.020287,,1736412788
move,957,957,637.1417286951238,,1736412804.0218565,,1736412788
move,957,958,893.7362028553164,,1736412804.0229754,,1736412788
move,956,959,1269.6150688175776,,1736412804.0240893,,1736412788
move,956,960,905.897192224622,,1736412804.0251932,,1736412788
move,955,960,644.1873752111811,,1736412804.0267456,,1736412788
move,955,961,0,,1736412804.0267456,,1736412788
move,953,962,1431.2145372042237,,1736412804.028308,,1736412788
move,953,964,1208.036866359447,,1736412804.0299635,,1736412788
move,953,965,0,,1736412804.0299635,,1736412788
move,952,966,893.4540746371024,,1736412804.0315464,,1736412788
move,951,967,885.0554463616417,,1736412804.0341523,,1736412788
move,951,968,992.0302743614002,,1736412804.0341523,,1736412788
move,950,969,829.948454108818,,1736412804.0358562,,1736412788
move,950,970,0,,1736412804.0358562,,1736412788
move,950,972,746.9820124666073,,1736412804.0385337,,1736412788
move,949,972,0,,1736412804.0400856,,1736412788
move,949,973,644.3853126440314,,1736412804.0400856,,1736412788
move,949,974,638.3052807791812,,1736412804.0416522,,1736412788
move,948,975,1322.8460306680915,,1736412804.0427213,,1736412788
move,948,976,0,,1736412804.0427213,,1736412788
move,948,977,630.8172657542488,,1736412804.0459747,,1736412788
move,947,978,847.7406890832817,,1736412804.0459747,,1736412788
move,947,980,1276.8048706240488,,1736412804.0475411,,1736412788
move,945,980,0,,1736412804.049115,,1736412788
move,944,981,898.5974248622515,,1736412804.049115,,1736412788
move,944,982,769.7383006056157,,1736412804.050414,,1736412788
move,944,983,644.0884520884521,,1736412804.0519667,,1736412788
move,944,984,944.4503490204909,,1736412804.0530255,,1736412788
move,943,985,0,,1736412804.0530255,,1736412788
move,943,986,390.0226892319137,,1736412804.0555894,,1736412788
move,942,986,0,,1736412804.0555894,,1736412788
move,942,987,645.4761465066174,,1736412804.0571387,,1736412788
move,941,989,1431.4329765414038,,1736412804.0587008,,1736412788
move,941,990,0,,1736412804.0587008,,1736412788
move,941,991,629.8699504430094,,1736412804.0619295,,1736412788
move,941,992,609.3714949876507,,1736412804.0619295,,1736412788
move,940,992,638.1110603986003,,1736412804.0634966,,1736412788
move,940,993,764.8256746900073,,1736412804.064804,,1736412788
move,939,994,0,,1736412804.064804,,1736412788
move,939,995,634.0595616024187,,1736412804.0679429,,1736412788
move,939,997,1280.7035114503817,,1736412804.0679429,,1736412788
move,937,998,1401.0679507468299,,1736412804.0695388,,1736412788
move,936,998,647.8690145196169,,1736412804.0710824,,1736412788
move,936,999,945.3017804823079,,1736412804.0721402,,1736412788
move,936,1000,640.0585991149092,,1736412804.0737026,,1736412788
move,936,1001,628.4543002697034,,1736412804.0752938,,1736412788
move,935,1001,603.1498418176589,,1736412804.0769517,,1736412788
move,935,1002,0,,1736412804.0769517,,1736412788
move,935,1003,639.3756097560976,,1736412804.0785158,,1736412788
move,934,1003,640.0585991149092,,1736412804.0800781,,1736412788
move,934,1005,1320.624685138539,,1736412804.0815926,,1736412788
move,934,1006,0,,1736412804.0831482,,1736412788
move,933,1007,523.395535296543,,1736412804.0842946,,1736412788
move,933,1008,629.8699504430094,,1736412804.0858822,,1736412788
move,933,1009,637.3353593678772,,1736412804.0879457,,1736412788
move,932,1009,665.9739599872976,,1736412804.0889528,,1736412788
move,932,1010,0,,1736412804.0889528,,1736412788
move,932,1011,641.4289646734975,,1736412804.0905118,,1736412788
move,932,1013,974.286643437863,,1736412804.0925646,,1736412788
move,931,1013,483.2704228597765,,1736412804.0946338,,1736412788
move,931,1014,1326.471853257432,,1736412804.0953877,,1736412788
move,931,1015,649.8766656337156,,1736412804.0969265,,1736412788
move,931,1016,349.32156242192053,,1736412804.0997891,,1736412788
move,929,1017,0,,1736412804.0997891,,1736412788
move,929,1018,476.62545454545455,,1736412804.1018872,,1736412788
move,928,1018,991.7956963821234,,1736412804.1028955,,1736412788
move,928,1019,647.8690145196169,,1736412804.1050084,,1736412788
move,928,1020,878.0205149675529,,1736412804.105578,,1736412788
move,928,1022,616.2656479576845,,1736412804.1088233,,1736412788
move,927,1023,911.9990162232045,,1736412804.110374,,1736412788
move,927,1024,695.342175066313,,1736412804.1128755,,1736412788
move,926,1025,540.5177329611557,,1736412804.1144285,,1736412788
move,926,1026,305.66273138026526,,1736412804.1177,,1736412788
move,926,1027,991.7956963821234,,1736412804.1187084,,1736412788
move,925,1027,581.5729339988908,,1736412804.1204278,,1736412788
move,925,1028,642.5098039215686,,1736412804.1219842,,1736412788
move,925,1030,741.6327468835647,,1736412804.124681,,1736412788
move,924,1031,1338.3667873456052,,1736412804.1257377,,1736412788
move,923,1031,326.5574587355964,,1736412804.1288,,1736412788
move,923,1032,640.2540070218288,,1736412804.1303618,,1736412788
move,923,1033,499.5597903763697,,1736412804.1323636,,1736412788
move,923,1034,385.18725319129396,,1736412804.1349597,,1736412788
move,922,1034,679.3495302883058,,1736412804.138034,,1736412788
move,922,1035,624.059514953132,,1736412804.138034,,1736412788
move,920,1036,1336.3848478625362,,1736412804.1397073,,1736412788
move,920,1038,1259.3616574087976,,1736412804.142896,,1736412788
move,920,1039,316.9100113335852,,1736412804.144451,,1736412788
move,919,1039,457.14485013623977,,1736412804.1466384,,1736412788
move,919,1040,1675.7107471034758,,1736412804.1472352,,1736412788
move,919,1041,385.4704530833563,,1736412804.1498294,,1736412788
move,919,1042,632.9114229666516,,1736412804.1514094,,1736412788
move,918,1042,0,,1736412804.1529884,,1736412788
move,918,1043,316.9818621523579,,1736412804.1545641,,1736412788
move,918,1044,373.89053307184884,,1736412804.1572387,,1736412788
move,917,1044,941.905232427577,,1736412804.1583004,,1736412788
move,917,1046,1282.4656780308821,,1736412804.15986,,1736412788
move,917,1047,635.308088458043,,1736412804.1630013,,1736412788
move,916,1048,451.90016772175244,,1736412804.1645634,,1736412788
move,916,1049,242.3052570768342,,1736412804.1686904,,1736412788
move,915,1049,486.5781902552204,,1736412804.1707456,,1736412788
move,915,1050,0,,1736412804.1707456,,1736412788
move,915,1051,310.8734064630892,,1736412804.1739624,,1736412788
move,915,1052,637.2385293223944,,1736412804.1770916,,1736412788
move,914,1053,352.9688545977818,,1736412804.1795382,,1736412788
move,914,1055,1298.7471744852144,,1736412804.1810782,,1736412788
move,914,1056,316.2886660131212,,1736412804.1842399,,1736412788
move,912,1056,1249.9788407092833,,1736412804.18584,,1736412788
move,912,1057,400.14348406792595,,1736412804.188339,,1736412788
move,912,1058,286.55489512878324,,1736412804.1918287,,1736412788
move,911,1058,644.4843269821757,,1736412804.1949317,,1736412788
move,911,1059,644.5833717534962,,1736412804.1949317,,1736412788
move,911,1060,718.5718691108447,,1736412804.197915,,1736412788
move,910,1061,245.82020727375559,,1736412804.2020764,,1736412788
move,910,1063,786.1126417392934,,1736412804.2046206,,1736412788
move,910,1064,144.05495260337958,,1736412804.2115624,,1736412788
move,910,1065,127.63774687319315,,1736412804.219397,,1736412788
move,909,1065,364.72208695652176,,1736412804.222139,,1736412788
move,909,1065,0.0,,1736412804.2710574,,1736412788
move,909,1064,103.28508458716048,,1736412804.2791896,,1736412788
click_press,909,1064,,Button.left,1736412804.3279448,,1736412788
move,909,1064,0.0,,1736412804.3381615,,1736412788
move,909,1065,39.903188979374384,,1736412804.3632221,,1736412788
move,909,1066,35.85947933142393,,1736412804.3911088,,1736412788
click_release,909,1066,,Button.left,1736412804.4002945,,1736412788
move,909,1066,0.0,,1736412804.646139,,1736412788
move,909,1065,145.51934219199944,,1736412804.6530108,,1736412788
move,909,1064,194.31568218670373,,1736412804.658157,,1736412788
move,909,1062,529.951860509192,,1736412804.6629727,,1736412788
move,909,1061,168.75770499718354,,1736412804.6678567,,1736412788
move,909,1060,316.790332326284,,1736412804.6710134,,1736412788
move,909,1059,315.33749342154726,,1736412804.6741846,,1736412788
move,909,1058,601.9380022962113,,1736412804.6758459,,1736412788
move,909,1057,306.0642148277875,,1736412804.6791131,,1736412788
move,909,1056,633.1980676328502,,1736412804.6806924,,1736412788
move,909,1054,1249.2342516753538,,1736412804.6822934,,1736412788
move,909,1053,318.90997566909977,,1736412804.685429,,1736412788
move,909,1052,409.40009760858953,,1736412804.6878717,,1736412788
move,909,1051,518.135145151328,,1736412804.6898017,,1736412788
move,909,1050,596.0358107147932,,1736412804.6914794,,1736412788
move,909,1049,643.9895593428528,,1736412804.6930323,,1736412788
move,909,1048,312.65777115169584,,1736412804.6962306,,1736412788
move,909,1047,468.6896859984356,,1736412804.6989303,,1736412788
move,909,1045,960.8943871706758,,1736412804.7004457,,1736412788
move,909,1044,624.80321763742,,1736412804.7020462,,1736412788
move,909,1043,316.21712907117006,,1736412804.7052085,,1736412788
move,909,1042,615.7228420434527,,1736412804.7068326,,1736412788
move,909,1041,635.9824109173617,,1736412804.708405,,1736412788
move,909,1040,322.8622892771919,,1736412804.7115023,,1736412788
move,909,1039,1977.5124941065535,,1736412804.7130134,,1736412788
move,909,1037,1989.2359497272944,,1736412804.7130134,,1736412788
move,909,1036,315.741041854863,,1736412804.7161806,,1736412788
move,909,1036,0.0,,1736412804.717729,,1736412788
move,909,1035,991.0926275992439,,1736412804.718738,,1736412788
move,909,1034,612.4859813084112,,1736412804.7203708,,1736412788
move,909,1033,0,,1736412804.722006,,1736412788
move,909,1032,311.56618630218395,,1736412804.7235804,,1736412788
move,909,1031,0,,1736412804.7235804,,1736412788
move,909,1029,630.2011869882052,,1736412804.726754,,1736412788
move,909,1028,0,,1736412804.726754,,1736412788
move,909,1027,368.6004042534493,,1736412804.729467,,1736412788
move,909,1026,0,,1736412804.7308724,,1736412788
move,909,1024,676.1189651003466,,1736412804.732425,,1736412788
move,908,1022,1430.3414461337927,,1736412804.7339883,,1736412788
move,908,1021,632.2435936086825,,1736412804.73557,,1736412788
move,908,1020,782.957625536681,,1736412804.7368472,,1736412788
move,908,1019,643.6930632289748,,1736412804.7384007,,1736412788
move,908,1018,903.9448275862069,,1736412804.7410345,,1736412788
move,908,1017,654.6439831434369,,1736412804.7410345,,1736412788
move,908,1016,639.4730904101235,,1736412804.7425983,,1736412788
move,907,1016,0,,1736412804.7425983,,1736412788
move,907,1015,643.1995092777181,,1736412804.744153,,1736412788
move,907,1013,1286.0045991108386,,1736412804.7457082,,1736412788
move,907,1012,637.5291077671378,,1736412804.7472768,,1736412788
move,907,1011,639.7657107992678,,1736412804.7488399,,1736412788
move,907,1010,1071.0684371807968,,1736412804.7497735,,1736412788
move,907,1009,480.33715071003206,,1736412804.7518554,,1736412788
move,907,1008,0,,1736412804.752863,,1736412788
move,907,1007,992.4997633696166,,1736412804.752863,,1736412788
move,906,1005,1436.4755494408453,,1736412804.755979,,1736412788
move,906,1004,322.6884136020926,,1736412804.7575185,,1736412788
move,906,1003,0,,1736412804.7575185,,1736412788
move,906,1002,631.6722891566266,,1736412804.7591016,,1736412788
move,906,1001,931.8604754499,,1736412804.7601748,,1736412788
move,906,1000,658.8601947847942,,1736412804.7616925,,1736412788
move,906,999,641.2328390154411,,1736412804.763252,,1736412788
move,906,996,961.0411670358206,,1736412804.7663736,,1736412788
move,904,996,1254.4650815014206,,1736412804.7693107,,1736412788
move,904,994,1489.4545454545455,,1736412804.7693107,,1736412788
move,904,993,427.9028769638849,,1736412804.7716477,,1736412788
move,904,991,3871.069681587448,,1736412804.7721643,,1736412788
move,904,990,993.2048306890836,,1736412804.7731712,,1736412788
move,904,989,638.7913493755711,,1736412804.7747366,,1736412788
move,904,988,632.0530440024111,,1736412804.7763188,,1736412788
move,904,987,0,,1736412804.7778606,,1736412788
move,904,986,321.1073342520288,,1736412804.779433,,1736412788
move,904,985,0,,1736412804.779433,,1736412788
move,904,984,320.27367135003055,,1736412804.7825553,,1736412788
move,904,982,926.9180110497238,,1736412804.784713,,1736412788
move,904,981,1978.445283018868,,1736412804.7852185,,1736412788
move,903,981,642.8052107279693,,1736412804.7867742,,1736412788
move,903,980,0,,1736412804.7867742,,1736412788
move,903,979,628.6426858513189,,1736412804.788365,,1736412788
move,903,977,1272.3506749582891,,1736412804.7899368,,1736412788
move,903,975,689.285784716516,,1736412804.7928383,,1736412788
move,903,974,0,,1736412804.7928383,,1736412788
move,903,973,634.4432007260626,,1736412804.795964,,1736412788
move,903,972,645.3768272041852,,1736412804.795964,,1736412788
move,903,971,633.9637243047158,,1736412804.7975414,,1736412788
move,903,970,636.7548201001973,,1736412804.7991118,,1736412788
move,903,969,605.5007939945142,,1736412804.8007634,,1736412788
move,903,967,1986.4096613781671,,1736412804.8017702,,1736412788
move,903,966,631.2919927754365,,1736412804.8033543,,1736412788
move,903,965,0,,1736412804.804874,,1736412788
move,903,964,658.0332601192343,,1736412804.804874,,1736412788
move,903,963,636.2718446601941,,1736412804.8064456,,1736412788
move,903,962,0,,1736412804.8064456,,1736412788
move,903,961,644.0884520884521,,1736412804.8079982,,1736412788
move,903,959,1287.1885837041584,,1736412804.809552,,1736412788
move,902,958,0,,1736412804.809552,,1736412788
move,902,957,644.1873752111811,,1736412804.8121161,,1736412788
move,902,956,988.2902921771913,,1736412804.8121161,,1736412788
move,902,955,0,,1736412804.8138714,,1736412788
move,902,954,569.7234447161097,,1736412804.8138714,,1736412788
move,902,951,1933.7501152604887,,1736412804.815999,,1736412788
move,902,950,1735.3347124534546,,1736412804.8170211,,1736412788
move,901,949,1383.6346166353446,,1736412804.8170211,,1736412788
move,901,948,625.6420047732697,,1736412804.8186195,,1736412788
move,901,946,0,,1736412804.820195,,1736412788
move,901,944,1269.4624697336562,,1736412804.820195,,1736412788
move,901,943,637.8199513381995,,1736412804.8217628,,1736412788
move,901,941,3367.566439181052,,1736412804.8229547,,1736412788
move,901,940,1672.3700159489633,,1736412804.8239126,,1736412788
move,901,937,2025.5814552479073,,1736412804.8244357,,1736412788
move,900,936,1317.8497226206894,,1736412804.8255088,,1736412788
move,900,934,0,,1736412804.8270674,,1736412788
move,900,933,641.6252103411351,,1736412804.8270674,,1736412788
move,900,931,1285.2164853684694,,1736412804.8286235,,1736412788
move,899,929,0,,1736412804.8286235,,1736412788
move,899,926,1920.4688644688645,,1736412804.8301857,,1736412788
move,899,925,945.0887787291573,,1736412804.8312438,,1736412788
move,897,923,1749.2307878253384,,1736412804.8328607,,1736412788
move,897,922,0,,1736412804.8328607,,1736412788
move,897,919,1821.7622701607065,,1736412804.8345075,,1736412788
move,897,917,0,,1736412804.8360815,,1736412788
move,897,915,1270.616176916086,,1736412804.8360815,,1736412788
move,896,913,1444.8850504235525,,1736412804.837629,,1736412788
move,895,910,0,,1736412804.837629,,1736412788
move,895,908,1286.596319018405,,1736412804.8391836,,1736412788
move,893,905,2303.5457938893696,,1736412804.8407488,,1736412788
move,892,902,3128.1966601780364,,1736412804.8417597,,1736412788
move,891,898,8134.317223871428,,1736412804.8422666,,1736412788
move,891,895,0,,1736412804.8422666,,1736412788
move,889,891,2450.679086046323,,1736412804.8440914,,1736412788
move,888,888,1984.3737042422015,,1736412804.845685,,1736412788
move,886,885,0,,1736412804.845685,,1736412788
move,885,881,2619.8391786018265,,1736412804.8472588,,1736412788
move,882,870,3543.18911328074,,1736412804.8504767,,1736412788
move,881,868,0,,1736412804.8504767,,1736412788
move,878,863,3852.068807112494,,1736412804.8519905,,1736412788
move,876,859,0,,1736412804.8519905,,1736412788
move,875,854,3271.1590611716533,,1736412804.8535492,,1736412788
move,873,850,4167.406737302501,,1736412804.8546224,,1736412788
move,870,842,0,,1736412804.8546224,,1736412788
move,868,839,2268.983966524188,,1736412804.8562114,,1736412788
move,865,833,4294.95444770231,,1736412804.8577733,,1736412788
move,864,828,0,,1736412804.8577733,,1736412788
move,861,822,4212.012962110454,,1736412804.859366,,1736412788
move,859,816,0,,1736412804.8609312,,1736412788
move,856,811,3725.3289956370486,,1736412804.8609312,,1736412788
move,853,805,4419.0743814823045,,1736412804.8624492,,1736412788
move,851,800,0,,1736412804.8641863,,1736412788
move,848,794,2917.7897528671406,,1736412804.8647482,,1736412788
move,847,790,4099.942725924764,,1736412804.865754,,1736412788
move,842,783,0,,1736412804.865754,,1736412788
move,839,778,3733.2903154262285,,1736412804.8673158,,1736412788
move,836,774,3801.9434372733867,,1736412804.868631,,1736412788
move,833,768,0,,1736412804.868631,,1736412788
move,830,763,3763.7403595502037,,1736412804.8701801,,1736412788
move,825,757,4929.064317883536,,1736412804.8717647,,1736412788
move,821,750,8020.7684826185005,,1736412804.8727698,,1736412788
move,818,745,11492.850026483658,,1736412804.8732772,,1736412788
move,814,741,3668.300310151962,,1736412804.8748193,,1736412788
move,811,734,0,,1736412804.8748193,,1736412788
move,807,728,4595.890635734299,,1736412804.8763883,,1736412788
move,803,723,0,,1736412804.8779702,,1736412788
move,800,719,3160.7415222305954,,1736412804.8779702,,1736412788
move,795,712,6628.8383753183825,,1736412804.879268,,1736412788
move,792,707,3755.6487801531366,,1736412804.8808205,,1736412788
move,789,705,0,,1736412804.8808205,,1736412788
move,784,698,6116.420965732829,,1736412804.882227,,1736412788
move,779,691,5646.4424533424035,,1736412804.8837504,,1736412788
move,775,685,0,,1736412804.8837504,,1736412788
move,771,680,4104.638484114557,,1736412804.8853104,,1736412788
move,766,675,4936.452730955161,,1736412804.8867428,,1736412788
move,763,669,0,,1736412804.8867428,,1736412788
move,758,666,3763.7403595502037,,1736412804.888292,,1736412788
move,752,659,5854.590794156152,,1736412804.8898668,,1736412788
move,746,652,0,,1736412804.8898668,,1736412788
move,742,647,4094.625644391149,,1736412804.8914306,,1736412788
move,739,643,0,,1736412804.8914306,,1736412788
move,734,636,4145.785048472706,,1736412804.8935056,,1736412788
move,727,631,8521.673896281993,,1736412804.894515,,1736412788
move,722,624,7789.457529546191,,1736412804.8956194,,1736412788
move,719,620,4615.211267605634,,1736412804.8967028,,1736412788
move,714,615,6155.709424570073,,1736412804.8978515,,1736412788
move,709,608,0,,1736412804.8978515,,1736412788
move,704,603,4511.440220197537,,1736412804.8994188,,1736412788
move,697,596,0,,1736412804.9009943,,1736412788
move,692,592,4064.262954231469,,1736412804.9009943,,1736412788
move,685,584,6796.655960813444,,1736412804.9025583,,1736412788
move,682,580,0,,1736412804.9041355,,1736412788
move,675,573,6276.869419593357,,1736412804.9051468,,1736412788
move,671,568,4210.82621535929,,1736412804.905656,,1736412788
move,664,563,0,,1736412804.905656,,1736412788
move,659,556,5459.338368415488,,1736412804.9072318,,1736412788
move,654,552,4011.4487829068776,,1736412804.908828,,1736412788
move,647,544,0,,1736412804.908828,,1736412788
move,642,540,4015.0470326747713,,1736412804.9104228,,1736412788
move,637,535,6348.075344087888,,1736412804.9115367,,1736412788
move,633,531,4493.667879936153,,1736412804.9127955,,1736412788
move,626,523,0,,1736412804.9127955,,1736412788
move,619,518,5560.297006758816,,1736412804.9143426,,1736412788
move,615,511,0,,1736412804.9158587,,1736412788
move,608,506,5673.968749309319,,1736412804.9158587,,1736412788
move,604,502,4384.066224327955,,1736412804.917149,,1736412788
move,597,494,6807.0325347994185,,1736412804.9187107,,1736412788
move,592,490,12347.884874281172,,1736412804.9192293,,1736412788
move,587,485,6966.926945637447,,1736412804.9202442,,1736412788
move,583,481,3632.358604724876,,1736412804.9218016,,1736412788
move,578,476,0,,1736412804.9218016,,1736412788
move,571,471,5480.9003914412815,,1736412804.923371,,1736412788
move,566,464,6745.329459124689,,1736412804.9246464,,1736412788
move,561,459,0,,1736412804.9246464,,1736412788
move,557,456,3112.425051944197,,1736412804.9262528,,1736412788
move,552,452,4127.981801654096,,1736412804.927804,,1736412788
move,547,447,0,,1736412804.927804,,1736412788
move,540,440,6290.1819740357605,,1736412804.9293778,,1736412788
move,536,437,0,,1736412804.9309392,,1736412788
move,531,432,4528.6620869718445,,1736412804.9309392,,1736412788
move,528,428,3805.392850662312,,1736412804.9322531,,1736412788
move,522,423,5036.6791907524575,,1736412804.9338038,,1736412788
move,517,418,7026.346365216445,,1736412804.9348102,,1736412788
move,512,415,11471.287456077498,,1736412804.9353185,,1736412788
move,508,410,6343.091545007451,,1736412804.936328,,1736412788
move,505,408,2493.450640871181,,1736412804.937774,,1736412788
move,500,403,0,,1736412804.937774,,1736412788
move,496,400,3156.4599638771824,,1736412804.939358,,1736412788
move,491,395,5579.045900597933,,1736412804.9406254,,1736412788
move,487,391,4475.866139608166,,1736412804.9418893,,1736412788
move,482,388,0,,1736412804.9418893,,1736412788
move,478,383,4078.458557564396,,1736412804.9434593,,1736412788
move,475,380,0,,1736412804.9449835,,1736412788
move,470,376,2433.108316865514,,1736412804.946091,,1736412788
move,467,373,0,,1736412804.9471035,,1736412788
move,461,366,9105.150034236258,,1736412804.9471035,,1736412788
move,458,363,2452.104837335974,,1736412804.9488337,,1736412788
move,453,360,0,,1736412804.9488337,,1736412788
move,450,356,2588.1179809946934,,1736412804.951295,,1736412788
move,444,353,12673.98494905308,,1736412804.951295,,1736412788
move,441,348,5842.519077008415,,1736412804.952293,,1736412788
move,438,345,4239.915369203518,,1736412804.9532936,,1736412788
move,434,342,4999.170441001192,,1736412804.9542937,,1736412788
move,431,338,5110.019493177388,,1736412804.9552722,,1736412788
move,426,333,7006.427594514201,,1736412804.9571538,,1736412788
move,421,330,6684.007886405363,,1736412804.9571538,,1736412788
move,419,327,3578.5087877150286,,1736412804.9581614,,1736412788
move,416,325,2275.813113150295,,1736412804.9597456,,1736412788
move,413,322,0,,1736412804.9597456,,1736412788
move,408,317,4612.474029172412,,1736412804.9612787,,1736412788
move,405,314,2656.3553970065927,,1736412804.9628758,,1736412788
move,401,310,0,,1736412804.9628758,,1736412788
move,398,307,2643.334047021266,,1736412804.9644809,,1736412788
move,395,304,2923.911403967658,,1736412804.965932,,1736412788
move,391,301,3192.984165651644,,1736412804.9674978,,1736412788
move,388,298,0,,1736412804.9674978,,1736412788
move,381,292,5779.341233806813,,1736412804.969093,,1736412788
move,376,288,4013.247101249484,,1736412804.9706886,,1736412788
move,373,285,2787.86225983819,,1736412804.9722104,,1736412788
move,369,282,4946.11320754717,,1736412804.9732213,,1736412788
move,366,279,0,,1736412804.9732213,,1736412788
move,363,276,2704.8069318357143,,1736412804.9747899,,1736412788
move,360,275,3133.369676152817,,1736412804.975799,,1736412788
move,356,272,5001.554972573336,,1736412804.9767988,,1736412788
move,353,269,4244.972520168694,,1736412804.9777982,,1736412788
move,348,266,5828.595056329176,,1736412804.9787986,,1736412788
move,345,263,4245.985398364869,,1736412804.9797978,,1736412788
move,341,260,4995.597903763697,,1736412804.9807987,,1736412788
move,340,259,0,,1736412804.9807987,,1736412788
move,336,255,3744.132303308015,,1736412804.9823096,,1736412788
move,333,252,4196.916227487539,,1736412804.9843214,,1736412788
move,330,251,3159.493530051185,,1736412804.9843214,,1736412788
move,328,249,1717.8226474126043,,1736412804.9859679,,1736412788
move,325,246,4212.813637440143,,1736412804.986975,,1736412788
move,322,244,4201.938909942682,,1736412804.987833,,1736412788
move,319,242,4098.313858234068,,1736412804.9892223,,1736412788
move,316,241,2570.4561703788518,,1736412804.989943,,1736412788
move,314,238,2635.5486470693118,,1736412804.991311,,1736412788
move,309,235,5779.013434867019,,1736412804.99232,,1736412788
move,306,234,6520.9212581882375,,1736412804.9938126,,1736412788
move,303,230,4962.498816848083,,1736412804.9938126,,1736412788
move,300,229,1956.853620412345,,1736412804.9954286,,1736412788
move,297,227,0,,1736412804.99712,,1736412788
move,294,226,1869.6861910283162,,1736412804.9981291,,1736412788
move,293,225,932.5014308309578,,1736412804.9986365,,1736412788
move,291,222,3575.9702380902604,,1736412805.000153,,1736412788
move,288,221,6221.179099040748,,1736412805.001163,,1736412788
move,285,219,3570.0609388299604,,1736412805.001163,,1736412788
move,284,218,900.7808050897073,,1736412805.002733,,1736412788
move,282,216,0,,1736412805.002733,,1736412788
move,279,216,1857.8048132289975,,1736412805.0043478,,1736412788
move,278,213,2020.9589881387894,,1736412805.0059125,,1736412788
move,275,213,0,,1736412805.0059125,,1736412788
move,272,210,2675.9285420371675,,1736412805.007498,,1736412788
move,269,209,3134.8508246643523,,1736412805.0090127,,1736412788
move,268,208,857.2975287636541,,1736412805.0101564,,1736412788
move,266,208,0,,1736412805.0101564,,1736412788
move,265,205,2080.5574649654704,,1736412805.0122004,,1736412788
move,262,204,6034.3739031641835,,1736412805.0132086,,1736412788
move,261,204,600.9031518624641,,1736412805.0138645,,1736412788
move,260,202,2221.9258143329253,,1736412805.014871,,1736412788
move,257,201,3980.6584151125076,,1736412805.0156653,,1736412788
move,254,200,3138.5598294261417,,1736412805.0166728,,1736412788
move,253,199,1398.642207384042,,1736412805.017684,,1736412788
move,252,198,940.9329951642961,,1736412805.019187,,1736412788
move,250,198,2335.358574610245,,1736412805.0200434,,1736412788
move,247,196,4075.1221064089764,,1736412805.0212348,,1736412788
move,246,195,4612.474029172413,,1736412805.0222354,,1736412788
move,245,195,662.921447763553,,1736412805.0227432,,1736412788
move,243,194,2220.3477420216095,,1736412805.0237503,,1736412788
move,241,193,1792.9170067480939,,1736412805.0249975,,1736412788
move,240,192,2788.736060891266,,1736412805.0255046,,1736412788
move,239,192,1354.3119147562156,,1736412805.026243,,1736412788
move,236,190,3583.5967149013536,,1736412805.027249,,1736412788
move,235,190,624.9894203546417,,1736412805.0288491,,1736412788
move,234,189,0,,1736412805.0288491,,1736412788
move,233,188,922.6382954605261,,1736412805.0310855,,1736412788
move,230,188,4263.948492036598,,1736412805.0320923,,1736412788
move,229,187,1404.6037417749758,,1736412805.0320923,,1736412788
move,228,187,607.6059684195277,,1736412805.0337381,,1736412788
move,227,187,0,,1736412805.0337381,,1736412788
move,226,186,674.4333827760912,,1736412805.035835,,1736412788
move,225,186,998.8816384853536,,1736412805.0368361,,1736412788
move,224,185,2791.3607536544578,,1736412805.0373428,,1736412788
move,222,185,1980.3135033050048,,1736412805.0383527,,1736412788
move,221,185,0,,1736412805.0399172,,1736412788
move,220,185,383.98828160761695,,1736412805.040957,,1736412788
move,219,183,0,,1736412805.0422597,,1736412788
move,218,183,767.6251830161054,,1736412805.0422597,,1736412788
move,217,183,641.7233782129742,,1736412805.043818,,1736412788
move,216,182,0,,1736412805.043818,,1736412788
move,214,182,1151.6485447556288,,1736412805.0471504,,1736412788
move,213,182,626.6702525026146,,1736412805.0471504,,1736412788
move,212,182,633.3893083660525,,1736412805.0487292,,1736412788
move,211,181,699.1562472319333,,1736412805.050752,,1736412788
move,210,181,580.2052842716835,,1736412805.0524755,,1736412788
move,209,181,660.3123425692695,,1736412805.05399,,1736412788
move,208,181,993.2048306890836,,1736412805.0549967,,1736412788
move,206,181,1123.5746048754354,,1736412805.0567768,,1736412788
move,205,181,415.7716098334655,,1736412805.059182,,1736412788
move,204,181,992.0302743614002,,1736412805.06019,,1736412788
move,204,180,654.4396941800593,,1736412805.0629961,,1736412788
move,203,180,782.3734377914568,,1736412805.0629961,,1736412788
move,202,180,310.7812685240071,,1736412805.0662138,,1736412788
move,201,180,305.50688323985725,,1736412805.069487,,1736412788
move,200,180,122.30787624296504,,1736412805.0776632,,1736412788
move,199,180,169.78238341968913,,1736412805.0851052,,1736412788
move,197,180,196.48212863634234,,1736412805.093732,,1736412788
move,196,180,244.01093722729652,,1736412805.0978303,,1736412788
move,195,180,156.0264861245443,,1736412805.1042395,,1736412788
move,194,181,416.89918481274407,,1736412805.1076317,,1736412788
move,193,181,158.74887400174103,,1736412805.113931,,1736412788
move,192,181,382.97151205259314,,1736412805.1180959,,1736412788
move,191,182,227.61479668134007,,1736412805.1227553,,1736412788
move,189,182,726.5380218257405,,1736412805.1270585,,1736412788
move,188,182,273.92267502612333,,1736412805.1291587,,1736412788
move,187,182,170.64583587615445,,1736412805.1350188,,1736412788
move,187,184,1249.2342516753538,,1736412805.1366198,,1736412788
move,186,184,639.8633104500382,,1736412805.1381826,,1736412788
move,185,184,212.90883248730964,,1736412805.1428795,,1736412788
move,184,184,365.9312510905601,,1736412805.1456122,,1736412788
move,183,184,309.01819789287555,,1736412805.1488483,,1736412788
move,183,185,642.9037400367872,,1736412805.1519785,,1736412788
move,181,185,1270.039061317184,,1736412805.1519785,,1736412788
move,181,186,216.84955020163375,,1736412805.15659,,1736412788
move,180,186,993.6754323619996,,1736412805.1580818,,1736412788
move,179,186,293.02109822551347,,1736412805.161009,,1736412788
move,179,187,599.7860717860718,,1736412805.1626763,,1736412788
move,178,187,566.6446906241556,,1736412805.164441,,1736412788
move,177,187,232.6549811404482,,1736412805.1687393,,1736412788
move,177,188,629.7753753753753,,1736412805.1703272,,1736412788
move,176,188,618.3553000147427,,1736412805.1719444,,1736412788
move,176,189,640.1562881562882,,1736412805.1750708,,1736412788
move,175,189,297.6794889992903,,1736412805.1768658,,1736412788
move,175,190,543.4444156517233,,1736412805.178706,,1736412788
move,173,190,3938.313615023474,,1736412805.1792138,,1736412788
move,173,192,1286.0045991108386,,1736412805.180769,,1736412788
move,172,192,340.4743891549639,,1736412805.183706,,1736412788
move,172,193,492.462604203358,,1736412805.1857367,,1736412788
move,171,193,0,,1736412805.1857367,,1736412788
move,171,194,464.8458384129447,,1736412805.187888,,1736412788
move,170,195,523.5803337907779,,1736412805.190589,,1736412788
move,170,196,0,,1736412805.192165,,1736412788
move,169,196,528.3164126464291,,1736412805.1924818,,1736412788
move,169,197,735.7137344325557,,1736412805.193841,,1736412788
move,169,198,639.0833460307786,,1736412805.1959283,,1736412788
move,168,198,652.606814999222,,1736412805.196938,,1736412788
move,168,200,3940.1634570220763,,1736412805.1974456,,1736412788
move,167,201,665.878042379403,,1736412805.1995695,,1736412788
move,167,202,634.3472474289172,,1736412805.201146,,1736412788
move,166,202,636.7548201001973,,1736412805.2027164,,1736412788
move,164,203,0,,1736412805.2027164,,1736412788
move,164,204,635.8859915100061,,1736412805.204289,,1736412788
move,164,205,659.8967904342354,,1736412805.2058043,,1736412788
move,163,205,592.5832155976265,,1736412805.2074919,,1736412788
move,163,206,0,,1736412805.2074919,,1736412788
move,162,206,312.6111649400015,,1736412805.2106907,,1736412788
move,162,207,991.3268730796502,,1736412805.212207,,1736412788
move,162,209,775.8608953015168,,1736412805.2142773,,1736412788
move,161,209,638.4024353120244,,1736412805.2158437,,1736412788
move,160,210,315.1775558722488,,1736412805.2203307,,1736412788
move,159,210,173.39716400016536,,1736412805.2260978,,1736412788
move,159,211,272.4989604989605,,1736412805.2297676,,1736412788
move,158,211,248.49244623496654,,1736412805.2337918,,1736412788
move,158,212,0,,1736412805.2349858,,1736412788
move,156,212,1675.0415335463258,,1736412805.2349858,,1736412788
move,156,213,642.0180621460279,,1736412805.2365434,,1736412788
move,155,213,311.54304389809107,,1736412805.2397532,,1736412788
move,155,214,902.1948806194881,,1736412805.2408617,,1736412788
move,154,215,0,,1736412805.2408617,,1736412788
move,154,217,777.7311329501206,,1736412805.2439368,,1736412788
move,153,217,1985.939393939394,,1736412805.2439368,,1736412788
move,152,218,914.530003317256,,1736412805.2454832,,1736412788
move,151,219,904.4894177364627,,1736412805.2470467,,1736412788
move,151,220,642.0180621460279,,1736412805.2486043,,1736412788
move,150,221,669.3344167812821,,1736412805.2507172,,1736412788
move,150,222,938.1131737866249,,1736412805.2517831,,1736412788
move,148,223,0,,1736412805.2517831,,1736412788
move,147,225,1441.110765565347,,1736412805.2538953,,1736412788
move,147,226,1784.0510421097406,,1736412805.2549148,,1736412788
move,147,227,385.5767604339033,,1736412805.2564888,,1736412788
move,147,228,0,,1736412805.258068,,1736412788
move,146,228,633.1980676328502,,1736412805.258068,,1736412788
move,146,229,725.2816877053433,,1736412805.2594469,,1736412788
move,146,230,0,,1736412805.2610092,,1736412788
move,145,231,449.162623164904,,1736412805.2625954,,1736412788
move,145,233,0,,1736412805.2625954,,1736412788
move,145,234,319.98046994202014,,1736412805.2657206,,1736412788
move,145,235,0,,1736412805.2657206,,1736412788
move,145,236,645.9732019097489,,1736412805.2672687,,1736412788
move,145,237,443.46627193909916,,1736412805.2700298,,1736412788
move,145,238,478.0923287358942,,1736412805.2716153,,1736412788
move,145,238,0.0,,1736412805.273176,,1736412788
move,146,239,909.9005371246698,,1736412805.2747302,,1736412788
move,147,240,452.7279500469945,,1736412805.277854,,1736412788
move,149,240,1321.8733060195398,,1736412805.280932,,1736412788
move,150,242,725.0675579667011,,1736412805.282451,,1736412788
move,151,242,390.93149408146144,,1736412805.285009,,1736412788
move,152,242,375.93474948462847,,1736412805.287669,,1736412788
move,153,242,483.60475037472617,,1736412805.2897367,,1736412788
move,153,243,389.5879621029166,,1736412805.2923036,,1736412788
move,154,243,0,,1736412805.2938867,,1736412788
move,155,243,631.6722891566266,,1736412805.2938867,,1736412788
move,157,243,425.5584415584416,,1736412805.2985864,,1736412788
move,158,243,151.46813043949297,,1736412805.3051884,,1736412788
move,159,244,343.72379912590384,,1736412805.3093028,,1736412788
move,159,245,31.827352541678366,,1736412805.3407223,,1736412788
move,160,245,15.322945854811547,,1736412805.405984,,1736412788
move,161,245,130.2174479975163,,1736412805.4136634,,1736412788
move,161,245,0.0,,1736412805.4146726,,1736412788
move,162,245,323.3601110168838,,1736412805.4177651,,1736412788
move,163,245,316.62293349437607,,1736412805.4209235,,1736412788
move,165,245,566.6446906241556,,1736412805.424453,,1736412788
move,166,245,224.52245597130775,,1736412805.428907,,1736412788
move,167,245,631.8626092196445,,1736412805.4304895,,1736412788
move,168,245,349.2633857939878,,1736412805.4333527,,1736412788
move,169,245,561.8625586068318,,1736412805.4351325,,1736412788
move,170,245,613.5611468695143,,1736412805.4379227,,1736412788
move,171,245,368.37379237660286,,1736412805.439477,,1736412788
move,171,246,737.5248813082469,,1736412805.4408329,,1736412788
move,172,246,639.8633104500382,,1736412805.4423957,,1736412788
move,174,246,0,,1736412805.4423957,,1736412788
move,175,246,302.16151574094084,,1736412805.4457052,,1736412788
move,175,247,0,,1736412805.4457052,,1736412788
move,176,247,649.5747251045377,,1736412805.4472446,,1736412788
move,177,247,633.580664652568,,1736412805.448823,,1736412788
move,178,247,636.2718446601941,,1736412805.4503946,,1736412788
move,179,248,0,,1736412805.4519594,,1736412788
move,180,248,324.8125145202509,,1736412805.4534733,,1736412788
move,182,248,1983.1224586288415,,1736412805.4549882,,1736412788
move,183,250,4415.606808992127,,1736412805.4559941,,1736412788
move,183,251,994.1464802085802,,1736412805.4559941,,1736412788
move,184,251,632.6250377073907,,1736412805.4575748,,1736412788
move,185,251,0,,1736412805.4575748,,1736412788
move,185,252,600.9031518624641,,1736412805.459239,,1736412788
move,186,252,636.8515031885819,,1736412805.4608092,,1736412788
move,189,253,2000.2343295362502,,1736412805.4623902,,1736412788
move,189,254,660.5203149606299,,1736412805.4639041,,1736412788
move,190,254,765.6633807959109,,1736412805.4652102,,1736412788
move,191,255,884.6594483990638,,1736412805.4668088,,1736412788
move,192,255,0,,1736412805.4668088,,1736412788
move,193,257,1419.9468375926235,,1736412805.4683836,,1736412788
move,194,258,893.3195183005606,,1736412805.4699667,,1736412788
move,195,259,906.1475101612775,,1736412805.4715273,,1736412788
move,197,259,933.2081432862387,,1736412805.4736705,,1736412788
move,198,260,1397.3242877539983,,1736412805.4746826,,1736412788
move,198,261,923.8555066079296,,1736412805.475765,,1736412788
move,199,261,0,,1736412805.475765,,1736412788
move,200,262,877.3319925330162,,1736412805.477377,,1736412788
move,200,263,627.0449992525041,,1736412805.4789717,,1736412788
move,201,263,0,,1736412805.4789717,,1736412788
move,202,264,886.5104769863582,,1736412805.480567,,1736412788
move,203,266,1428.816097242425,,1736412805.482132,,1736412788
move,205,266,1270.2313749242883,,1736412805.4837065,,1736412788
move,205,267,0,,1736412805.4837065,,1736412788
move,206,267,639.8633104500382,,1736412805.4852693,,1736412788
move,206,268,828.0955577492596,,1736412805.486477,,1736412788
move,207,269,0,,1736412805.486477,,1736412788
move,208,269,625.9221011789285,,1736412805.4880745,,1736412788
move,208,270,643.0022995554193,,1736412805.4896297,,1736412788
move,208,271,0,,1736412805.4896297,,1736412788
move,209,271,599.9576598483765,,1736412805.4912965,,1736412788
move,210,271,635.5006060606061,,1736412805.49287,,1736412788
move,212,274,0,,1736412805.49287,,1736412788
move,212,275,636.1753374791446,,1736412805.494442,,1736412788
move,213,275,635.5006060606061,,1736412805.4960155,,1736412788
move,214,276,1319.608810125856,,1736412805.4970872,,1736412788
move,214,277,625.5486950037285,,1736412805.4986858,,1736412788
move,214,278,0,,1736412805.4986858,,1736412788
move,215,278,323.6845192159284,,1736412805.5017753,,1736412788
move,216,280,0,,1736412805.5017753,,1736412788
move,216,281,632.6250377073907,,1736412805.503356,,1736412788
move,217,282,656.5908347925307,,1736412805.5055099,,1736412788
move,218,282,493.67984934086627,,1736412805.5075355,,1736412788
move,218,284,0,,1736412805.5091078,,1736412788
move,221,286,1234.4117326653916,,1736412805.5104563,,1736412788
move,221,287,322.2916858767481,,1736412805.513559,,1736412788
move,221,288,644.4843269821757,,1736412805.5151107,,1736412788
move,222,288,624.7101578790587,,1736412805.5167115,,1736412788
move,222,289,492.92560817957457,,1736412805.5187402,,1736412788
move,223,290,698.9914684793451,,1736412805.5207634,,1736412788
move,223,291,606.9904486251809,,1736412805.5224109,,1736412788
move,223,292,683.3339850114044,,1736412805.5238743,,1736412788
move,224,292,382.30826725002277,,1736412805.52649,,1736412788
move,224,294,0,,1736412805.528076,,1736412788
move,226,295,470.04204191346054,,1736412805.5312471,,1736412788
move,226,296,372.2314518991835,,1736412805.5339336,,1736412788
move,226,297,382.90158846083625,,1736412805.5365453,,1736412788
move,226,298,170.56256353950633,,1736412805.5424082,,1736412788
move,226,299,321.9947796714264,,1736412805.5470283,,1736412788
move,226,300,146.04122562674095,,1736412805.553933,,1736412788
move,225,300,41.795918367346935,,1736412805.576287,,1736412788
move,224,300,111.4794811822241,,1736412805.5852573,,1736412788
move,223,300,105.83925912841606,,1736412805.5947056,,1736412788
move,223,300,0,,1736412805.596281,,1736412788
move,222,300,189.4446251129178,,1736412805.6009884,,1736412788
move,222,299,148.9930730702284,,1736412805.606696,,1736412788
move,221,299,111.65159985092903,,1736412805.6156523,,1736412788
move,221,298,110.43745227625793,,1736412805.6247072,,1736412788
move,221,297,108.99108697346881,,1736412805.6338823,,1736412788
move,221,296,82.65289875064045,,1736412805.645981,,1736412788
move,221,296,0.0,,1736412805.650832,,1736412788
move,221,295,632.7204706592246,,1736412805.6524124,,1736412788
move,222,295,204.39081916085962,,1736412805.657305,,1736412788
move,222,293,553.3747608681311,,1736412805.6609192,,1736412788
move,223,293,430.936401931573,,1736412805.6632397,,1736412788
move,223,292,395.35337920633424,,1736412805.665769,,1736412788
move,224,291,300.39712354480514,,1736412805.670477,,1736412788
move,224,290,325.97373125048574,,1736412805.6735446,,1736412788
move,224,289,194.2706808707735,,1736412805.678692,,1736412788
move,226,289,612.4859813084112,,1736412805.6819575,,1736412788
move,226,288,485.56425098402406,,1736412805.685023,,1736412788
move,226,287,253.09582428192132,,1736412805.687968,,1736412788
move,226,285,689.1725271114033,,1736412805.69087,,1736412788
move,226,284,318.9342255341799,,1736412805.6940055,,1736412788
move,225,284,611.0582750582751,,1736412805.695642,,1736412788
move,225,283,610.7913208096694,,1736412805.6972792,,1736412788
move,225,282,640.7430491903452,,1736412805.69884,,1736412788
move,225,281,637.6260261477653,,1736412805.7019625,,1736412788
move,225,280,643.3968400061359,,1736412805.7019625,,1736412788
move,225,279,392.94584972831177,,1736412805.7050128,,1736412788
move,225,277,1320.0012588512982,,1736412805.7060225,,1736412788
move,224,277,0,,1736412805.7060225,,1736412788
move,224,276,545.2104510594047,,1736412805.7078567,,1736412788
move,224,275,0,,1736412805.7078567,,1736412788
move,224,274,640.0585991149092,,1736412805.709419,,1736412788
move,223,273,889.7017551396013,,1736412805.7110085,,1736412788
move,223,272,634.5391830559757,,1736412805.7125845,,1736412788
move,223,271,483.32611200737495,,1736412805.7146535,,1736412788
move,223,269,1988.2929604171604,,1736412805.7156594,,1736412788
move,222,269,1977.5124941065535,,1736412805.716165,,1736412788
move,222,268,992.4997633696166,,1736412805.7171726,,1736412788
move,222,267,0,,1736412805.718887,,1736412788
move,222,266,583.271311361424,,1736412805.718887,,1736412788
move,221,265,904.6273603043652,,1736412805.7204504,,1736412788
move,221,264,0,,1736412805.7204504,,1736412788
move,220,263,503.364019137451,,1736412805.72326,,1736412788
move,220,262,644.8806888068881,,1736412805.7248106,,1736412788
move,220,260,0,,1736412805.7248106,,1736412788
move,220,259,631.3870239349692,,1736412805.7263944,,1736412788
move,219,258,890.904415968117,,1736412805.7279818,,1736412788
move,219,257,642.8052107279693,,1736412805.7295375,,1736412788
move,219,256,0,,1736412805.7295375,,1736412788
move,218,255,455.22959336268013,,1736412805.732644,,1736412788
move,218,254,0,,1736412805.732644,,1736412788
move,216,252,1817.8490963885145,,1736412805.7342,,1736412788
move,216,251,650.6832143965249,,1736412805.7357368,,1736412788
move,216,250,746.8490028490029,,1736412805.7370758,,1736412788
move,216,249,630.6275748007819,,1736412805.7386615,,1736412788
move,215,249,0,,1736412805.7386615,,1736412788
move,215,248,663.1310671936759,,1736412805.7401695,,1736412788
move,214,247,834.5021949234275,,1736412805.7418642,,1736412788
move,214,246,638.1110603986003,,1736412805.7434313,,1736412788
move,214,244,0,,1736412805.7449944,,1736412788
move,213,244,481.2189077558513,,1736412805.7455094,,1736412788
move,213,243,992.734674556213,,1736412805.7465167,,1736412788
move,213,242,476.4089050431622,,1736412805.7486157,,1736412788
move,212,241,917.7845584892035,,1736412805.7501566,,1736412788
move,211,240,534.9122194531268,,1736412805.7528005,,1736412788
move,211,239,0,,1736412805.7528005,,1736412788
move,211,238,645.0790525992003,,1736412805.7559133,,1736412788
move,211,237,379.16326161634424,,1736412805.7580245,,1736412788
move,210,237,964.8732459167242,,1736412805.7580245,,1736412788
move,210,235,1764.9080580685882,,1736412805.7591577,,1736412788
move,210,234,641.8215761285386,,1736412805.7607157,,1736412788
move,208,234,0,,1736412805.7607157,,1736412788
move,208,233,643.4955507824486,,1736412805.7622697,,1736412788
move,208,232,639.8633104500382,,1736412805.7638326,,1736412788
move,208,231,694.7662746397217,,1736412805.765272,,1736412788
move,207,231,661.3535162409335,,1736412805.766784,,1736412788
move,206,230,908.089651181219,,1736412805.769899,,1736412788
move,206,229,642.0180621460279,,1736412805.769899,,1736412788
move,206,227,1423.9701239178407,,1736412805.7728875,,1736412788
move,205,226,892.7816980005603,,1736412805.773932,,1736412788
move,204,225,391.3208603717986,,1736412805.777007,,1736412788
move,204,224,1977.5124941065535,,1736412805.777007,,1736412788
move,204,223,380.0221074567364,,1736412805.7796385,,1736412788
move,203,222,900.9176186992288,,1736412805.7812083,,1736412788
move,203,221,645.4761465066174,,1736412805.7827575,,1736412788
move,202,219,1427.2939982193393,,1736412805.7843242,,1736412788
move,202,218,636.0788595693055,,1736412805.7869034,,1736412788
move,200,217,884.9546010850423,,1736412805.788993,,1736412788
move,199,216,1240.1508679731805,,1736412805.7895634,,1736412788
move,199,215,644.0884520884521,,1736412805.791116,,1736412788
move,198,214,898.325246329808,,1736412805.7926903,,1736412788
move,198,213,638.1110603986003,,1736412805.7942574,,1736412788
move,197,211,1426.4256824789777,,1736412805.795825,,1736412788
move,196,210,0,,1736412805.795825,,1736412788
move,195,209,928.2694212074683,,1736412805.7989488,,1736412788
move,194,208,523.1647205429284,,1736412805.8000517,,1736412788
move,194,207,650.0781153130812,,1736412805.80159,,1736412788
move,192,207,0,,1736412805.803135,,1736412788
move,192,206,647.2691358024691,,1736412805.803135,,1736412788
move,191,205,863.0352977616358,,1736412805.8047736,,1736412788
move,190,205,0,,1736412805.8047736,,1736412788
move,190,204,633.9637243047158,,1736412805.806351,,1736412788
move,189,204,655.5648640200062,,1736412805.8078763,,1736412788
move,189,202,0,,1736412805.8078763,,1736412788
move,188,201,901.3283089979824,,1736412805.8094454,,1736412788
move,187,201,870.9102990033223,,1736412805.8105936,,1736412788
move,186,200,1403.2745686102962,,1736412805.8116014,,1736412788
move,185,199,681.7195266654088,,1736412805.8136759,,1736412788
move,183,198,0,,1736412805.8136759,,1736412788
move,182,198,321.27950976637305,,1736412805.8167884,,1736412788
move,182,197,0,,1736412805.8167884,,1736412788
move,181,196,641.7441957714727,,1736412805.8189921,,1736412788
move,180,194,1406.3201173038353,,1736412805.8205822,,1736412788
move,179,194,1705.0016260162602,,1736412805.8211687,,1736412788
move,179,193,956.5117445838084,,1736412805.8222141,,1736412788
move,178,193,645.3768272041852,,1736412805.8237636,,1736412788
move,177,192,0,,1736412805.8237636,,1736412788
move,175,191,1416.0877038048134,,1736412805.8269107,,1736412788
move,174,190,450.97252349393466,,1736412805.8284786,,1736412788
move,173,190,658.1365134159737,,1736412805.829998,,1736412788
move,173,189,776.5791520088873,,1736412805.8312857,,1736412788
move,172,188,0,,1736412805.8328857,,1736412788
move,172,186,455.43232531624955,,1736412805.8356771,,1736412788
move,171,186,0,,1736412805.8356771,,1736412788
move,171,185,633.1024905660378,,1736412805.8372567,,1736412788
move,170,185,633.3893083660525,,1736412805.8388355,,1736412788
move,169,184,0,,1736412805.8388355,,1736412788
move,169,183,379.5750226244344,,1736412805.84147,,1736412788
move,167,182,725.7408389924382,,1736412805.844551,,1736412788
move,166,182,0,,1736412805.844551,,1736412788
move,166,181,639.7657107992678,,1736412805.8461142,,1736412788
move,165,180,901.4652889841524,,1736412805.847683,,1736412788
move,165,178,1292.5436055469954,,1736412805.8509834,,1736412788
move,165,177,291.37228204237584,,1736412805.8526623,,1736412788
move,164,177,1977.5124941065535,,1736412805.853168,,1736412788
move,164,176,655.5648640200062,,1736412805.8546934,,1736412788
move,164,175,848.5340886101558,,1736412805.855872,,1736412788
move,163,175,645.4761465066174,,1736412805.8574212,,1736412788
move,163,174,719.4346483704974,,1736412805.8588111,,1736412788
move,162,173,383.6270599867884,,1736412805.8624976,,1736412788
move,162,172,475.05991618529845,,1736412805.8646026,,1736412788
move,161,171,454.81073466613424,,1736412805.867712,,1736412788
move,161,169,1276.6105615583624,,1736412805.8692787,,1736412788
move,161,168,644.7815526518064,,1736412805.8708296,,1736412788
move,159,167,817.3201622918762,,1736412805.8751664,,1736412788
move,159,166,315.29008494324586,,1736412805.876737,,1736412788
move,159,165,211.23609991941981,,1736412805.8814712,,1736412788
move,158,165,379.64373642288194,,1736412805.8841052,,1736412788
move,158,164,635.1156874621441,,1736412805.8856797,,1736412788
move,158,163,171.7639542978828,,1736412805.8915017,,1736412788
move,158,161,316.2886660131212,,1736412805.897825,,1736412788
move,158,160,214.08248264597796,,1736412805.902496,,1736412788
move,158,159,157.5266281078645,,1736412805.9088442,,1736412788
move,158,158,168.50008034709947,,1736412805.914779,,1736412788
move,158,157,373.19192098941187,,1736412805.9174585,,1736412788
move,158,156,238.44820920977827,,1736412805.9216523,,1736412788
move,158,155,332.1694781024788,,1736412805.9246628,,1736412788
move,158,153,670.4986012309168,,1736412805.9276457,,1736412788
move,158,152,349.1761571761572,,1736412805.9305096,,1736412788
move,158,151,632.2435936086825,,1736412805.9320912,,1736412788
move,158,150,238.31272727272727,,1736412805.9362874,,1736412788
move,158,149,647.1692640024687,,1736412805.9378326,,1736412788
move,158,148,489.30284647690155,,1736412805.9408846,,1736412788
move,158,148,0.0,,1736412805.9408846,,1736412788
move,158,147,649.3735872426072,,1736412805.9439876,,1736412788
move,158,145,1279.5314215985356,,1736412805.9439876,,1736412788
move,158,144,627.2325407507103,,1736412805.945582,,1736412788
move,158,143,936.019638473555,,1736412805.9466503,,1736412788
move,158,142,631.0070708590341,,1736412805.948235,,1736412788
move,158,141,639.3756097560976,,1736412805.949799,,1736412788
move,160,140,1427.2939982193393,,1736412805.9529402,,1736412788
move,160,139,635.1156874621441,,1736412805.9529402,,1736412788
move,161,138,929.1418548740166,,1736412805.9560208,,1736412788
move,161,136,1283.2504206822703,,1736412805.9560208,,1736412788
move,161,135,369.4445521007663,,1736412805.9587276,,1736412788
move,161,134,0,,1736412805.9587276,,1736412788
move,161,133,316.21712907117006,,1736412805.96189,,1736412788
move,161,131,0,,1736412805.96189,,1736412788
move,162,129,722.2199955566979,,1736412805.964986,,1736412788
move,162,128,637.5291077671378,,1736412805.9665546,,1736412788
move,162,127,0,,1736412805.9665546,,1736412788
move,163,126,431.4234927278873,,1736412805.9698327,,1736412788
move,163,125,639.3756097560976,,1736412805.9713967,,1736412788
move,163,124,0,,1736412805.9729643,,1736412788
move,164,123,902.150813918741,,1736412805.9729643,,1736412788
move,164,121,962.4378155117026,,1736412805.9760485,,1736412788
move,164,120,357.23566987479774,,1736412805.9778416,,1736412788
move,164,119,1757.1445328864684,,1736412805.9789693,,1736412788
move,165,119,1790.1425522833974,,1736412805.9789693,,1736412788
move,165,118,645.3768272041852,,1736412805.9805188,,1736412788
move,165,117,0,,1736412805.9820888,,1736412788
move,165,116,320.0781440781441,,1736412805.983643,,1736412788
move,165,115,0,,1736412805.983643,,1736412788
move,166,115,635.4043326768672,,1736412805.9862247,,1736412788
move,166,113,1322.2900378310214,,1736412805.9867294,,1736412788
move,166,112,468.3756560580681,,1736412805.9888644,,1736412788
move,168,111,4065.3441102294228,,1736412805.9909713,,1736412788
move,168,110,320.1758778625954,,1736412805.9925377,,1736412788
move,169,109,870.1249232089955,,1736412805.994163,,1736412788
move,169,108,389.6241523455643,,1736412805.9967296,,1736412788
move,169,107,377.5251125112511,,1736412805.9993784,,1736412788
move,169,106,925.0780767534186,,1736412806.002018,,1736412788
move,169,104,639.2294444867789,,1736412806.0035882,,1736412788
move,170,103,457.4413203914338,,1736412806.0066798,,1736412788
move,170,102,492.636128729152,,1736412806.0087097,,1736412788
move,170,101,241.55171619442524,,1736412806.0128496,,1736412788
move,170,100,349.1470906517939,,1736412806.0157137,,1736412788
move,171,100,646.6703669441874,,1736412806.01726,,1736412788
move,171,99,386.64306784660766,,1736412806.0198464,,1736412788
move,171,98,187.622634757325,,1736412806.0261846,,1736412788
move,171,96,451.55880928029285,,1736412806.0296054,,1736412788
move,171,95,616.9908796704913,,1736412806.0312262,,1736412788
move,171,94,108.9146715138925,,1736412806.0404077,,1736412788
move,171,93,158.132408384859,,1736412806.0467315,,1736412788
move,171,92,126.57082503470336,,1736412806.0546322,,1736412788
move,172,92,650.2796899224807,,1736412806.05617,,1736412788
move,172,91,213.04942347742164,,1736412806.0608637,,1736412788
move,172,90,174.76266666666666,,1736412806.0665858,,1736412788
move,172,88,255.31434136839542,,1736412806.0744193,,1736412788
move,172,87,107.10137378070579,,1736412806.0837562,,1736412788
move,172,86,135.98443781610686,,1736412806.09111,,1736412788
move,172,85,59.80670459568522,,1736412806.1078305,,1736412788
move,172,84,20.762750543287247,,1736412806.1559937,,1736412788
move,172,83,16.750013977300863,,1736412806.2156951,,1736412788
move,172,82,23.185631920221557,,1736412806.2588253,,1736412788
move,172,80,17.399094433232598,,1736412806.3737738,,1736412788
move,172,79,23.176407530405086,,1736412806.4169211,,1736412788
move,172,78,18.875491091719958,,1736412806.4699,,1736412788
move,172,77,20.422462106272853,,1736412806.5188656,,1736412788
move,172,76,39.16140537613325,,1736412806.544401,,1736412788
move,172,75,24.099516780528727,,1736412806.5858955,,1736412788
click_press,172,75,,Button.left,1736412806.7942877,,1736412788
move,173,75,4.150002720953818,,1736412806.8268592,,1736412788
move,173,75,0.0,,1736412806.831603,,1736412788
click_release,173,75,,Button.left,1736412806.8579633,,1736412788
move,174,75,9.502468333065242,,1736412806.9368389,,1736412788
click_press,174,75,,Button.left,1736412806.937846,,1736412788
move,176,75,176.0943804185822,,1736412806.9481964,,1736412788
move,176,76,81.94881012856082,,1736412806.9619625,,1736412788
move,177,76,239.6197440585009,,1736412806.9645724,,1736412788
move,177,77,26.409001328539677,,1736412807.0040214,,1736412788
click_release,177,77,,Button.left,1736412807.0098693,,1736412788
move,177,78,0.9562483128935062,,1736412808.0481918,,1736412788
move,177,79,230.43094165476322,,1736412808.0525315,,1736412788
move,177,81,700.9783571488259,,1736412808.0553846,,1736412788
move,177,82,167.5844653987534,,1736412808.0613518,,1736412788
move,177,83,512.8764979212522,,1736412808.0633016,,1736412788
move,177,84,340.9726038533453,,1736412808.0662344,,1736412788
move,177,85,318.7403298122958,,1736412808.0709298,,1736412788
move,177,86,234.1616793211255,,1736412808.0736423,,1736412788
move,177,87,357.6621471817174,,1736412808.077984,,1736412788
move,177,89,644.6824469720258,,1736412808.0795405,,1736412788
move,177,90,361.4532919682868,,1736412808.082307,,1736412788
move,177,91,243.5292341636184,,1736412808.0869303,,1736412788
move,177,92,469.9500280112045,,1736412808.0885413,,1736412788
move,177,93,311.7282794500186,,1736412808.0917492,,1736412788
move,177,94,317.75030303030303,,1736412808.0948963,,1736412788
move,177,95,253.81567322239033,,1736412808.0988362,,1736412788
move,177,97,436.2704389432078,,1736412808.1034205,,1736412788
move,177,98,216.03420036054598,,1736412808.1090767,,1736412788
move,177,99,119.86465477823502,,1736412808.1179166,,1736412788
move,177,100,106.84763724366323,,1736412808.1257513,,1736412788
move,177,101,65.89430025765098,,1736412808.140927,,1736412788
move,178,101,18.962620033636544,,1736412808.1936624,,1736412788
move,178,101,0.0,,1736412808.2823195,,1736412788
move,178,100,319.9316552250191,,1736412808.2854452,,1736412788
move,178,99,175.4718654562189,,1736412808.2911441,,1736412788
move,178,98,214.81710627400767,,1736412808.2957993,,1736412788
move,178,98,0,,1736412808.2957993,,1736412788
move,178,96,418.1133429696456,,1736412808.3005826,,1736412788
move,178,95,317.3896329928112,,1736412808.3037333,,1736412788
move,178,94,234.65950542687702,,1736412808.3079948,,1736412788
move,178,93,210.2618808903148,,1736412808.3127508,,1736412788
move,178,92,627.4201944652207,,1736412808.31593,,1736412788
move,177,92,321.37797869895024,,1736412808.3174562,,1736412788
move,177,91,645.7742879137799,,1736412808.3190048,,1736412788
move,177,90,222.4740890044025,,1736412808.3234997,,1736412788
move,177,88,853.7154488092815,,1736412808.3258424,,1736412788
move,177,87,261.6207584830339,,1736412808.3296647,,1736412788
move,175,87,3964.3705103969755,,1736412808.3301692,,1736412788
move,175,86,633.7721365971593,,1736412808.331747,,1736412788
move,175,85,314.60426042604263,,1736412808.3349257,,1736412788
move,175,84,639.6681409181028,,1736412808.3380096,,1736412788
move,174,83,246.38179030179532,,1736412808.342229,,1736412788
move,174,82,650.2796899224807,,1736412808.3437667,,1736412788
move,174,80,717.5269865708665,,1736412808.346554,,1736412788
move,174,79,325.11464227579256,,1736412808.3496299,,1736412788
move,173,78,452.8662086971845,,1736412808.3527527,,1736412788
move,173,77,212.2945791365086,,1736412808.3574631,,1736412788
move,172,77,182.31348343910284,,1736412808.3629482,,1736412788
move,172,76,660.832519300457,,1736412808.3644614,,1736412788
move,172,75,698.3523143523144,,1736412808.3669887,,1736412788
move,172,74,131.8922046476526,,1736412808.3734753,,1736412788
move,171,74,0,,1736412808.3751187,,1736412788
move,171,73,158.8691337449339,,1736412808.3797698,,1736412788
move,171,71,150.7766194550291,,1736412808.3930345,,1736412788
move,171,72,53.55547326889437,,1736412808.4117067,,1736412788
click_press,171,72,,Button.left,1736412808.4430315,,1736412788
move,171,71,29.088124943651913,,1736412808.446085,,1736412788
move,170,72,48.076979700722354,,1736412808.4755006,,1736412788
click_release,170,72,,Button.left,1736412808.5141008,,1736412788
move,170,73,20.423754893749635,,1736412808.5260441,,1736412788
move,170,73,0.0,,1736412808.61453,,1736412788
click_press,170,73,,Button.left,1736412809.0673187,,1736412788
click_release,170,73,,Button.left,1736412809.1227574,,1736412788
move,170,73,0.0,,1736412809.131551,,1736412788
move,170,74,5.056497502073568,,1736412809.3293164,,1736412788
move,170,75,311.91373540566667,,1736412809.3325224,,1736412788
move,169,75,175.3911516266622,,1736412809.338224,,1736412788
move,169,76,212.6821155113838,,1736412809.3429258,,1736412788
move,169,77,113.49760519550804,,1736412809.3517365,,1736412788
move,169,78,169.0161186331399,,1736412809.3576531,,1736412788
move,167,78,1253.9025411061286,,1736412809.3592482,,1736412788
move,167,79,177.0570306893495,,1736412809.364896,,1736412788
move,167,81,208.24188863788694,,1736412809.3745003,,1736412788
move,166,82,131.74399434780833,,1736412809.3852348,,1736412788
move,166,83,10.460237021667131,,1736412809.480835,,1736412788
move,166,83,0.0,,1736412809.5306752,,1736412788
move,166,83,0,,1736412809.5306752,,1736412788
move,166,83,0.0,,1736412809.5347822,,1736412788
move,166,83,0.0,,1736412810.5519228,,1736412788
move,166,84,174.0736252334509,,1736412810.5576675,,1736412788
move,166,85,642.6082426842347,,1736412810.5592237,,1736412788
move,166,86,616.0846063454759,,1736412810.5608468,,1736412788
move,166,87,321.59975463885905,,1736412810.5639563,,1736412788
move,166,89,1894.874181161057,,1736412810.5650117,,1736412788
move,166,90,623.8738658337052,,1736412810.5666146,,1736412788
move,166,91,809.7111969111969,,1736412810.5678496,,1736412788
move,166,92,0,,1736412810.5678496,,1736412788
move,166,93,632.529633539436,,1736412810.5694306,,1736412788
move,166,93,0.0,,1736412810.5711277,,1736412788
move,166,94,0,,1736412810.5711277,,1736412788
move,166,95,638.4024353120244,,1736412810.572694,,1736412788
move,166,97,1256.155735250075,,1736412810.5742862,,1736412788
move,166,98,961.1145737855179,,1736412810.5753267,,1736412788
move,168,99,1419.9468375926235,,1736412810.5769014,,1736412788
move,168,100,0,,1736412810.5769014,,1736412788
move,168,101,624.3381958916344,,1736412810.5785031,,1736412788
move,168,102,635.6932403758715,,1736412810.5800762,,1736412788
move,168,103,0,,1736412810.5800762,,1736412788
move,168,105,1270.4237467817659,,1736412810.5816505,,1736412788
move,169,106,904.7653449535879,,1736412810.5832136,,1736412788
move,169,107,0,,1736412810.5832136,,1736412788
move,170,108,930.8916512108792,,1736412810.5847328,,1736412788
move,170,109,928.7652790079717,,1736412810.5858095,,1736412788
move,170,110,636.4649468892261,,1736412810.5873806,,1736412788
move,170,111,0,,1736412810.5873806,,1736412788
move,170,114,1922.8166259168704,,1736412810.5889409,,1736412788
move,170,115,813.7958866899495,,1736412810.5901697,,1736412788
move,170,116,883.569412260375,,1736412810.5913014,,1736412788
move,171,118,1425.991920678011,,1736412810.5928695,,1736412788
move,171,120,0,,1736412810.5928695,,1736412788
move,171,121,479.0205573321151,,1736412810.594957,,1736412788
move,172,122,1387.1940134508238,,1736412810.5959766,,1736412788
move,172,124,0,,1736412810.5959766,,1736412788
move,172,127,1915.4988582737099,,1736412810.5990984,,1736412788
move,173,128,909.0638469755896,,1736412810.5990984,,1736412788
move,173,129,643.7918649270913,,1736412810.6006517,,1736412788
move,174,130,0,,1736412810.6023006,,1736412788
move,174,133,1819.3915558126084,,1736412810.6023006,,1736412788
move,176,134,1818.6443401782583,,1736412810.6035302,,1736412788
move,176,135,637.8199513381995,,1736412810.605098,,1736412788
move,176,136,992.4997633696166,,1736412810.6061056,,1736412788
move,176,139,0,,1736412810.6061056,,1736412788
move,177,140,909.3425726683615,,1736412810.6076608,,1736412788
move,177,141,0,,1736412810.6092317,,1736412788
move,178,143,1423.394879693319,,1736412810.6092317,,1736412788
move,178,146,1480.3425882352942,,1736412810.6112583,,1736412788
move,179,147,2699.882385760456,,1736412810.611782,,1736412788
move,179,148,992.734674556213,,1736412810.6127894,,1736412788
move,179,149,637.3353593678772,,1736412810.6143584,,1736412788
move,180,152,0,,1736412810.6159341,,1736412788
move,180,154,914.5887483645879,,1736412810.6165452,,1736412788
move,180,155,1776.4947056332062,,1736412810.617108,,1736412788
move,181,157,1442.884440353735,,1736412810.6186578,,1736412788
move,183,159,0,,1736412810.6186578,,1736412788
move,183,163,2559.0628431970713,,1736412810.620221,,1736412788
move,183,164,653.9295291549735,,1736412810.62175,,1736412788
move,183,166,0,,1736412810.62175,,1736412788
move,184,167,901.602310611905,,1736412810.6233187,,1736412788
move,184,170,1920.4688644688645,,1736412810.6248808,,1736412788
move,185,172,1771.9155228224595,,1736412810.6261427,,1736412788
move,185,174,1691.2516129032258,,1736412810.6273253,,1736412788
move,186,175,0,,1736412810.6273253,,1736412788
move,186,177,1287.781393920786,,1736412810.6288784,,1736412788
move,188,178,1426.2087685978222,,1736412810.6304462,,1736412788
move,188,181,0,,1736412810.6304462,,1736412788
move,189,182,0,,1736412810.631969,,1736412788
move,189,183,656.6939095036794,,1736412810.631969,,1736412788
move,190,186,1927.8421277841387,,1736412810.6336093,,1736412788
move,190,187,873.6313268069152,,1736412810.634754,,1736412788
move,191,189,1946.606239580589,,1736412810.6359026,,1736412788
move,191,190,967.5441753171857,,1736412810.6369362,,1736412788
move,192,191,2770.500514486559,,1736412810.6374466,,1736412788
move,192,194,2976.0908230842006,,1736412810.6384547,,1736412788
move,193,195,0,,1736412810.640022,,1736412788
move,193,196,638.0139945238819,,1736412810.640022,,1736412788
move,193,197,644.6824469720258,,1736412810.6415732,,1736412788
move,195,200,3563.3313234881507,,1736412810.6430945,,1736412788
move,195,201,1962.706598034628,,1736412810.6430945,,1736412788
move,196,202,895.747750153386,,1736412810.6446733,,1736412788
move,196,204,0,,1736412810.6446733,,1736412788
move,196,206,1278.946180820247,,1736412810.6462371,,1736412788
move,197,208,2206.7644381880655,,1736412810.6472504,,1736412788
move,198,209,0,,1736412810.6490748,,1736412788
move,198,212,888.3727760519628,,1736412810.6506274,,1736412788
move,199,213,0,,1736412810.6506274,,1736412788
move,199,214,483.2704228597765,,1736412810.6526966,,1736412788
move,200,215,1400.9545586952581,,1736412810.653706,,1736412788
move,200,218,0,,1736412810.653706,,1736412788
move,202,219,1433.1828946056355,,1736412810.6552663,,1736412788
move,202,220,637.7229740003041,,1736412810.6568344,,1736412788
move,202,221,888.4355009531879,,1736412810.65796,,1736412788
move,203,222,0,,1736412810.65796,,1736412788
move,203,223,645.8737295965507,,1736412810.6595082,,1736412788
move,204,226,0,,1736412810.661082,,1736412788
move,204,227,635.4043326768672,,1736412810.661082,,1736412788
move,205,228,1096.8272192151853,,1736412810.6623714,,1736412788
move,205,229,0,,1736412810.6640172,,1736412788
move,206,230,859.2846011177347,,1736412810.6640172,,1736412788
move,206,231,637.4322188449848,,1736412810.665586,,1736412788
move,206,234,0,,1736412810.665586,,1736412788
move,207,234,466.96771320418617,,1736412810.6677275,,1736412788
move,207,236,3626.722006052745,,1736412810.668279,,1736412788
move,209,237,1753.3649022806653,,1736412810.6695542,,1736412788
move,209,238,775.143965995195,,1736412810.6708443,,1736412788
move,210,240,0,,1736412810.6708443,,1736412788
move,210,241,631.8626092196445,,1736412810.6729522,,1736412788
move,211,242,2692.5290973743636,,1736412810.6739607,,1736412788
move,211,244,1983.1224586288415,,1736412810.6739607,,1736412788
move,212,247,1823.1689125986081,,1736412810.6756952,,1736412788
move,212,248,628.3601498127341,,1736412810.6772866,,1736412788
move,213,249,1309.4131570674883,,1736412810.6783667,,1736412788
move,215,252,0,,1736412810.680085,,1736412788
move,216,253,823.0389345796757,,1736412810.680085,,1736412788
move,216,254,693.5026455026455,,1736412810.681527,,1736412788
move,217,255,0,,1736412810.681527,,1736412788
move,218,256,910.0401352432835,,1736412810.683081,,1736412788
move,219,258,1438.0173048603615,,1736412810.6846359,,1736412788
move,220,260,0,,1736412810.6846359,,1736412788
move,222,261,1431.4329765414038,,1736412810.686198,,1736412788
move,223,262,907.3950744249231,,1736412810.6877565,,1736412788
move,223,265,2981.0262970859985,,1736412810.688763,,1736412788
move,224,267,0,,1736412810.688763,,1736412788
move,225,269,1390.26813849678,,1736412810.6903713,,1736412788
move,226,270,1220.251306627386,,1736412810.6915302,,1736412788
move,228,272,0,,1736412810.6931014,,1736412788
move,229,275,2012.6788830280539,,1736412810.6931014,,1736412788
move,230,276,905.0414405730428,,1736412810.694664,,1736412788
move,231,277,0,,1736412810.694664,,1736412788
move,232,280,1800.1566014053847,,1736412810.6964207,,1736412788
move,234,281,0,,1736412810.6979933,,1736412788
move,234,282,635.8859915100061,,1736412810.6990004,,1736412788
move,238,288,1754.6879546189837,,1736412810.702103,,1736412788
move,238,290,1294.9379438098179,,1736412810.7036474,,1736412788
move,239,291,0,,1736412810.705055,,1736412788
move,239,293,1420.8346883468835,,1736412810.705055,,1736412788
move,241,295,2019.9698966510207,,1736412810.7064552,,1736412788
move,242,296,0,,1736412810.7080238,,1736412788
move,242,297,637.5291077671378,,1736412810.7080238,,1736412788
move,242,299,1312.565795650133,,1736412810.7095475,,1736412788
move,243,300,0,,1736412810.7095475,,1736412788
move,244,301,911.8588165281664,,1736412810.7110984,,1736412788
move,245,302,0,,1736412810.7110984,,1736412788
move,245,303,442.4371308016878,,1736412810.7133586,,1736412788
move,246,304,892.6473440956693,,1736412810.714943,,1736412788
move,246,305,0,,1736412810.714943,,1736412788
move,247,307,1424.6922166640252,,1736412810.7165124,,1736412788
move,249,308,726.6404944835576,,1736412810.7195897,,1736412788
move,249,309,0,,1736412810.7195897,,1736412788
move,250,309,318.16005461579306,,1736412810.7227328,,1736412788
move,250,310,0,,1736412810.7227328,,1736412788
move,250,311,214.53143061735972,,1736412810.727394,,1736412788
move,251,311,370.1945278022948,,1736412810.7300954,,1736412788
move,252,311,36.41679183850662,,1736412810.7575552,,1736412788
move,252,311,0.0,,1736412810.759237,,1736412788
move,252,310,309.58842633599056,,1736412810.7624671,,1736412788
move,253,310,617.2632818248712,,1736412810.7640872,,1736412788
move,253,309,645.1782802645747,,1736412810.7656372,,1736412788
move,253,308,318.6434703335106,,1736412810.7687755,,1736412788
move,254,308,0,,1736412810.7703533,,1736412788
move,254,306,1267.5442731943185,,1736412810.7703533,,1736412788
move,254,305,968.6614318706697,,1736412810.7713857,,1736412788
move,255,304,850.7804936195815,,1736412810.773048,,1736412788
move,255,303,624.152380952381,,1736412810.77465,,1736412788
move,257,303,1159.1278153931187,,1736412810.7769427,,1736412788
move,257,302,929.3826722800798,,1736412810.7774515,,1736412788
move,257,301,0,,1736412810.779014,,1736412788
move,257,300,639.9609398840403,,1736412810.779014,,1736412788
move,258,298,889.9932494115845,,1736412810.7815266,,1736412788
move,258,297,638.5968331303288,,1736412810.7830925,,1736412788
move,258,296,938.9532124468324,,1736412810.7841575,,1736412788
move,259,295,893.3195183005606,,1736412810.7857406,,1736412788
move,259,294,635.308088458043,,1736412810.7873147,,1736412788
move,259,293,0,,1736412810.7889175,,1736412788
move,260,292,882.2908822721587,,1736412810.7889175,,1736412788
move,260,290,1279.9218797680805,,1736412810.7920396,,1736412788
move,260,289,641.2328390154411,,1736412810.7920396,,1736412788
move,260,288,637.0449574726609,,1736412810.7936094,,1736412788
move,260,287,0,,1736412810.7936094,,1736412788
move,261,286,453.1083646410299,,1736412810.7967305,,1736412788
move,261,283,1859.452046697207,,1736412810.798344,,1736412788
move,262,283,682.8889612504071,,1736412810.7998083,,1736412788
move,262,282,0,,1736412810.7998083,,1736412788
move,262,281,625.5486950037285,,1736412810.8014069,,1736412788
move,262,280,992.0302743614002,,1736412810.802415,,1736412788
move,263,279,835.0896243158837,,1736412810.8041084,,1736412788
move,263,278,646.7700848111025,,1736412810.8056545,,1736412788
move,263,277,589.4187745924677,,1736412810.807351,,1736412788
move,265,276,1431.6514825674367,,1736412810.808913,,1736412788
move,265,274,1272.3506749582891,,1736412810.810485,,1736412788
move,265,273,0,,1736412810.8120053,,1736412788
move,265,272,328.2184834494092,,1736412810.8135316,,1736412788
move,265,271,643.3968400061359,,1736412810.815086,,1736412788
move,266,271,636.7548201001973,,1736412810.8166564,,1736412788
move,266,270,0,,1736412810.8166564,,1736412788
move,266,269,320.2981290568919,,1736412810.8197784,,1736412788
move,267,268,0,,1736412810.8197784,,1736412788
move,267,266,945.3017804823079,,1736412810.8218942,,1736412788
move,267,265,658.9637077769049,,1736412810.8234117,,1736412788
move,267,264,387.9304476507584,,1736412810.8259895,,1736412788
move,268,264,644.3853126440314,,1736412810.8275414,,1736412788
move,268,263,0,,1736412810.8275414,,1736412788
move,268,262,321.9947796714264,,1736412810.830647,,1736412788
move,269,261,909.2031884604112,,1736412810.8322024,,1736412788
move,269,260,992.2649633309676,,1736412810.8332102,,1736412788
move,269,258,613.8754482253934,,1736412810.8364682,,1736412788
move,269,257,307.477750898028,,1736412810.8397205,,1736412788
move,269,256,271.8102520899488,,1736412810.8433995,,1736412788
move,270,255,900.2339659304481,,1736412810.8449705,,1736412788
move,270,254,318.6192646611972,,1736412810.848109,,1736412788
move,271,254,241.27381500230098,,1736412810.8522537,,1736412788
move,271,253,643.4955507824486,,1736412810.8538077,,1736412788
move,271,252,208.2780812394478,,1736412810.858609,,1736412788
move,271,250,233.63342152903496,,1736412810.8671694,,1736412788
move,271,249,126.12930775245083,,1736412810.8750978,,1736412788
move,273,249,765.9430241051863,,1736412810.877709,,1736412788
move,273,248,89.42125572966634,,1736412810.888892,,1736412788
move,274,247,149.55477791124306,,1736412810.898348,,1736412788
move,274,246,106.41930327556898,,1736412810.907745,,1736412788
move,274,245,98.45321815877189,,1736412810.917902,,1736412788
move,274,244,49.01433863484978,,1736412810.9383042,,1736412788
move,274,243,50.10996153019044,,1736412810.9582603,,1736412788
click_press,274,243,,Button.left,1736412810.9818282,,1736412788
move,274,241,57.854463947032656,,1736412810.9928298,,1736412788
move,274,242,32.66108597637421,,1736412811.0250816,,1736412788
click_release,274,242,,Button.left,1736412811.0266702,,1736412788
move,274,241,12.77602156596963,,1736412811.101719,,1736412788
move,275,241,309.9544782737216,,1736412811.1049452,,1736412788
click_press,275,241,,Button.left,1736412811.106489,,1736412788
click_release,275,241,,Button.left,1736412811.1645253,,1736412788
move,275,242,14.922047381359821,,1736412811.17196,,1736412788
move,275,243,14.814528063972647,,1736412811.2394614,,1736412788
move,275,244,90.98668055013232,,1736412811.2520192,,1736412788
move,275,245,51.89043671903996,,1736412811.2697234,,1736412788
move,275,246,127.49031885467643,,1736412811.2775671,,1736412788
move,275,247,134.8997812942236,,1736412811.28498,,1736412788
move,276,247,635.019530658592,,1736412811.2865548,,1736412788
move,276,248,127.97656679074876,,1736412811.2943687,,1736412788
move,276,249,615.542119166422,,1736412811.2959933,,1736412788
move,276,251,377.50812294676206,,1736412811.3012912,,1736412788
move,276,252,283.4563762924917,,1736412811.304819,,1736412788
move,276,253,309.47421235150887,,1736412811.3080504,,1736412788
move,276,254,622.0234317069553,,1736412811.309658,,1736412788
move,276,254,0.0,,1736412811.312534,,1736412788
move,276,255,989.6894761680038,,1736412811.3135445,,1736412788
move,276,256,482.9921695071396,,1736412811.315615,,1736412788
move,276,257,0,,1736412811.3172119,,1736412788
move,276,257,0.0,,1736412811.3187923,,1736412788
move,268,259,5217.546664037006,,1736412811.3187923,,1736412788
move,267,262,2336.3667146652942,,1736412811.3201458,,1736412788
move,265,262,718.5103211991435,,1736412811.3229294,,1736412788
move,265,263,631.8626092196445,,1736412811.324512,,1736412788
move,264,264,1967.3769822606046,,1736412811.3252308,,1736412788
move,264,265,0,,1736412811.3252308,,1736412788
move,263,266,903.8003354435049,,1736412811.3267956,,1736412788
move,263,267,621.6546613309619,,1736412811.3284042,,1736412788
move,261,269,1812.8489002187416,,1736412811.3299644,,1736412788
move,259,270,0,,1736412811.3299644,,1736412788
move,259,271,629.3973589435774,,1736412811.3315532,,1736412788
move,259,272,765.9430241051863,,1736412811.3328588,,1736412788
move,259,273,0,,1736412811.334385,,1736412788
move,259,276,1965.7728479925013,,1736412811.3359635,,1736412788
move,258,276,633.4849720586014,,1736412811.3359635,,1736412788
move,257,278,1417.5859828142802,,1736412811.3375409,,1736412788
move,257,281,0,,1736412811.3375409,,1736412788
move,256,281,639.9609398840403,,1736412811.3391035,,1736412788
move,256,281,0.0,,1736412811.489886,,1736412788
move,257,279,1411.611809497182,,1736412811.49147,,1736412788
move,258,279,600.9031518624641,,1736412811.4931343,,1736412788
move,259,278,867.9604333502667,,1736412811.4947636,,1736412788
move,261,278,1235.4356406480117,,1736412811.4963825,,1736412788
move,262,277,878.2412794663492,,1736412811.499046,,1736412788
move,262,276,949.3671344499774,,1736412811.499046,,1736412788
move,263,276,568.1798970468708,,1736412811.500806,,1736412788
move,264,275,887.7045198317453,,1736412811.5023992,,1736412788
move,265,275,701.9755648535565,,1736412811.5038238,,1736412788
move,266,275,0,,1736412811.5038238,,1736412788
move,267,275,646.9696128335647,,1736412811.5053694,,1736412788
move,267,274,311.49676940215375,,1736412811.5085797,,1736412788
move,269,274,1977.0464294131511,,1736412811.5101013,,1736412788
move,270,273,2773.0909778007117,,1736412811.5111096,,1736412788
move,271,273,390.1315226490559,,1736412811.5126646,,1736412788
move,271,271,941.1654886121396,,1736412811.5147896,,1736412788
move,272,271,477.0591446769791,,1736412811.5168858,,1736412788
move,273,270,907.6727775846554,,1736412811.5184438,,1736412788
move,274,270,655.6673440675316,,1736412811.5210264,,1736412788
move,274,269,945.7280721533258,,1736412811.5210264,,1736412788
move,275,269,643.7918649270913,,1736412811.5225797,,1736412788
move,275,268,313.14797670598773,,1736412811.525773,,1736412788
move,277,268,1283.8396082032446,,1736412811.5273309,,1736412788
move,278,268,470.9526162137885,,1736412811.5294542,,1736412788
move,279,268,986.6629028463891,,1736412811.5304677,,1736412788
move,280,268,629.8699504430094,,1736412811.5320554,,1736412788
move,281,268,645.7742879137799,,1736412811.533604,,1736412788
move,282,268,644.5833717534962,,1736412811.5351553,,1736412788
move,283,268,631.0070708590341,,1736412811.53674,,1736412788
move,285,268,1276.9992388491398,,1736412811.5398953,,1736412788
move,285,269,385.04580923528874,,1736412811.5409033,,1736412788
move,286,270,0,,1736412811.5409033,,1736412788
move,287,272,1425.991920678011,,1736412811.5424714,,1736412788
move,287,273,308.019681280752,,1736412811.545718,,1736412788
move,288,273,0,,1736412811.545718,,1736412788
move,288,274,312.65777115169584,,1736412811.5489163,,1736412788
move,289,275,907.1175411401931,,1736412811.5509903,,1736412788
move,290,275,1941.8074074074075,,1736412811.552,,1736412788
move,291,276,481.15197935721307,,1736412811.5539296,,1736412788
move,292,276,316.33637529225433,,1736412811.5570908,,1736412788
move,294,277,1434.0594590671678,,1736412811.55865,,1736412788
move,295,277,245.7840023439789,,1736412811.5627186,,1736412788
move,296,277,214.92718421726877,,1736412811.5673714,,1736412788
move,297,277,215.22495894909687,,1736412811.5730236,,1736412788
move,298,277,112.03333511405523,,1736412811.5819507,,1736412788
move,299,277,186.29759260904325,,1736412811.5879622,,1736412788
move,299,277,0.0,,1736412811.6447077,,1736412788
move,299,276,151.27692418668397,,1736412811.651318,,1736412788
move,299,275,108.26524870292455,,1736412811.6605546,,1736412788
move,299,274,189.4446251129178,,1736412811.6658332,,1736412788
move,299,274,0.0,,1736412811.667442,,1736412788
move,299,273,201.32981327701242,,1736412811.672409,,1736412788
move,299,271,117.0138793957232,,1736412811.689501,,1736412788
move,298,271,26.80871571654107,,1736412811.7268023,,1736412788
move,297,271,78.53031267552893,,1736412811.7395363,,1736412788
move,296,271,55.4648047500033,,1736412811.7580736,,1736412788
move,295,271,101.68749242369142,,1736412811.7673998,,1736412788
move,293,271,632.6250377073907,,1736412811.7705612,,1736412788
move,293,270,319.2012176560122,,1736412811.773694,,1736412788
move,292,270,323.28533991059044,,1736412811.7767873,,1736412788
move,292,269,643.4955507824486,,1736412811.7783413,,1736412788
move,291,269,990.624468587624,,1736412811.781064,,1736412788
move,291,268,303.605066956207,,1736412811.7826445,,1736412788
move,290,267,896.5600969642869,,1736412811.784222,,1736412788
move,289,266,452.07237264810016,,1736412811.7873502,,1736412788
move,289,265,471.53501967397415,,1736412811.789471,,1736412788
move,288,265,658.3431172500392,,1736412811.7919953,,1736412788
move,287,263,876.8463783002317,,1736412811.79354,,1736412788
move,287,262,0,,1736412811.79354,,1736412788
move,286,262,477.82000455684664,,1736412811.7956328,,1736412788
move,286,261,983.8855266244428,,1736412811.7966492,,1736412788
move,286,260,639.6681409181028,,1736412811.7982125,,1736412788
move,284,259,1446.444920157199,,1736412811.7997584,,1736412788
move,283,259,855.8057539277698,,1736412811.800927,,1736412788
move,283,258,711.5019508057676,,1736412811.8023324,,1736412788
move,283,257,630.9121540312876,,1736412811.8039174,,1736412788
move,282,257,642.1163502755664,,1736412811.8054748,,1736412788
move,281,255,0,,1736412811.8070333,,1736412788
move,281,254,318.8857294913708,,1736412811.8086107,,1736412788
move,281,253,636.7548201001973,,1736412811.8101811,,1736412788
move,280,253,658.7567143081515,,1736412811.8116992,,1736412788
move,280,252,1579.1807228915663,,1736412811.8123324,,1736412788
move,279,252,1043.09972643621,,1736412811.813291,,1736412788
move,279,251,765.1047063115651,,1736412811.814598,,1736412788
move,278,251,640.8409472880061,,1736412811.8161585,,1736412788
move,278,250,642.3130168453292,,1736412811.8177154,,1736412788
move,278,249,639.9609398840403,,1736412811.819278,,1736412788
move,278,248,485.22720962517354,,1736412811.821863,,1736412788
move,276,248,975.873429502094,,1736412811.8233883,,1736412788
move,276,246,1978.9120075489502,,1736412811.8259647,,1736412788
move,275,246,638.6940764428201,,1736412811.8259647,,1736412788
move,275,245,644.5833717534962,,1736412811.827516,,1736412788
move,275,244,206.45323882654066,,1736412811.8339074,,1736412788
move,274,244,323.9845512127298,,1736412811.8354464,,1736412788
move,274,243,642.0180621460279,,1736412811.8380115,,1736412788
move,273,243,298.33587026104277,,1736412811.8408604,,1736412788
move,273,242,18.37495509546048,,1736412811.8947778,,1736412788
move,273,241,47.221454144243545,,1736412811.9159546,,1736412788
move,273,240,59.965744513546355,,1736412811.9326308,,1736412788
move,273,238,70.07909642278325,,1736412811.96117,,1736412788
move,273,237,21.69112300571458,,1736412812.0072718,,1736412788
move,273,236,47.39969261368773,,1736412812.029075,,1736412788
move,273,235,70.17758963976776,,1736412812.0426185,,1736412788
move,273,234,83.50862103293115,,1736412812.0545933,,1736412788
move,273,233,107.87541472698747,,1736412812.0638633,,1736412788
move,273,232,81.38906353087282,,1736412812.07615,,1736412788
move,273,230,248.7872353045851,,1736412812.084189,,1736412788
move,273,229,102.80156862745098,,1736412812.0939164,,1736412788
move,273,228,222.06183820415077,,1736412812.0999675,,1736412788
move,273,228,0.0,,1736412812.0999675,,1736412788
move,273,227,117.3625832447255,,1736412812.108488,,1736412788
move,273,226,80.48479266209966,,1736412812.121918,,1736412788
move,273,225,110.05205709487825,,1736412812.1299994,,1736412788
move,274,225,52.873599152873545,,1736412812.1489124,,1736412788
move,274,224,167.49077549716478,,1736412812.154883,,1736412788
click_press,274,224,,Button.left,1736412812.1598828,,1736412788
click_release,274,224,,Button.left,1736412812.203957,,1736412788
move,274,224,0.0,,1736412812.2226489,,1736412788
move,274,224,0.0,,1736412812.2735784,,1736412788
click_press,274,224,,Button.left,1736412812.2808688,,1736412788
click_release,274,224,,Button.left,1736412812.3494546,,1736412788
move,274,224,0.0,,1736412812.3520424,,1736412788
move,274,225,63.992188453557915,,1736412812.3666093,,1736412788
move,274,226,24.140434887709645,,1736412812.4080336,,1736412788
move,274,227,22.292341217114004,,1736412812.452892,,1736412788
move,274,228,32.22991155474615,,1736412812.4839191,,1736412788
move,274,229,133.55954655457904,,1736412812.4914064,,1736412788
move,274,231,741.1085784963336,,1736412812.494105,,1736412788
move,274,232,371.63778132199184,,1736412812.496796,,1736412788
move,274,233,313.4522083551304,,1736412812.5009997,,1736412788
move,274,234,393.75741644761547,,1736412812.5025258,,1736412788
move,274,235,317.91889638444627,,1736412812.5056713,,1736412788
move,274,236,0,,1736412812.5056713,,1736412788
move,274,237,315.7172751223184,,1736412812.5088387,,1736412788
move,274,239,1257.8509521667415,,1736412812.5104287,,1736412788
move,274,241,647.3690384318568,,1736412812.513518,,1736412788
move,274,242,477.2219820229833,,1736412812.5156136,,1736412788
move,274,243,994.3821716453295,,1736412812.5171294,,1736412788
move,274,244,985.9670897978373,,1736412812.5176334,,1736412788
move,274,246,636.7548201001973,,1736412812.5207744,,1736412788
move,274,247,920.0052643123493,,1736412812.5218613,,1736412788
move,274,248,1736.0529801324503,,1736412812.5229435,,1736412788
move,274,249,1975.649552520019,,1736412812.5229435,,1736412788
move,274,250,632.9114229666516,,1736412812.5261314,,1736412788
move,274,251,621.9311981020167,,1736412812.5261314,,1736412788
move,274,252,620.2756580893226,,1736412812.5277436,,1736412788
move,274,253,623.1323726043679,,1736412812.5293484,,1736412788
move,274,255,0,,1736412812.530947,,1736412788
move,274,256,625.5486950037285,,1736412812.5319588,,1736412788
move,274,257,402.60165098867344,,1736412812.5334308,,1736412788
move,275,258,896.2891510298765,,1736412812.5350087,,1736412788
move,275,259,607.34202143064,,1736412812.5366552,,1736412788
move,275,260,0,,1736412812.5366552,,1736412788
move,277,261,0,,1736412812.5366552,,1736412788
move,277,263,1278.1666920615571,,1736412812.53822,,1736412788
move,277,265,1417.9526707234618,,1736412812.5396304,,1736412788
move,277,266,386.39373560571164,,1736412812.5427308,,1736412788
move,278,268,4364.238651605062,,1736412812.544231,,1736412788
move,279,271,1026.590854423752,,1736412812.5458112,,1736412788
move,279,272,593.9258000566412,,1736412812.547495,,1736412788
move,279,274,1507.1160618038089,,1736412812.548822,,1736412788
move,279,276,1558.0624071322436,,1736412812.5501056,,1736412788
move,280,277,0,,1736412812.5516658,,1736412788
move,281,277,640.9388753056235,,1736412812.5516658,,1736412788
move,281,278,991.5612293144208,,1736412812.5526743,,1736412788
move,281,280,3958.7579046720152,,1736412812.5531795,,1736412788
move,282,281,902.2880440395076,,1736412812.5547469,,1736412788
move,282,283,1290.555076923077,,1736412812.5562966,,1736412788
move,282,284,639.5706007929247,,1736412812.5578601,,1736412788
move,284,285,0,,1736412812.5578601,,1736412788
move,284,286,623.3175806211918,,1736412812.5594645,,1736412788
move,284,287,0,,1736412812.5594645,,1736412788
move,285,288,518.9083721035537,,1736412812.5621898,,1736412788
move,285,289,660.1045011016682,,1736412812.5637047,,1736412788
move,286,291,2213.535251899759,,1736412812.564715,,1736412788
move,286,292,634.2513231513685,,1736412812.5662916,,1736412788
move,287,293,0,,1736412812.5678701,,1736412788
move,287,294,633.4849720586014,,1736412812.5678701,,1736412788
move,287,295,370.2598870056497,,1736412812.570571,,1736412788
move,287,296,0,,1736412812.570571,,1736412788
move,288,297,460.924827221674,,1736412812.5736392,,1736412788
move,288,299,1272.157719138611,,1736412812.5752113,,1736412788
move,288,300,639.6681409181028,,1736412812.5767746,,1736412788
move,289,301,895.0719181402931,,1736412812.5800185,,1736412788
move,289,302,600.9892534747098,,1736412812.5800185,,1736412788
move,289,303,264.65825340737,,1736412812.583797,,1736412788
move,289,304,988.0574793875147,,1736412812.584809,,1736412788
move,289,305,528.7826525466465,,1736412812.5867002,,1736412788
move,290,306,447.16483991826027,,1736412812.5898628,,1736412788
move,290,308,1514.1891696750902,,1736412812.5911837,,1736412788
move,290,309,209.53709347055002,,1736412812.595956,,1736412788
move,290,310,618.6289085545723,,1736412812.5975726,,1736412788
move,290,311,313.3117203256891,,1736412812.6007643,,1736412788
move,291,311,0,,1736412812.6007643,,1736412788
move,291,312,267.49387755102043,,1736412812.6045027,,1736412788
move,291,313,234.77772180240694,,1736412812.608762,,1736412788
move,291,314,248.3894350349402,,1736412812.612788,,1736412788
move,291,316,643.4955507824486,,1736412812.615896,,1736412788
move,291,317,252.47119725516163,,1736412812.6198568,,1736412788
move,293,317,1955.8423875029143,,1736412812.6214132,,1736412788
move,293,318,154.68574589710494,,1736412812.629025,,1736412788
move,293,319,126.12930775245083,,1736412812.6352725,,1736412788
move,293,320,117.49408930472295,,1736412812.6437836,,1736412788
move,293,321,94.302763225937,,1736412812.6559792,,1736412788
move,293,322,74.13050547896783,,1736412812.6678774,,1736412788
move,293,324,260.9371656090581,,1736412812.6771472,,1736412788
move,293,325,82.58779978734297,,1736412812.6876504,,1736412788
move,293,326,104.69793564813659,,1736412812.6972017,,1736412788
move,293,327,186.65408749054336,,1736412812.7025592,,1736412788
move,293,328,122.57237207399398,,1736412812.7107177,,1736412788
move,293,329,256.75220372184134,,1736412812.7146125,,1736412788
move,293,330,366.37875611460515,,1736412812.717342,,1736412788
move,293,332,269.756182268386,,1736412812.724756,,1736412788
move,293,333,206.29077316545346,,1736412812.7296035,,1736412788
move,292,333,308.94991160872127,,1736412812.7328403,,1736412788
move,292,334,448.3489043292357,,1736412812.7350707,,1736412788
move,292,335,134.03329818170198,,1736412812.7425315,,1736412788
move,292,336,170.95186468310575,,1736412812.7489214,,1736412788
move,291,336,1850.972639011474,,1736412812.7489214,,1736412788
move,291,337,73.41812389504454,,1736412812.762542,,1736412788
move,291,337,0.0,,1736412812.7945652,,1736412788
move,290,337,35.30707521360327,,1736412812.8228881,,1736412788
move,290,336,136.47557999544463,,1736412812.8302155,,1736412788
move,289,336,120.3116287074752,,1736412812.8385272,,1736412788
move,289,335,107.52420016406892,,1736412812.8478274,,1736412788
move,289,334,53.58420951772597,,1736412812.8664896,,1736412788
move,289,333,99.32989153602045,,1736412812.876557,,1736412788
move,288,333,87.20148028025531,,1736412812.8880248,,1736412788
move,288,331,1223.185768445611,,1736412812.88966,,1736412788
move,288,330,173.95089581950896,,1736412812.8954086,,1736412788
move,288,329,203.25179298313626,,1736412812.9003286,,1736412788
move,288,328,218.15791116196817,,1736412812.9049125,,1736412788
move,288,327,312.4947101773208,,1736412812.9081125,,1736412788
move,288,326,307.65818235164676,,1736412812.911363,,1736412788
move,288,325,301.0122003731879,,1736412812.914685,,1736412788
move,288,323,1304.60466562986,,1736412812.916218,,1736412788
move,288,322,317.4136521870743,,1736412812.9193685,,1736412788
move,288,321,636.4649468892261,,1736412812.9209397,,1736412788
move,288,320,645.1782802645747,,1736412812.9224896,,1736412788
move,288,319,382.34311759343666,,1736412812.925105,,1736412788
move,288,318,464.434060458421,,1736412812.9272583,,1736412788
move,288,317,993.6754323619996,,1736412812.9299707,,1736412788
move,288,315,606.4638519375361,,1736412812.9315624,,1736412788
move,288,314,474.79103463889516,,1736412812.9336686,,1736412788
move,288,313,467.8010260985947,,1736412812.9358063,,1736412788
move,288,312,0,,1736412812.9358063,,1736412788
move,288,311,654.2355326782093,,1736412812.9389377,,1736412788
move,288,310,317.8225354247177,,1736412812.9404812,,1736412788
move,288,309,0,,1736412812.9420524,,1736412788
move,288,307,618.1730287398674,,1736412812.9437165,,1736412788
move,288,306,630.8172657542488,,1736412812.9453018,,1736412788
move,288,305,633.29367356183,,1736412812.9468808,,1736412788
move,288,304,388.75743813143015,,1736412812.949453,,1736412788
move,288,303,0,,1736412812.9509976,,1736412788
move,288,302,322.1926563220157,,1736412812.9525568,,1736412788
move,288,301,381.0578722631053,,1736412812.9551811,,1736412788
move,288,300,325.2406947890819,,1736412812.9582558,,1736412788
move,288,298,635.5487536934617,,1736412812.9614027,,1736412788
move,288,297,0,,1736412812.9614027,,1736412788
move,287,297,640.9388753056235,,1736412812.9629629,,1736412788
move,287,296,640.4495342800427,,1736412812.9645243,,1736412788
move,287,295,637.4322188449848,,1736412812.966093,,1736412788
move,287,294,629.4918205012757,,1736412812.9676816,,1736412788
move,287,293,319.6634402865635,,1736412812.97081,,1736412788
move,287,292,641.9198041016223,,1736412812.9723678,,1736412788
move,287,290,1256.3438670061405,,1736412812.9739597,,1736412788
move,287,289,437.36225234619394,,1736412812.976246,,1736412788
move,287,288,308.5181316660537,,1736412812.9794874,,1736412788
move,287,287,643.0022995554193,,1736412812.9810426,,1736412788
move,287,286,635.6932403758715,,1736412812.9826157,,1736412788
move,287,285,656.7967428750392,,1736412812.9841383,,1736412788
move,287,284,325.2406947890819,,1736412812.987213,,1736412788
move,286,284,994.3821716453295,,1736412812.9882185,,1736412788
move,286,282,1270.8086653537343,,1736412812.9897923,,1736412788
move,286,281,618.1730287398674,,1736412812.99141,,1736412788
move,286,280,472.172013959248,,1736412812.993528,,1736412788
move,286,279,389.33481852780096,,1736412812.9960964,,1736412788
move,286,278,391.4788127683405,,1736412812.9986508,,1736412788
move,286,277,319.4443259710586,,1736412813.0017812,,1736412788
move,285,276,897.6455208104907,,1736412813.0033567,,1736412788
move,285,274,475.67950099234474,,1736412813.0091512,,1736412788
move,285,273,96.41856509045769,,1736412813.0179327,,1736412788
move,283,273,91.23605673018359,,1736412813.0398538,,1736412788
move,283,272,19.693139828061394,,1736412813.090633,,1736412788
move,283,271,78.24610103723603,,1736412813.103413,,1736412788
move,283,270,80.22769701606732,,1736412813.1158776,,1736412788
move,283,269,642.2146685040576,,1736412813.1174347,,1736412788
move,283,268,80.58066127451922,,1736412813.1298447,,1736412788
move,283,267,348.4798936523762,,1736412813.1327143,,1736412788
move,283,265,303.3306092930754,,1736412813.1393077,,1736412788
move,283,264,208.2573982125124,,1736412813.1441095,,1736412788
move,283,263,315.4086328771244,,1736412813.14728,,1736412788
move,283,262,135.8215083708429,,1736412813.1546426,,1736412788
move,283,261,160.7259350091968,,1736412813.1608644,,1736412788
move,282,261,11.362612832265965,,1736412813.2488723,,1736412788
move,282,261,0.0,,1736412813.3475497,,1736412788
move,282,262,122.93522480801923,,1736412813.355684,,1736412788
move,282,263,316.5512452830189,,1736412813.358843,,1736412788
move,282,264,169.4668282828283,,1736412813.364744,,1736412788
move,282,266,1233.9817593409825,,1736412813.3663647,,1736412788
move,282,267,302.24861281256756,,1736412813.3713484,,1736412788
move,282,268,229.6990142387733,,1736412813.3740268,,1736412788
move,282,269,317.29359255616913,,1736412813.3771784,,1736412788
move,282,270,318.9584790874525,,1736412813.3803136,,1736412788
move,282,271,644.3853126440314,,1736412813.3818655,,1736412788
move,282,272,655.6673440675316,,1736412813.3833907,,1736412788
move,282,273,306.0642148277875,,1736412813.386658,,1736412788
move,282,275,0,,1736412813.386658,,1736412788
move,282,276,321.7477753912243,,1736412813.389766,,1736412788
move,282,277,0,,1736412813.389766,,1736412788
move,282,278,639.2781588172535,,1736412813.3928823,,1736412788
move,282,279,323.5347115087936,,1736412813.394421,,1736412788
move,282,280,974.286643437863,,1736412813.3954475,,1736412788
move,282,281,630.6275748007819,,1736412813.3970332,,1736412788
move,282,283,1249.4203157581173,,1736412813.398634,,1736412788
move,282,284,618.8114488049572,,1736412813.40025,,1736412788
move,282,285,641.0368332569158,,1736412813.40181,,1736412788
move,282,286,646.0727048675293,,1736412813.4033577,,1736412788
move,282,287,992.734674556213,,1736412813.404365,,1736412788
move,282,288,670.9812829947208,,1736412813.4058554,,1736412788
move,282,289,640.5473427000611,,1736412813.4074166,,1736412788
move,282,291,1907.802592676825,,1736412813.4100235,,1736412788
move,282,292,324.96350817385917,,1736412813.4115422,,1736412788
move,282,293,640.8409472880061,,1736412813.4131026,,1736412788
move,282,294,0,,1736412813.4131026,,1736412788
move,282,295,466.60407164311937,,1736412813.4152458,,1736412788
move,282,298,1207.6890296573567,,1736412813.4177299,,1736412788
move,282,299,354.75801404042966,,1736412813.4205487,,1736412788
move,282,300,886.7450317124735,,1736412813.4216764,,1736412788
move,282,301,0,,1736412813.4216764,,1736412788
move,282,302,320.27367135003055,,1736412813.4247987,,1736412788
move,282,303,0,,1736412813.4247987,,1736412788
move,282,304,638.1110603986003,,1736412813.4279237,,1736412788
move,282,305,319.61472224338945,,1736412813.4294946,,1736412788
move,282,307,0,,1736412813.4310534,,1736412788
move,282,308,314.0859667515351,,1736412813.4326785,,1736412788
move,282,309,641.6252103411351,,1736412813.434237,,1736412788
move,282,310,978.834072345391,,1736412813.4352586,,1736412788
move,282,311,639.9609398840403,,1736412813.4368212,,1736412788
move,282,312,641.0368332569158,,1736412813.4383812,,1736412788
move,282,313,0,,1736412813.4399493,,1736412788
move,282,315,638.7913493755711,,1736412813.441512,,1736412788
move,282,316,643.2981595092025,,1736412813.4430666,,1736412788
move,282,317,642.0180621460279,,1736412813.4446242,,1736412788
move,282,318,988.2902921771913,,1736412813.445636,,1736412788
move,282,319,624.9894203546417,,1736412813.4488597,,1736412788
move,282,320,615.903671071953,,1736412813.4488597,,1736412788
move,281,320,644.1873752111811,,1736412813.450412,,1736412788
move,281,321,0,,1736412813.451975,,1736412788
move,281,323,1279.5314215985356,,1736412813.451975,,1736412788
move,281,324,641.6252103411351,,1736412813.4550927,,1736412788
move,281,325,323.63456790123456,,1736412813.4566236,,1736412788
move,281,326,993.4400757934628,,1736412813.4576302,,1736412788
move,281,327,317.91889638444627,,1736412813.4607756,,1736412788
move,281,328,0,,1736412813.4607756,,1736412788
move,281,329,643.0022995554193,,1736412813.4639661,,1736412788
move,281,331,621.9311981020167,,1736412813.4655466,,1736412788
move,281,332,980.4357176250585,,1736412813.4665666,,1736412788
move,280,332,0,,1736412813.4665666,,1736412788
move,280,333,336.7025768644136,,1736412813.4695365,,1736412788
move,280,334,641.0368332569158,,1736412813.4710965,,1736412788
move,280,335,380.2632819582956,,1736412813.4737263,,1736412788
move,280,336,636.0788595693055,,1736412813.4752984,,1736412788
move,280,337,324.6114077857751,,1736412813.478379,,1736412788
move,280,338,375.5981015492075,,1736412813.4810414,,1736412788
move,279,338,377.1177845711203,,1736412813.4836931,,1736412788
move,279,340,0,,1736412813.4836931,,1736412788
move,279,341,274.69408605671623,,1736412813.4873335,,1736412788
move,279,342,940.8488111260655,,1736412813.4899561,,1736412788
move,278,342,320.81260517056756,,1736412813.4915135,,1736412788
move,278,343,319.73654520506176,,1736412813.494641,,1736412788
move,278,344,319.32272554244383,,1736412813.4977727,,1736412788
move,277,345,336.7189828290033,,1736412813.5019727,,1736412788
move,277,346,209.97767209011263,,1736412813.506735,,1736412788
move,277,348,252.44840350296428,,1736412813.5146575,,1736412788
move,277,349,134.09328942741135,,1736412813.522115,,1736412788
move,275,349,365.66008456475305,,1736412813.5275846,,1736412788
move,275,350,260.5967070518795,,1736412813.531422,,1736412788
move,274,350,123.18435196334694,,1736412813.5411057,,1736412788
move,274,351,209.21308858739027,,1736412813.5443196,,1736412788
move,274,352,137.29309328968904,,1736412813.5516033,,1736412788
move,273,352,325.34160719826247,,1736412813.554677,,1736412788
move,273,353,643.2981595092025,,1736412813.5562315,,1736412788
move,273,354,218.726741760534,,1736412813.5608034,,1736412788
move,273,356,434.86822187662,,1736412813.5654025,,1736412788
move,273,357,320.27367135003055,,1736412813.5685248,,1736412788
move,272,357,266.37266607392354,,1736412813.572279,,1736412788
move,272,358,391.040835353347,,1736412813.5748363,,1736412788
move,272,359,211.79074934356694,,1736412813.579558,,1736412788
move,272,360,159.58239166000837,,1736412813.5858243,,1736412788
move,272,361,307.162504577078,,1736412813.5890799,,1736412788
move,271,362,326.3985914001938,,1736412813.5950234,,1736412788
move,271,364,318.42575159429094,,1736412813.5996935,,1736412788
move,271,365,239.6608193817496,,1736412813.603866,,1736412788
move,270,365,307.8162336709232,,1736412813.6071148,,1736412788
move,270,366,631.6722891566266,,1736412813.608698,,1736412788
move,270,367,172.08813030812786,,1736412813.6145089,,1736412788
move,270,368,244.309412861137,,1736412813.6191072,,1736412788
move,270,369,116.08280748367099,,1736412813.6272166,,1736412788
move,270,370,79.9371831522775,,1736412813.6397264,,1736412788
move,269,370,25.542784412357573,,1736412813.6788764,,1736412788
move,269,371,50.89001322510586,,1736412813.6985266,,1736412788
move,269,373,185.4696765349665,,1736412813.7109528,,1736412788
move,269,374,61.56866889789208,,1736412813.725552,,1736412788
move,270,374,33.057511487322564,,1736412813.7558024,,1736412788
move,271,374,30.57630034627301,,1736412813.7885075,,1736412788
move,271,374,0.0,,1736412813.8081856,,1736412788
move,272,374,52.227723265428104,,1736412813.8273325,,1736412788
move,273,374,322.56433130815964,,1736412813.8320158,,1736412788
move,274,374,203.49832613652904,,1736412813.8369582,,1736412788
move,276,374,257.92055097773954,,1736412813.843101,,1736412788
move,277,374,232.43579939041285,,1736412813.8474033,,1736412788
move,277,372,1276.8048706240488,,1736412813.8489697,,1736412788
move,278,372,657.8268506900878,,1736412813.8504899,,1736412788
move,279,372,168.6423545494753,,1736412813.8564196,,1736412788
move,280,372,620.8265245707519,,1736412813.8580303,,1736412788
move,281,372,215.34651126970272,,1736412813.862674,,1736412788
move,282,372,236.9797163681564,,1736412813.8668938,,1736412788
move,284,372,432.67010521972355,,1736412813.8715162,,1736412788
move,285,372,240.71992653810835,,1736412813.8756704,,1736412788
move,285,371,642.7067116150781,,1736412813.8772264,,1736412788
move,286,371,233.15937517371728,,1736412813.8815153,,1736412788
move,287,371,207.8240015855713,,1736412813.886327,,1736412788
move,287,370,74.48727556873679,,1736412813.8997521,,1736412788
move,288,370,322.63876923076924,,1736412813.9028516,,1736412788
move,289,370,112.3213539713995,,1736412813.9117546,,1736412788
move,290,370,108.88922350009086,,1736412813.9209383,,1736412788
move,290,369,468.6373184357542,,1736412813.923072,,1736412788
move,291,369,153.958961935176,,1736412813.9295673,,1736412788
move,291,368,307.02759680843275,,1736412813.9328244,,1736412788
move,293,368,398.0737436530157,,1736412813.9378486,,1736412788
move,293,367,607.2540900535688,,1736412813.9394953,,1736412788
move,294,367,307.23000292997364,,1736412813.9427502,,1736412788
move,294,366,320.2492173780255,,1736412813.9458728,,1736412788
move,295,365,549.786041478888,,1736412813.949992,,1736412788
move,296,365,210.25134091934433,,1736412813.9532013,,1736412788
move,296,363,1208.9073353509152,,1736412813.9548557,,1736412788
move,297,362,380.379735893018,,1736412813.9585736,,1736412788
move,297,361,241.06580837979195,,1736412813.9627218,,1736412788
move,298,361,0,,1736412813.9627218,,1736412788
move,299,361,322.36599800169085,,1736412813.965824,,1736412788
move,299,360,658.9637077769049,,1736412813.9673414,,1736412788
move,299,359,311.6587903105959,,1736412813.97055,,1736412788
move,301,359,0,,1736412813.9721348,,1736412788
move,301,358,317.12566157568426,,1736412813.9737034,,1736412788
move,302,358,640.4495342800427,,1736412813.9768395,,1736412788
move,302,357,323.60959802484376,,1736412813.978355,,1736412788
move,303,357,386.8570374469655,,1736412813.9809399,,1736412788
move,303,355,1274.8644376899697,,1736412813.9825087,,1736412788
move,304,355,633.29367356183,,1736412813.9840877,,1736412788
move,304,354,237.96119369113808,,1736412813.989904,,1736412788
move,305,354,619.6342148027774,,1736412813.989904,,1736412788
move,306,353,266.11222976741686,,1736412813.9952183,,1736412788
move,307,353,275.1265332896032,,1736412813.998853,,1736412788
move,307,352,992.4997633696166,,1736412813.9998605,,1736412788
move,307,351,226.05928640724372,,1736412814.0042841,,1736412788
move,309,351,1281.0946854001222,,1736412814.0058453,,1736412788
move,309,350,219.27561689669594,,1736412814.0104058,,1736412788
move,310,350,321.5750977535843,,1736412814.0135155,,1736412788
move,310,349,174.5662796021143,,1736412814.019244,,1736412788
move,311,349,389.91391651947566,,1736412814.0218086,,1736412788
move,311,347,1281.6818945760122,,1736412814.0249166,,1736412788
move,312,347,318.2083301722176,,1736412814.0265117,,1736412788
move,312,346,311.51990493166966,,1736412814.0297217,,1736412788
move,313,346,159.606682141634,,1736412814.0359871,,1736412788
move,313,345,239.9075673511411,,1736412814.0401554,,1736412788
move,314,345,150.30654004658663,,1736412814.0468085,,1736412788
move,314,344,597.1389521640091,,1736412814.0484831,,1736412788
move,315,343,353.30523566119024,,1736412814.052991,,1736412788
move,316,343,146.61810046492118,,1736412814.0593064,,1736412788
move,316,342,644.9798554513302,,1736412814.0608568,,1736412788
move,318,341,455.7436640409776,,1736412814.0657632,,1736412788
move,318,339,619.6342148027774,,1736412814.068991,,1736412788
move,319,339,159.35200030393983,,1736412814.0752664,,1736412788
move,319,338,638.208155812538,,1736412814.0768332,,1736412788
move,320,337,295.17997519361643,,1736412814.0816243,,1736412788
move,320,336,314.7222930892174,,1736412814.0848017,,1736412788
move,321,336,648.9716849760173,,1736412814.087915,,1736412788
move,321,335,323.5097570381797,,1736412814.0894337,,1736412788
move,321,334,638.0139945238819,,1736412814.092042,,1736412788
move,321,333,359.1013698630137,,1736412814.0937858,,1736412788
move,322,333,608.3991876994488,,1736412814.0969987,,1736412788
move,322,332,272.8180044230519,,1736412814.0990949,,1736412788
move,323,332,313.52249962625206,,1736412814.1028275,,1736412788
move,323,330,3682.4442493415277,,1736412814.1028275,,1736412788
move,324,329,456.9127716465662,,1736412814.1059227,,1736412788
move,324,328,317.75030303030303,,1736412814.1090698,,1736412788
move,324,327,611.6820767099315,,1736412814.1107047,,1736412788
move,326,327,750.5912670007158,,1736412814.1133692,,1736412788
move,326,326,734.55411558669,,1736412814.1147306,,1736412788
move,326,325,369.2819158302518,,1736412814.1179583,,1736412788
move,327,325,1923.9926605504588,,1736412814.1189826,,1736412788
move,327,324,392.94584972831177,,1736412814.1205032,,1736412788
move,328,324,471.9063906390639,,1736412814.1226223,,1736412788
move,328,322,3964.3705103969755,,1736412814.1231267,,1736412788
move,328,321,316.0979727183661,,1736412814.1262903,,1736412788
move,329,321,646.9696128335647,,1736412814.127836,,1736412788
move,329,320,0,,1736412814.127836,,1736412788
move,329,319,640.1562881562882,,1736412814.1309628,,1736412788
move,330,319,320.54291173098966,,1736412814.1325178,,1736412788
move,330,318,940.0053787539221,,1736412814.1335816,,1736412788
move,330,317,324.9383328168578,,1736412814.1366591,,1736412788
move,331,317,642.2146685040576,,1736412814.1382163,,1736412788
move,331,316,676.5006451612903,,1736412814.1396945,,1736412788
move,331,314,621.7007337137775,,1736412814.14396,,1736412788
move,332,314,953.6844020009095,,1736412814.14396,,1736412788
move,332,313,657.5174792287193,,1736412814.1454809,,1736412788
move,334,313,1271.0012121212121,,1736412814.1470544,,1736412788
move,334,312,210.7055159248468,,1736412814.1518004,,1736412788
move,334,311,384.3049294484149,,1736412814.1549091,,1736412788
move,335,311,215.65653761118824,,1736412814.1590395,,1736412788
move,335,310,637.2385293223944,,1736412814.1606088,,1736412788
move,335,309,350.1673067290032,,1736412814.1634645,,1736412788
move,336,309,630.6275748007819,,1736412814.166057,,1736412788
move,336,308,135.86990605766115,,1736412814.173961,,1736412788
move,337,308,128.4862149246416,,1736412814.1801932,,1736412788
move,337,306,1297.3411691927004,,1736412814.1817348,,1736412788
move,337,305,180.89032647604262,,1736412814.187263,,1736412788
move,338,305,374.4245670415997,,1736412814.1899338,,1736412788
move,338,304,210.47290244881574,,1736412814.194685,,1736412788
move,339,304,67.2886592976433,,1736412814.211137,,1736412788
move,339,304,0.0,,1736412814.254644,,1736412788
move,339,304,0.0,,1736412814.2577217,,1736412788
move,339,305,342.55994772950015,,1736412814.2606409,,1736412788
move,338,305,321.42723580350986,,1736412814.263752,,1736412788
move,338,307,625.1757340885378,,1736412814.266951,,1736412788
move,337,307,271.14254315081774,,1736412814.2706392,,1736412788
move,337,308,320.151438821464,,1736412814.2737627,,1736412788
move,336,309,299.53247495408385,,1736412814.278484,,1736412788
move,336,310,649.3735872426072,,1736412814.2810318,,1736412788
move,335,310,369.2169014084507,,1736412814.2827325,,1736412788
move,333,311,709.0073225203568,,1736412814.2858863,,1736412788
move,333,312,636.7548201001973,,1736412814.2874568,,1736412788
move,332,312,647.1692640024687,,1736412814.289002,,1736412788
move,332,313,637.6260261477653,,1736412814.2905703,,1736412788
move,332,315,0,,1736412814.2921827,,1736412788
move,331,315,620.1839420375572,,1736412814.2921827,,1736412788
move,330,315,643.4955507824486,,1736412814.2937367,,1736412788
move,330,316,630.9121540312876,,1736412814.2953217,,1736412788
move,329,316,637.8199513381995,,1736412814.2968895,,1736412788
move,329,317,597.9903051040776,,1736412814.2985618,,1736412788
move,328,318,335.4621423773172,,1736412814.3027775,,1736412788
move,328,319,217.06277493142886,,1736412814.3073845,,1736412788
move,327,319,646.4710234278668,,1736412814.3089314,,1736412788
move,327,320,7.66624810596714,,1736412814.4393733,,1736412788
move,327,321,17.12387165784134,,1736412814.4977713,,1736412788
move,327,323,140.8500763974008,,1736412814.5119708,,1736412788
move,327,324,369.1194226876705,,1736412814.51468,,1736412788
move,327,325,170.14741795464687,,1736412814.5205572,,1736412788
move,327,326,144.85594888620273,,1736412814.5274606,,1736412788
move,325,326,604.1054299294253,,1736412814.5307713,,1736412788
move,325,327,360.58321870701513,,1736412814.5335445,,1736412788
move,325,328,202.68213008601526,,1736412814.5384784,,1736412788
move,325,329,205.9868382280719,,1736412814.543333,,1736412788
move,324,329,311.2425051944197,,1736412814.546546,,1736412788
move,324,331,319.6269003619737,,1736412814.5528033,,1736412788
move,323,332,290.6954962761932,,1736412814.5576682,,1736412788
move,323,333,154.59452287051712,,1736412814.5641367,,1736412788
move,323,334,192.0205100032047,,1736412814.5709724,,1736412788
move,322,335,236.24508529216675,,1736412814.5769815,,1736412788
move,322,336,203.91385094073607,,1736412814.5802348,,1736412788
move,321,336,268.4011006591156,,1736412814.584968,,1736412788
move,321,337,992.4997633696166,,1736412814.5865223,,1736412788
move,321,338,317.8707086017431,,1736412814.588114,,1736412788
move,320,338,310.8042978881067,,1736412814.5913315,,1736412788
move,320,340,1242.5726559028292,,1736412814.592941,,1736412788
move,320,341,655.2576159975004,,1736412814.5944672,,1736412788
move,320,342,171.6725605762934,,1736412814.6002922,,1736412788
move,319,342,674.1086467373834,,1736412814.6030314,,1736412788
move,319,343,248.24242424242425,,1736412814.605804,,1736412788
move,319,344,133.00894272848353,,1736412814.6133223,,1736412788
move,317,344,646.9696128335647,,1736412814.6164136,,1736412788
move,317,345,109.07044597581589,,1736412814.625582,,1736412788
move,317,345,0.0,,1736412814.7475607,,1736412788
move,317,344,54.99500439246332,,1736412814.7657442,,1736412788
move,317,343,13.800956849635094,,1736412814.838203,,1736412788
move,317,342,61.613890765931195,,1736412814.8559687,,1736412788
move,318,342,54.956093342592474,,1736412814.8726294,,1736412788
move,318,341,60.46976730774776,,1736412814.8891666,,1736412788
move,318,339,76.00373286461118,,1736412814.915481,,1736412788
move,318,338,58.75856658541369,,1736412814.9325,,1736412788
move,319,338,47.12065788882398,,1736412814.953722,,1736412788
move,319,338,0.0,,1736412815.0359619,,1736412788
move,319,340,369.18440278144527,,1736412815.0413792,,1736412788
move,319,340,0.0,,1736412815.043049,,1736412788
move,319,341,592.9182923381396,,1736412815.0447357,,1736412788
move,319,342,308.0649283878076,,1736412815.0479817,,1736412788
move,319,343,212.76842692639374,,1736412815.0526817,,1736412788
move,317,344,709.4363738501723,,1736412815.0558336,,1736412788
move,317,345,0,,1736412815.0558336,,1736412788
move,316,346,292.01209085392225,,1736412815.0606766,,1736412788
move,316,348,797.3204068054367,,1736412815.063185,,1736412788
move,316,349,657.5174792287193,,1736412815.0647058,,1736412788
move,316,350,319.76092094228864,,1736412815.0678332,,1736412788
move,315,351,460.63847181142523,,1736412815.0709033,,1736412788
move,315,352,599.6145818441744,,1736412815.072571,,1736412788
move,315,353,317.5338027102733,,1736412815.0757203,,1736412788
move,314,353,638.208155812538,,1736412815.0772872,,1736412788
move,314,354,626.8575698699746,,1736412815.0798929,,1736412788
move,314,356,1317.7203895695884,,1736412815.0809228,,1736412788
move,313,356,441.9709167544784,,1736412815.0826628,,1736412788
move,313,357,0,,1736412815.0826628,,1736412788
move,313,358,316.5273564259301,,1736412815.085822,,1736412788
move,313,359,647.0694230175872,,1736412815.0873675,,1736412788
move,312,360,899.2785933165134,,1736412815.0889401,,1736412788
move,312,361,384.37536656891496,,1736412815.0915418,,1736412788
move,312,362,319.7121731839317,,1736412815.0946696,,1736412788
move,311,364,1442.884440353735,,1736412815.0962193,,1736412788
move,311,365,318.90997566909977,,1736412815.099355,,1736412788
move,311,366,246.17349454161285,,1736412815.1034172,,1736412788
move,310,366,610.7023878858474,,1736412815.1050546,,1736412788
move,310,367,0,,1736412815.1050546,,1736412788
move,310,368,210.90682355307487,,1736412815.109796,,1736412788
move,308,369,732.4858530380567,,1736412815.1128488,,1736412788
move,308,370,175.68501298483707,,1736412815.1185408,,1736412788
move,308,371,241.70483489886476,,1736412815.122678,,1736412788
move,308,373,431.89043917005614,,1736412815.1273088,,1736412788
move,307,373,308.42738436649756,,1736412815.130551,,1736412788
move,307,374,231.15480848718656,,1736412815.1348772,,1736412788
move,307,375,371.3745351514078,,1736412815.13757,,1736412788
move,306,375,209.70471476426178,,1736412815.1423385,,1736412788
move,306,376,609.9918557300756,,1736412815.1439779,,1736412788
move,306,377,216.62555521123852,,1736412815.1485941,,1736412788
move,306,378,205.5426835244536,,1736412815.1534593,,1736412788
move,306,379,228.95922266499264,,1736412815.157827,,1736412788
move,306,381,411.93321547829504,,1736412815.162682,,1736412788
move,306,382,191.3023489167617,,1736412815.1679094,,1736412788
move,305,382,620.550969078266,,1736412815.1695209,,1736412788
move,305,383,322.7132415172732,,1736412815.1726196,,1736412788
move,305,384,157.53846153846155,,1736412815.1789672,,1736412788
move,305,385,178.13233670262466,,1736412815.184581,,1736412788
move,304,385,338.19577487502016,,1736412815.187538,,1736412788
move,304,386,807.0625360785068,,1736412815.188777,,1736412788
move,304,387,125.62686075418576,,1736412815.196737,,1736412788
move,304,389,168.02083082962784,,1736412815.2086403,,1736412788
move,304,388,16.464069400011777,,1736412815.2698915,,1736412788
move,304,387,211.983422622056,,1736412815.274096,,1736412788
move,304,386,160.8368739934044,,1736412815.2803135,,1736412788
move,304,385,204.8,,1736412815.2851963,,1736412788
move,304,384,226.9522212001515,,1736412815.2896025,,1736412788
move,304,383,350.60636963972246,,1736412815.2940361,,1736412788
move,304,382,320.22476714002136,,1736412815.2955775,,1736412788
move,304,382,0.0,,1736412815.2983384,,1736412788
move,304,380,0,,1736412815.2998815,,1736412788
move,304,379,305.99722769387904,,1736412815.3016064,,1736412788
move,304,378,320.98446468202343,,1736412815.3047218,,1736412788
move,304,377,265.1266750948167,,1736412815.3090005,,1736412788
move,304,376,345.95051138238205,,1736412815.3113842,,1736412788
move,304,375,749.7861994994637,,1736412815.312718,,1736412788
move,304,374,327.3730877302529,,1736412815.3157725,,1736412788
move,305,374,0,,1736412815.3157725,,1736412788
move,305,372,1294.1388460351743,,1736412815.317318,,1736412788
move,305,371,330.85935158160447,,1736412815.3203404,,1736412788
move,305,370,836.0183376519833,,1736412815.3215365,,1736412788
move,305,369,240.41637051473117,,1736412815.325696,,1736412788
move,305,368,485.62047007062637,,1736412815.3277552,,1736412788
move,305,367,644.2863287250384,,1736412815.3308635,,1736412788
move,306,366,460.85320499694836,,1736412815.332376,,1736412788
move,306,365,388.0022201665125,,1736412815.33596,,1736412788
move,306,363,696.4968449020259,,1736412815.3378248,,1736412788
move,306,362,649.2730650154799,,1736412815.340927,,1736412788
move,307,361,345.76750810351047,,1736412815.343455,,1736412788
move,307,360,326.0750991215113,,1736412815.3465219,,1736412788
move,307,359,646.7700848111025,,1736412815.348068,,1736412788
move,309,358,842.7306013387796,,1736412815.3507214,,1736412788
move,309,357,320.1758778625954,,1736412815.3538446,,1736412788
move,309,355,518.5835806132542,,1736412815.3577013,,1736412788
move,309,354,379.3004159884247,,1736412815.3603377,,1736412788
move,310,353,263.5113994453897,,1736412815.3657045,,1736412788
move,310,352,323.06123392128166,,1736412815.3688,,1736412788
move,310,351,220.57870102550618,,1736412815.3733335,,1736412788
move,310,350,159.50956455599925,,1736412815.3796027,,1736412788
move,311,350,321.7477753912243,,1736412815.3827107,,1736412788
move,311,349,991.7956963821234,,1736412815.3842316,,1736412788
move,311,347,433.2063623218343,,1736412815.3883357,,1736412788
move,311,346,158.18608334904772,,1736412815.3946574,,1736412788
move,311,345,192.27578619235354,,1736412815.3998582,,1736412788
move,312,345,42.84842726817657,,1736412815.4231963,,1736412788
move,312,344,15.838679223908102,,1736412815.486333,,1736412788
move,312,343,29.994879643005277,,1736412815.519672,,1736412788
click_press,312,343,,Button.left,1736412815.5223014,,1736412788
move,312,343,0.0,,1736412815.5800116,,1736412788
move,312,344,130.15279587910382,,1736412815.587695,,1736412788
move,312,345,99.73852043849428,,1736412815.597721,,1736412788
click_release,312,345,,Button.left,1736412815.6042452,,1736412788
move,313,345,16.450121778555207,,1736412815.6601372,,1736412788
move,313,345,0.0,,1736412815.6633723,,1736412788
click_press,313,345,,Button.left,1736412815.683865,,1736412788
click_release,313,345,,Button.left,1736412815.7379122,,1736412788
move,313,345,0.0,,1736412815.7757635,,1736412788
move,313,345,0.0,,1736412816.083957,,1736412788
move,313,344,110.26035751840168,,1736412816.0919785,,1736412788
move,313,343,230.45626373626374,,1736412816.097981,,1736412788
move,313,342,157.14889471712252,,1736412816.1026812,,1736412788
move,313,341,311.7282794500186,,1736412816.105889,,1736412788
move,313,339,662.5026062233454,,1736412816.108908,,1736412788
move,313,338,622.1156926727974,,1736412816.1105154,,1736412788
move,313,337,237.86672715930357,,1736412816.1147194,,1736412788
move,313,336,369.4120133873525,,1736412816.1180196,,1736412788
move,313,335,1685.813504823151,,1736412816.1180196,,1736412788
move,313,334,319.41999847688675,,1736412816.1211503,,1736412788
move,313,333,360.83138334480384,,1736412816.1239216,,1736412788
move,313,332,990.624468587624,,1736412816.124931,,1736412788
move,313,330,760.8024668964266,,1736412816.12756,,1736412788
move,313,329,480.3921658458367,,1736412816.1296415,,1736412788
move,313,328,643.5942918520792,,1736412816.1311953,,1736412788
move,313,327,629.7753753753753,,1736412816.1327832,,1736412788
move,313,326,629.3029257314329,,1736412816.1343722,,1736412788
move,313,325,658.4464678178964,,1736412816.1368952,,1736412788
move,313,324,995.7986704653372,,1736412816.1368952,,1736412788
move,313,322,711.0797660422141,,1736412816.1397078,,1736412788
move,313,321,0,,1736412816.1397078,,1736412788
move,313,320,616.3562086700955,,1736412816.1428902,,1736412788
move,313,319,322.96173096173095,,1736412816.1444266,,1736412788
move,313,318,661.2492511429923,,1736412816.1459389,,1736412788
move,313,317,0,,1736412816.1459389,,1736412788
move,313,317,0.0,,1736412816.1475303,,1736412788
move,313,316,930.4134871339841,,1736412816.148605,,1736412788
move,313,314,1255.5916778925312,,1736412816.150198,,1736412788
move,313,313,636.3683811257775,,1736412816.1517694,,1736412788
move,312,312,882.028490931706,,1736412816.1533728,,1736412788
move,312,311,672.0564012177535,,1736412816.1548607,,1736412788
move,312,310,656.2828978250665,,1736412816.1563845,,1736412788
move,312,309,0,,1736412816.1579561,,1736412788
move,312,308,636.2718446601941,,1736412816.1579561,,1736412788
move,311,308,627.7958389462656,,1736412816.159549,,1736412788
move,311,306,0,,1736412816.159549,,1736412788
move,311,305,317.077713940127,,1736412816.1627028,,1736412788
move,311,304,0,,1736412816.1627028,,1736412788
move,310,303,879.1524531666996,,1736412816.1658676,,1736412788
move,310,302,389.95016734845666,,1736412816.1668758,,1736412788
move,308,301,4409.378872731208,,1736412816.1691747,,1736412788
move,308,300,413.5986589093778,,1736412816.1698008,,1736412788
move,308,299,488.5619103086779,,1736412816.1718476,,1736412788
move,307,296,2034.5994537743327,,1736412816.1734018,,1736412788
move,306,296,643.6930632289748,,1736412816.1749554,,1736412788
move,306,295,644.0884520884521,,1736412816.1770258,,1736412788
move,306,294,780.916775274623,,1736412816.1777885,,1736412788
move,305,293,902.9748213602866,,1736412816.179919,,1736412788
move,304,291,837.3135311400124,,1736412816.1820252,,1736412788
move,304,290,649.4741406008052,,1736412816.183565,,1736412788
move,304,289,629.5863104172921,,1736412816.1851532,,1736412788
move,303,289,639.3756097560976,,1736412816.1867173,,1736412788
move,303,288,911.6070419474028,,1736412816.1878142,,1736412788
move,303,287,635.4043326768672,,1736412816.189388,,1736412788
move,301,287,1900.0244620611552,,1736412816.1904407,,1736412788
move,301,286,608.664054563924,,1736412816.1920836,,1736412788
move,301,285,643.5942918520792,,1736412816.1936374,,1736412788
move,300,285,1931.9686780285583,,1736412816.1951623,,1736412788
move,300,284,436.7246980424823,,1736412816.1964447,,1736412788
move,299,284,0,,1736412816.1964447,,1736412788
move,299,282,1274.0899149453219,,1736412816.1980145,,1736412788
move,299,281,357.1444141689373,,1736412816.2008145,,1736412788
move,298,280,876.5541010072,,1736412816.2024279,,1736412788
move,298,279,316.5273564259301,,1736412816.2055871,,1736412788
move,297,279,322.06895492590036,,1736412816.208692,,1736412788
move,297,278,990.8584927947082,,1736412816.2102091,,1736412788
move,297,277,473.34431779708837,,1736412816.211814,,1736412788
move,297,276,994.6179748636472,,1736412816.2128193,,1736412788
move,296,276,372.0333510732659,,1736412816.2155073,,1736412788
move,296,274,0,,1736412816.2155073,,1736412788
move,296,273,318.52247873633047,,1736412816.2186468,,1736412788
move,295,273,659.8967904342354,,1736412816.2201622,,1736412788
move,295,272,631.7674348546468,,1736412816.221745,,1736412788
move,295,271,803.9685643089898,,1736412816.2229888,,1736412788
move,293,271,643.5449175297276,,1736412816.2260966,,1736412788
move,293,270,642.0180621460279,,1736412816.2276542,,1736412788
move,293,269,322.4899277256651,,1736412816.230755,,1736412788
move,293,268,380.67743692140135,,1736412816.233382,,1736412788
move,292,266,714.8981524734567,,1736412816.2365098,,1736412788
move,292,265,646.9696128335647,,1736412816.2380555,,1736412788
move,292,264,320.8616891064871,,1736412816.241172,,1736412788
move,292,263,372.6282871357498,,1736412816.2438557,,1736412788
move,291,262,296.44867817060936,,1736412816.2486262,,1736412788
move,291,261,179.37407518282512,,1736412816.2542012,,1736412788
move,291,260,213.38542938542938,,1736412816.2588875,,1736412788
move,290,258,487.20773310645603,,1736412816.263477,,1736412788
move,290,257,241.6073732718894,,1736412816.267616,,1736412788
move,290,256,160.1796448348291,,1736412816.273859,,1736412788
move,290,255,352.7292910604659,,1736412816.276694,,1736412788
move,290,254,313.639721827563,,1736412816.2798824,,1736412788
move,289,254,0,,1736412816.2798824,,1736412788
move,289,253,126.47159570618743,,1736412816.2877893,,1736412788
move,288,253,643.1995092777181,,1736412816.289344,,1736412788
move,288,252,605.9381681594915,,1736412816.2909944,,1736412788
move,288,251,229.8374705463313,,1736412816.2968895,,1736412788
move,287,251,319.6878048780488,,1736412816.2984734,,1736412788
move,287,249,1244.0468634139106,,1736412816.300081,,1736412788
move,286,248,303.99967207440153,,1736412816.304733,,1736412788
move,286,247,240.2924090518476,,1736412816.3088946,,1736412788
move,284,246,1403.3740628908092,,1736412816.310488,,1736412788
move,283,246,642.5098039215686,,1736412816.3120444,,1736412788
move,282,245,352.9268519971275,,1736412816.3160515,,1736412788
move,281,244,905.5941376359882,,1736412816.3176131,,1736412788
move,280,244,351.78260504906484,,1736412816.3220198,,1736412788
move,280,243,481.1637031088677,,1736412816.322534,,1736412788
move,279,243,992.4997633696166,,1736412816.3249218,,1736412788
move,278,241,803.8008966660335,,1736412816.3263235,,1736412788
move,276,240,1033.698761412904,,1736412816.3289902,,1736412788
move,275,240,1985.939393939394,,1736412816.3289902,,1736412788
move,274,240,651.3905886007144,,1736412816.3305254,,1736412788
move,274,239,641.7233782129742,,1736412816.3320837,,1736412788
move,273,239,618.0819333922782,,1736412816.3337016,,1736412788
move,272,238,0,,1736412816.3337016,,1736412788
move,269,238,957.8952496954932,,1736412816.3368335,,1736412788
move,269,237,634.7312348668281,,1736412816.338409,,1736412788
move,268,236,875.9069110330364,,1736412816.3400235,,1736412788
move,266,236,1836.385288966725,,1736412816.3411126,,1736412788
move,266,235,624.4311448563346,,1736412816.342714,,1736412788
move,265,235,0,,1736412816.342714,,1736412788
move,264,235,640.3517557251909,,1736412816.3442757,,1736412788
move,264,233,1546.8574589710493,,1736412816.3455687,,1736412788
move,262,232,0,,1736412816.3455687,,1736412788
move,261,232,634.6351944318354,,1736412816.3471444,,1736412788
move,260,231,930.4535845514858,,1736412816.3486643,,1736412788
move,259,231,0,,1736412816.3486643,,1736412788
move,258,231,640.6451809989308,,1736412816.3502252,,1736412788
move,258,230,640.3517557251909,,1736412816.3517869,,1736412788
move,256,230,0,,1736412816.3517869,,1736412788
move,256,229,633.1024905660378,,1736412816.3533664,,1736412788
move,254,229,1281.2903619978615,,1736412816.3549273,,1736412788
move,253,228,1265.5518671891875,,1736412816.3560448,,1736412788
move,252,228,0,,1736412816.3560448,,1736412788
move,250,227,1396.8943792522011,,1736412816.3576455,,1736412788
move,248,227,1311.9499530810135,,1736412816.35917,,1736412788
move,247,224,2002.0458625139433,,1736412816.3607495,,1736412788
move,246,224,0,,1736412816.3607495,,1736412788
move,245,223,905.8707393884732,,1736412816.3623106,,1736412788
move,244,223,0,,1736412816.3638742,,1736412788
move,241,222,2022.4998229879345,,1736412816.3638742,,1736412788
move,239,220,1816.4573883067592,,1736412816.3654313,,1736412788
move,239,219,640.2540070218288,,1736412816.3680036,,1736412788
move,237,218,1470.484299513841,,1736412816.3685138,,1736412788
move,236,218,990.1567516525024,,1736412816.3695238,,1736412788
move,235,217,0,,1736412816.3695238,,1736412788
move,234,216,904.3515172306331,,1736412816.3710876,,1736412788
move,232,216,1763.4240067269288,,1736412816.3722217,,1736412788
move,232,213,1929.8944785276074,,1736412816.3737762,,1736412788
move,230,213,0,,1736412816.3737762,,1736412788
move,229,212,908.9245481942572,,1736412816.375332,,1736412788
move,228,212,0,,1736412816.3768983,,1736412788
move,226,209,2302.14311719953,,1736412816.3768983,,1736412788
move,223,208,2020.343311371649,,1736412816.3799796,,1736412788
move,222,207,932.7947163886968,,1736412816.3799796,,1736412788
move,221,206,909.9005371246698,,1736412816.3815339,,1736412788
move,219,205,0,,1736412816.3815339,,1736412788
move,217,203,906.4244501093708,,1736412816.3846543,,1736412788
move,216,202,0,,1736412816.3846543,,1736412788
move,215,201,905.8707393884732,,1736412816.3862154,,1736412788
move,214,201,622.3926398575456,,1736412816.3878222,,1736412788
move,212,200,2217.72259690217,,1736412816.3888304,,1736412788
move,210,199,4405.2366661809665,,1736412816.389338,,1736412788
move,210,198,992.734674556213,,1736412816.3903453,,1736412788
move,207,196,2263.211334463291,,1736412816.3919384,,1736412788
move,206,196,0,,1736412816.3919384,,1736412788
move,205,195,980.5987107812402,,1736412816.3933806,,1736412788
move,204,194,890.7706264477733,,1736412816.3949683,,1736412788
move,203,193,0,,1736412816.3949683,,1736412788
move,202,192,901.4652889841524,,1736412816.396537,,1736412788
move,201,191,0,,1736412816.396537,,1736412788
move,198,191,1913.4598540145985,,1736412816.3989897,,1736412788
move,197,190,957.0251051170898,,1736412816.3995826,,1736412788
move,196,188,2213.535251899759,,1736412816.4005928,,1736412788
move,195,187,2782.195873131202,,1736412816.401101,,1736412788
move,194,186,913.4033879759351,,1736412816.4026494,,1736412788
move,191,185,0,,1736412816.4026494,,1736412788
move,190,184,876.813244865591,,1736412816.4042623,,1736412788
move,190,183,635.5006060606061,,1736412816.4058359,,1736412788
move,187,181,0,,1736412816.4058359,,1736412788
move,186,181,640.5473427000611,,1736412816.407397,,1736412788
move,186,180,694.4211920529801,,1736412816.408837,,1736412788
move,184,179,1951.8728121330444,,1736412816.4099827,,1736412788
move,183,178,0,,1736412816.4109929,,1736412788
move,183,177,658.5498508400062,,1736412816.412019,,1736412788
move,180,175,6962.605035397657,,1736412816.4130287,,1736412788
move,180,174,657.9300392156863,,1736412816.413539,,1736412788
move,178,174,1982.1852551984878,,1736412816.414548,,1736412788
move,178,173,0,,1736412816.4161334,,1736412788
move,177,172,891.976180679056,,1736412816.4161334,,1736412788
move,175,171,1433.1828946056355,,1736412816.4176936,,1736412788
move,174,170,0,,1736412816.4176936,,1736412788
move,173,170,642.8052107279693,,1736412816.419873,,1736412788
move,173,169,872.1779995841131,,1736412816.4203959,,1736412788
move,172,167,1449.5747855176628,,1736412816.4219384,,1736412788
move,171,167,0,,1736412816.4219384,,1736412788
move,170,166,908.6460786635604,,1736412816.4234948,,1736412788
move,170,165,874.3598082134667,,1736412816.4246385,,1736412788
move,169,165,633.0069423483247,,1736412816.4262183,,1736412788
move,168,164,0,,1736412816.4262183,,1736412788
move,166,163,1423.827062744691,,1736412816.4277887,,1736412788
move,166,162,890.5104033970276,,1736412816.4289117,,1736412788
move,164,162,0,,1736412816.4289117,,1736412788
move,164,161,643.3968400061359,,1736412816.430466,,1736412788
move,163,159,1467.7228266509044,,1736412816.4319894,,1736412788
move,162,159,0,,1736412816.4319894,,1736412788
move,162,158,697.5393314485282,,1736412816.433423,,1736412788
move,161,157,895.2070029453248,,1736412816.4350028,,1736412788
move,161,156,610.7913208096694,,1736412816.43664,,1736412788
move,159,156,0,,1736412816.43664,,1736412788
move,159,155,318.6434703335106,,1736412816.4397783,,1736412788
move,158,154,0,,1736412816.4397783,,1736412788
move,157,154,479.9523972994622,,1736412816.4418619,,1736412788
move,157,153,988.9893892949776,,1736412816.442873,,1736412788
move,157,152,0,,1736412816.442873,,1736412788
move,156,152,682.7777958652124,,1736412816.4443376,,1736412788
move,156,150,1285.4134232301562,,1736412816.4458935,,1736412788
move,156,149,644.6824469720258,,1736412816.4474447,,1736412788
move,155,149,0,,1736412816.449007,,1736412788
move,154,148,473.5841598016545,,1736412816.4504309,,1736412788
move,154,147,375.9684474722123,,1736412816.4530907,,1736412788
move,154,146,639.5706007929247,,1736412816.4546542,,1736412788
move,153,146,644.1873752111811,,1736412816.4562066,,1736412788
move,153,145,638.4024353120244,,1736412816.457773,,1736412788
move,153,144,630.1538461538462,,1736412816.45936,,1736412788
move,151,142,1858.2837097480333,,1736412816.4619405,,1736412788
move,151,141,238.15035203270497,,1736412816.465081,,1736412788
move,151,140,641.1348211556099,,1736412816.4666407,,1736412788
move,150,139,445.55258781008956,,1736412816.4698148,,1736412788
move,150,138,658.7567143081515,,1736412816.4713328,,1736412788
move,150,137,287.95166826857064,,1736412816.4748056,,1736412788
move,150,136,0,,1736412816.4748056,,1736412788
move,150,134,1288.5726574500768,,1736412816.4763577,,1736412788
move,149,133,451.8657424785345,,1736412816.4794874,,1736412788
move,149,132,480.8878697546434,,1736412816.481567,,1736412788
move,149,131,989.6894761680038,,1736412816.4825773,,1736412788
move,149,130,785.7444735856126,,1736412816.48385,,1736412788
move,149,129,636.3683811257775,,1736412816.4869745,,1736412788
move,149,128,643.890696960393,,1736412816.4869745,,1736412788
move,149,126,1245.1548166839839,,1736412816.4885807,,1736412788
move,149,125,643.1008892977615,,1736412816.4901357,,1736412788
move,149,124,387.8587016830035,,1736412816.492714,,1736412788
move,149,123,1967.3095684803002,,1736412816.4932222,,1736412788
move,149,122,925.2821530994926,,1736412816.4958968,,1736412788
move,149,120,635.6450708494355,,1736412816.4974494,,1736412788
move,149,118,617.5813885003313,,1736412816.5006878,,1736412788
move,149,117,0,,1736412816.5006878,,1736412788
move,149,116,475.8683911958248,,1736412816.5027893,,1736412788
move,148,116,988.0574793875147,,1736412816.5051727,,1736412788
move,148,115,729.1905424200278,,1736412816.5051727,,1736412788
move,148,114,932.8967971530249,,1736412816.5062447,,1736412788
move,148,113,641.0368332569158,,1736412816.5078046,,1736412788
move,148,112,937.9033989266547,,1736412816.5088708,,1736412788
move,148,110,1272.5436893203882,,1736412816.5104425,,1736412788
move,148,109,691.7869041728517,,1736412816.513045,,1736412788
move,148,108,864.2703482382032,,1736412816.5141082,,1736412788
move,148,107,940.6378111684235,,1736412816.5141082,,1736412788
move,148,106,635.2118733908829,,1736412816.5156825,,1736412788
move,148,106,0.0,,1736412816.518938,,1736412788
move,148,105,692.815328708292,,1736412816.518938,,1736412788
move,148,104,748.5818311618775,,1736412816.520274,,1736412788
move,148,102,1271.5792026678794,,1736412816.5218468,,1736412788
move,148,101,772.1472754050073,,1736412816.5231419,,1736412788
move,148,100,638.0139945238819,,1736412816.5247092,,1736412788
move,148,99,656.8996084573218,,1736412816.5262315,,1736412788
move,148,98,622.1156926727974,,1736412816.527839,,1736412788
move,148,97,0,,1736412816.5294263,,1736412788
move,148,96,629.9645539200961,,1736412816.5310078,,1736412788
move,148,94,1264.6778230061811,,1736412816.5310078,,1736412788
move,148,93,599.7860717860718,,1736412816.532675,,1736412788
move,148,92,319.3956746877856,,1736412816.535806,,1736412788
move,149,91,2723.435078749184,,1736412816.5363252,,1736412788
move,149,90,946.7954853273137,,1736412816.5389557,,1736412788
move,149,89,318.3290831815422,,1736412816.5405228,,1736412788
move,149,88,637.3353593678772,,1736412816.5420918,,1736412788
move,149,87,641.9198041016223,,1736412816.5436497,,1736412788
move,149,85,1280.7035114503817,,1736412816.5452113,,1736412788
move,149,84,697.4233455271034,,1736412816.5466452,,1736412788
move,149,83,303.4513095065837,,1736412816.5499406,,1736412788
move,149,82,381.43906875227356,,1736412816.5525622,,1736412788
move,149,81,935.1848383500558,,1736412816.5536315,,1736412788
move,150,81,641.8215761285386,,1736412816.5551896,,1736412788
move,150,80,277.5846459298478,,1736412816.558792,,1736412788
move,150,79,481.27412507171545,,1736412816.56087,,1736412788
move,150,77,630.7224060150376,,1736412816.564041,,1736412788
move,150,76,361.7962563615975,,1736412816.566805,,1736412788
move,150,75,630.9121540312876,,1736412816.5699456,,1736412788
move,150,74,161.6177558569667,,1736412816.5745773,,1736412788
move,152,74,665.7097055789224,,1736412816.5775816,,1736412788
move,152,73,581.5729339988908,,1736412816.579301,,1736412788
move,152,72,161.3131802622976,,1736412816.5855002,,1736412788
move,153,71,332.5843342593621,,1736412816.5897524,,1736412788
move,153,69,430.2512181361235,,1736412816.594401,,1736412788
move,154,69,319.8828553996339,,1736412816.597527,,1736412788
move,155,69,233.69199910853578,,1736412816.6018062,,1736412788
move,156,69,326.1004509407557,,1736412816.6048727,,1736412788
move,157,69,240.12732581439286,,1736412816.6090372,,1736412788
move,158,69,129.35800641500123,,1736412816.6167676,,1736412788
move,160,69,352.744123459905,,1736412816.6224375,,1736412788
move,160,68,0,,1736412816.624013,,1736412788
move,161,68,94.88087589919921,,1736412816.632977,,1736412788
move,161,67,13.920967559924858,,1736412816.704811,,1736412788
move,161,66,80.79486833741066,,1736412816.7171881,,1736412788
move,161,65,41.49448462124435,,1736412816.7412877,,1736412788
click_press,161,65,,Button.left,1736412816.7660983,,1736412788
move,161,65,0.0,,1736412816.7786388,,1736412788
move,161,66,44.74497002282959,,1736412816.802028,,1736412788
click_release,161,66,,Button.left,1736412816.8244386,,1736412788
move,161,67,27.72397017608799,,1736412816.8370576,,1736412788
move,161,68,20.343515671229156,,1736412816.8872237,,1736412788
move,162,68,78.94268882573262,,1736412816.8988807,,1736412788
move,162,70,1266.778616732105,,1736412816.9004595,,1736412788
move,162,71,136.36021977307453,,1736412816.907793,,1736412788
move,163,71,608.664054563924,,1736412816.909436,,1736412788
move,163,72,235.58211637834194,,1736412816.9136808,,1736412788
move,163,73,214.56435440965828,,1736412816.9183414,,1736412788
move,164,73,638.5968331303288,,1736412816.9199073,,1736412788
move,164,74,659.6892104435357,,1736412816.9214232,,1736412788
move,165,75,896.8312067607684,,1736412816.9247143,,1736412788
move,165,76,278.69129568106314,,1736412816.928185,,1736412788
move,166,76,233.26311106167623,,1736412816.9308753,,1736412788
move,166,78,1292.9420468557337,,1736412816.9324222,,1736412788
move,166,79,635.6932403758715,,1736412816.9339952,,1736412788
move,168,79,1485.2351274787536,,1736412816.9353418,,1736412788
move,168,80,650.3805241122654,,1736412816.9368794,,1736412788
move,169,80,704.2149093351243,,1736412816.9382994,,1736412788
move,169,81,0,,1736412816.9399195,,1736412788
move,170,82,443.08968413503567,,1736412816.9414911,,1736412788
move,170,83,629.6808287043988,,1736412816.9430792,,1736412788
move,171,83,377.72910662824205,,1736412816.9457266,,1736412788
move,171,84,665.8682330528655,,1736412816.9472284,,1736412788
move,172,86,1423.6109384182269,,1736412816.9487991,,1736412788
move,172,87,633.580664652568,,1736412816.9503775,,1736412788
move,173,87,0,,1736412816.9519563,,1736412788
move,173,88,633.3893083660525,,1736412816.9519563,,1736412788
move,174,88,640.1562881562882,,1736412816.9535184,,1736412788
move,174,89,610.4357444331247,,1736412816.9551566,,1736412788
move,175,89,991.0926275992439,,1736412816.9561656,,1736412788
move,177,90,1843.669915922799,,1736412816.9573784,,1736412788
move,177,91,798.45878545593,,1736412816.9586308,,1736412788
move,178,91,880.416456759026,,1736412816.9597666,,1736412788
move,178,92,0,,1736412816.961333,,1736412788
move,179,92,638.4024353120244,,1736412816.961333,,1736412788
move,179,93,634.0595616024187,,1736412816.9629102,,1736412788
move,180,95,1968.2578934521046,,1736412816.9640462,,1736412788
move,181,96,536.8487285288916,,1736412816.9666805,,1736412788
move,182,96,971.8035217794254,,1736412816.9677095,,1736412788
move,183,97,2709.749475338384,,1736412816.9682314,,1736412788
move,185,98,1434.937096435018,,1736412816.9697897,,1736412788
move,185,99,601.4201319185546,,1736412816.9714525,,1736412788
move,186,99,663.4457450173995,,1736412816.9729598,,1736412788
move,187,100,0,,1736412816.9729598,,1736412788
move,187,101,631.6722891566266,,1736412816.9745429,,1736412788
move,188,101,0,,1736412816.9761064,,1736412788
move,189,103,867.7598873333899,,1736412816.9771197,,1736412788
move,190,103,918.3936938909569,,1736412816.9782085,,1736412788
move,191,104,901.8764788681348,,1736412816.9797766,,1736412788
move,191,105,0,,1736412816.9813488,,1736412788
move,193,106,1422.3155690475096,,1736412816.9813488,,1736412788
move,194,106,641.7233782129742,,1736412816.982907,,1736412788
move,195,107,899.9607952534855,,1736412816.9844785,,1736412788
move,195,108,0,,1736412816.9860485,,1736412788
move,197,109,707.1363087008428,,1736412816.9876406,,1736412788
move,197,111,1983.5913927642468,,1736412816.988649,,1736412788
move,200,112,6203.720224113599,,1736412816.9891586,,1736412788
move,201,113,908.367779711443,,1736412816.9907155,,1736412788
move,202,114,0,,1736412816.9907155,,1736412788
move,203,115,448.55124028400803,,1736412816.9938684,,1736412788
move,204,115,638.0139945238819,,1736412816.9954357,,1736412788
move,205,116,0,,1736412816.9954357,,1736412788
move,205,117,637.3353593678772,,1736412816.9970047,,1736412788
move,206,117,930.6199245617928,,1736412816.9980793,,1736412788
move,208,119,2724.0604369762214,,1736412816.9991176,,1736412788
move,210,120,1905.0881296565667,,1736412817.0002913,,1736412788
move,211,121,903.3873898135429,,1736412817.0018568,,1736412788
move,212,123,1379.8365252757508,,1736412817.0034773,,1736412788
move,215,123,1906.5018181818182,,1736412817.00662,,1736412788
move,216,125,1425.125188010831,,1736412817.00662,,1736412788
move,217,127,814.9764391987555,,1736412817.0093637,,1736412788
move,218,127,0,,1736412817.0093637,,1736412788
move,219,128,541.2575601346585,,1736412817.0119765,,1736412788
move,220,129,2710.987934879215,,1736412817.0124981,,1736412788
move,221,130,0,,1736412817.0140696,,1736412788
move,223,130,1272.736762251555,,1736412817.0140696,,1736412788
move,224,131,895.747750153386,,1736412817.0156484,,1736412788
move,225,133,1421.4532983175627,,1736412817.0180187,,1736412788
move,227,135,848.9540005031805,,1736412817.020553,,1736412788
move,228,135,1940.9088385006942,,1736412817.0210683,,1736412788
move,230,136,2217.1983126003024,,1736412817.0220768,,1736412788
move,231,137,0,,1736412817.023655,,1736412788
move,232,137,633.6763861610515,,1736412817.023655,,1736412788
move,233,137,634.8273043741486,,1736412817.0252302,,1736412788
move,234,138,0,,1736412817.0252302,,1736412788
move,234,140,1265.8228459333031,,1736412817.0268102,,1736412788
move,237,141,0,,1736412817.0284,,1736412788
move,239,142,837.8371325977558,,1736412817.029479,,1736412788
move,240,143,0,,1736412817.0310593,,1736412788
move,240,144,632.8159324079662,,1736412817.0310593,,1736412788
move,243,144,1901.603747922019,,1736412817.032637,,1736412788
move,243,146,0,,1736412817.032637,,1736412788
move,244,146,613.92037470726,,1736412817.0342658,,1736412788
move,245,147,905.1795515818285,,1736412817.035828,,1736412788
move,248,148,0,,1736412817.0371091,,1736412788
move,248,149,780.6260934301135,,1736412817.0382183,,1736412788
move,249,149,901.6130696474635,,1736412817.0382183,,1736412788
move,250,150,926.2401001742228,,1736412817.039745,,1736412788
move,251,151,0,,1736412817.039745,,1736412788
move,252,153,1421.0225548938301,,1736412817.0413187,,1736412788
move,253,154,926.5294597806502,,1736412817.042845,,1736412788
move,255,155,0,,1736412817.042845,,1736412788
move,256,155,687.1402359108781,,1736412817.0443003,,1736412788
move,257,156,902.4253159159779,,1736412817.0458674,,1736412788
move,258,157,0,,1736412817.0458674,,1736412788
move,259,158,905.5941376359882,,1736412817.047429,,1736412788
move,260,159,898.0532326291783,,1736412817.0490038,,1736412788
move,261,161,0,,1736412817.0490038,,1736412788
move,262,162,1323.1411112013657,,1736412817.0500727,,1736412788
move,264,163,1424.0432527025932,,1736412817.051643,,1736412788
move,264,164,656.3856025039123,,1736412817.0531664,,1736412788
move,266,165,0,,1736412817.0531664,,1736412788
move,267,166,896.8312067607684,,1736412817.0547433,,1736412788
move,268,167,0,,1736412817.0547433,,1736412788
move,270,169,1795.5627672213477,,1736412817.0563185,,1736412788
move,271,170,0,,1736412817.0578954,,1736412788
move,272,171,896.8312067607684,,1736412817.0578954,,1736412788
move,273,173,1416.5154602475877,,1736412817.059474,,1736412788
move,274,173,993.4400757934628,,1736412817.060988,,1736412788
move,275,176,6232.873044715637,,1736412817.0619953,,1736412788
move,275,177,992.734674556213,,1736412817.0619953,,1736412788
move,278,178,2063.7239519456784,,1736412817.0635276,,1736412788
move,279,179,1319.0219260653153,,1736412817.0645998,,1736412788
move,279,182,0,,1736412817.0645998,,1736412788
move,282,182,1835.5816192560176,,1736412817.066234,,1736412788
move,282,184,1273.8964312832195,,1736412817.067804,,1736412788
move,283,186,0,,1736412817.067804,,1736412788
move,284,187,899.1422770222408,,1736412817.069377,,1736412788
move,285,188,0,,1736412817.070976,,1736412788
move,286,189,884.3956465656363,,1736412817.070976,,1736412788
move,287,191,1420.3769290170042,,1736412817.0725503,,1736412788
move,289,193,0,,1736412817.0740755,,1736412788
move,290,194,927.2536503854498,,1736412817.0740755,,1736412788
move,291,195,882.4221364944544,,1736412817.075678,,1736412788
move,292,196,0,,1736412817.075678,,1736412788
move,293,198,1420.1618507418652,,1736412817.0772526,,1736412788
move,294,200,1418.0146450407135,,1736412817.0788295,,1736412788
move,296,201,0,,1736412817.0788295,,1736412788
move,297,202,893.1850024869331,,1736412817.0804129,,1736412788
move,298,203,1403.9388405954373,,1736412817.0814202,,1736412788
move,299,206,0,,1736412817.0814202,,1736412788
move,300,207,871.2752058630615,,1736412817.0830433,,1736412788
move,301,209,1465.2005721448645,,1736412817.0845695,,1736412788
move,301,210,0,,1736412817.0845695,,1736412788
move,304,213,2613.825617589184,,1736412817.0861926,,1736412788
move,306,216,1118.3005351537167,,1736412817.0894167,,1736412788
move,309,220,2309.638766519824,,1736412817.0915816,,1736412788
move,309,221,920.6110623353819,,1736412817.0926678,,1736412788
move,310,224,0,,1736412817.0942261,,1736412788
move,311,225,681.7195266654088,,1736412817.0947423,,1736412788
move,312,226,1400.9545586952581,,1736412817.0957518,,1736412788
move,313,228,4376.457705225982,,1736412817.0962627,,1736412788
move,313,229,993.9109004739337,,1736412817.0972688,,1736412788
move,315,232,0,,1736412817.0988457,,1736412788
move,316,233,896.8312067607684,,1736412817.0988457,,1736412788
move,317,236,2025.5885521006223,,1736412817.100407,,1736412788
move,318,237,1081.0354659223115,,1736412817.101715,,1736412788
move,318,239,0,,1736412817.101715,,1736412788
move,319,240,898.4613149826905,,1736412817.1032891,,1736412788
move,321,241,1459.2732009178899,,1736412817.1048214,,1736412788
move,322,244,3082.396894992999,,1736412817.1058474,,1736412788
move,323,245,2744.859602737493,,1736412817.1063626,,1736412788
move,323,248,0,,1736412817.107931,,1736412788
move,324,250,1425.7751386894615,,1736412817.107931,,1736412788
move,327,254,1563.6385326573218,,1736412817.1111286,,1736412788
move,328,255,1288.6468827972458,,1736412817.112226,,1736412788
move,329,258,0,,1736412817.112226,,1736412788
move,330,259,902.150813918741,,1736412817.1137936,,1736412788
move,330,260,681.0040591005034,,1736412817.115262,,1736412788
move,331,262,3023.4522444549575,,1736412817.1160016,,1736412788
move,334,265,8246.026322774404,,1736412817.116516,,1736412788
move,334,266,0,,1736412817.1181026,,1736412788
move,337,268,2272.7349168746186,,1736412817.1181026,,1736412788
move,337,270,1246.4499257057948,,1736412817.119707,,1736412788
move,337,273,0,,1736412817.119707,,1736412788
move,339,273,1318.756170413457,,1736412817.1212237,,1736412788
move,339,275,1256.7202996254682,,1736412817.1228151,,1736412788
move,341,278,0,,1736412817.1228151,,1736412788
move,342,279,879.2827752024492,,1736412817.1244235,,1736412788
move,343,282,0,,1736412817.1260211,,1736412788
move,344,283,885.1875244763054,,1736412817.1260211,,1736412788
move,344,284,845.9669221460266,,1736412817.1272032,,1736412788
move,345,285,864.2928167733822,,1736412817.1288395,,1736412788
move,347,288,0,,1736412817.1288395,,1736412788
move,348,289,908.367779711443,,1736412817.1303964,,1736412788
move,349,291,0,,1736412817.1319954,,1736412788
move,350,292,655.7198321374887,,1736412817.13306,,1736412788
move,351,295,6238.736518887524,,1736412817.13306,,1736412788
move,353,298,2308.8210896005667,,1736412817.1346216,,1736412788
move,354,299,0,,1736412817.1346216,,1736412788
move,355,300,869.6146608291632,,1736412817.1362479,,1736412788
move,355,302,1695.3532740501212,,1736412817.1374276,,1736412788
move,356,305,1929.2441947861637,,1736412817.1390667,,1736412788
move,358,306,1870.5123379136974,,1736412817.1402621,,1736412788
move,359,309,0,,1736412817.1418526,,1736412788
move,359,311,1257.4738420026983,,1736412817.1418526,,1736412788
move,360,312,0,,1736412817.143515,,1736412788
move,361,313,850.6584829364294,,1736412817.143515,,1736412788
move,362,316,0,,1736412817.1449146,,1736412788
move,362,319,2143.5965928449746,,1736412817.1449146,,1736412788
move,363,320,894.9368740971216,,1736412817.1475153,,1736412788
move,363,321,979.977570093458,,1736412817.1480343,,1736412788
move,365,323,5449.372164920278,,1736412817.1480343,,1736412788
move,365,326,1922.8166259168704,,1736412817.1495945,,1736412788
move,366,327,0,,1736412817.1495945,,1736412788
move,367,328,897.3739185349051,,1736412817.1511705,,1736412788
move,367,331,1920.1757973447277,,1736412817.1527328,,1736412788
move,367,332,948.7229133680163,,1736412817.153787,,1736412788
move,368,334,3997.7616633841767,,1736412817.1548543,,1736412788
move,368,335,1968.2327545753167,,1736412817.1548543,,1736412788
move,370,338,2320.5122198686067,,1736412817.156408,,1736412788
move,370,339,0,,1736412817.157941,,1736412788
move,371,341,1458.5923580558754,,1736412817.157941,,1736412788
move,371,343,1264.487187217365,,1736412817.1595228,,1736412788
move,372,344,0,,1736412817.1611428,,1736412788
move,372,346,1234.5265636497425,,1736412817.1611428,,1736412788
move,372,347,633.29367356183,,1736412817.1627219,,1736412788
move,372,348,0,,1736412817.1627219,,1736412788
move,373,351,1994.8193471431607,,1736412817.164307,,1736412788
move,373,352,0,,1736412817.1660607,,1736412788
move,374,355,1803.3383873765974,,1736412817.1660607,,1736412788
move,374,356,751.5327002329332,,1736412817.1673913,,1736412788
move,376,357,2208.3232546030795,,1736412817.16891,,1736412788
move,376,358,1975.649552520019,,1736412817.16891,,1736412788
move,376,360,1280.8990685600854,,1736412817.1704714,,1736412788
move,377,362,0,,1736412817.1720383,,1736412788
move,377,364,1276.416311625076,,1736412817.1720383,,1736412788
move,377,365,635.019530658592,,1736412817.173613,,1736412788
move,377,366,0,,1736412817.173613,,1736412788
move,378,367,652.3305401424967,,1736412817.175781,,1736412788
move,378,370,0,,1736412817.175781,,1736412788
move,378,371,573.9332238642584,,1736412817.1775234,,1736412788
move,378,372,972.254056560037,,1736412817.1790748,,1736412788
move,379,373,2704.8069318357147,,1736412817.1790748,,1736412788
move,379,376,1899.0208270449743,,1736412817.1806545,,1736412788
move,379,377,0,,1736412817.181877,,1736412788
move,380,378,1156.941993664077,,1736412817.181877,,1736412788
move,380,379,639.180737580006,,1736412817.1834414,,1736412788
move,380,381,1269.8468059339993,,1736412817.1860287,,1736412788
move,380,384,2963.4743287800284,,1736412817.1879625,,1736412788
move,380,385,517.1130563432375,,1736412817.188971,,1736412788
move,380,386,659.5854694134298,,1736412817.191043,,1736412788
move,380,387,639.2781588172535,,1736412817.191043,,1736412788
move,380,389,1251.4706847680143,,1736412817.192641,,1736412788
move,380,390,0,,1736412817.192641,,1736412788
move,380,391,631.3870239349692,,1736412817.1942248,,1736412788
move,381,392,892.3787575621668,,1736412817.1958096,,1736412788
move,381,393,1741.8205980066446,,1736412817.1963837,,1736412788
move,381,394,847.1629973742678,,1736412817.1975641,,1736412788
move,381,395,643.4955507824486,,1736412817.1991181,,1736412788
move,381,397,1224.7931084829902,,1736412817.200751,,1736412788
move,381,398,0,,1736412817.200751,,1736412788
move,381,399,633.4849720586014,,1736412817.2039282,,1736412788
move,381,400,625.5486950037285,,1736412817.2039282,,1736412788
move,381,401,622.2079810117193,,1736412817.2055354,,1736412788
move,381,402,906.0928926333982,,1736412817.206639,,1736412788
move,381,403,316.4557114833258,,1736412817.209799,,1736412788
move,381,405,940.2160950459538,,1736412817.2119262,,1736412788
move,381,406,1914.333181195801,,1736412817.2124486,,1736412788
move,381,407,640.8409472880061,,1736412817.214009,,1736412788
move,381,408,636.3683811257775,,1736412817.2155805,,1736412788
move,381,409,353.6512647554806,,1736412817.218408,,1736412788
move,381,410,658.0332601192343,,1736412817.2199278,,1736412788
move,381,411,214.148064944348,,1736412817.2245975,,1736412788
move,381,412,658.9637077769049,,1736412817.226115,,1736412788
move,381,414,565.041627374377,,1736412817.2296546,,1736412788
move,381,415,192.89477557027226,,1736412817.2348387,,1736412788
move,381,415,0.0,,1736412817.2379115,,1736412788
move,381,416,246.83992467043313,,1736412817.2414527,,1736412788
move,381,417,214.11526877329112,,1736412817.246123,,1736412788
move,380,417,635.2118733908829,,1736412817.2476974,,1736412788
move,380,418,173.82113551595523,,1736412817.255021,,1736412788
move,379,418,105.9943898309368,,1736412817.2628849,,1736412788
move,378,418,108.7367847976564,,1736412817.2720814,,1736412788
move,377,418,68.01757885348253,,1736412817.2867835,,1736412788
move,375,418,733.7188839324762,,1736412817.2900317,,1736412788
move,374,418,177.43903883577292,,1736412817.295145,,1736412788
move,374,419,391.55190440627337,,1736412817.297699,,1736412788
move,373,419,240.4439348773217,,1736412817.301858,,1736412788
move,372,419,638.1110603986003,,1736412817.303425,,1736412788
move,371,419,314.0154226248409,,1736412817.3066096,,1736412788
move,370,419,214.32314767501276,,1736412817.3128638,,1736412788
move,369,419,629.5863104172921,,1736412817.3128638,,1736412788
move,367,419,628.0778676250375,,1736412817.3160481,,1736412788
move,367,419,0.0,,1736412817.3192549,,1736412788
move,366,419,660.3123425692695,,1736412817.3207693,,1736412788
move,365,419,996.2717339667458,,1736412817.321773,,1736412788
move,364,419,171.14718243767086,,1736412817.327616,,1736412788
move,363,419,636.4649468892261,,1736412817.3291872,,1736412788
move,362,419,637.2385293223944,,1736412817.3307564,,1736412788
move,361,419,212.49893606241767,,1736412817.3354623,,1736412788
move,359,419,642.7067116150781,,1736412817.3385742,,1736412788
move,358,419,323.63456790123456,,1736412817.341664,,1736412788
move,357,419,323.21060337520225,,1736412817.344758,,1736412788
move,356,419,632.148304446119,,1736412817.3479042,,1736412788
move,355,419,304.66361589307763,,1736412817.3496222,,1736412788
move,354,418,893.0505271779167,,1736412817.3512058,,1736412788
move,353,418,625.7353423840071,,1736412817.352804,,1736412788
move,352,418,380.4012334482133,,1736412817.3554327,,1736412788
move,350,418,1270.2313749242883,,1736412817.3570073,,1736412788
move,349,418,632.0530440024111,,1736412817.3585894,,1736412788
move,348,418,312.9377005148101,,1736412817.361785,,1736412788
move,347,417,1398.642207384042,,1736412817.362796,,1736412788
move,346,417,657.6205707118219,,1736412817.3643167,,1736412788
move,345,417,632.4342581423401,,1736412817.365898,,1736412788
move,344,417,631.7674348546468,,1736412817.3690765,,1736412788
move,342,417,630.2485349361383,,1736412817.370654,,1736412788
move,341,417,639.0833460307786,,1736412817.3722188,,1736412788
move,340,416,543.7881922915037,,1736412817.3748195,,1736412788
move,339,416,501.8911092497308,,1736412817.376812,,1736412788
move,338,416,631.5771721126337,,1736412817.3799818,,1736412788
move,337,416,315.1005934941026,,1736412817.381569,,1736412788
move,336,416,472.1188653759568,,1736412817.383687,,1736412788
move,336,415,992.734674556213,,1736412817.3852012,,1736412788
move,334,415,1321.2487005827688,,1736412817.386208,,1736412788
move,333,415,383.6721551408708,,1736412817.3888144,,1736412788
move,332,415,1971.9341795956746,,1736412817.3893216,,1736412788
move,331,415,316.05033531760984,,1736412817.3924856,,1736412788
move,330,415,312.2388148589295,,1736412817.3956883,,1736412788
move,329,415,632.4342581423401,,1736412817.3972695,,1736412788
move,328,415,641.7233782129742,,1736412817.3988278,,1736412788
move,328,413,978.035210446543,,1736412817.4008727,,1736412788
move,326,413,1987.3508647239992,,1736412817.401879,,1736412788
move,325,413,640.5473427000611,,1736412817.4034402,,1736412788
move,324,413,655.9749765405068,,1736412817.4059713,,1736412788
move,323,412,546.5943237666534,,1736412817.407552,,1736412788
move,322,412,313.3117203256891,,1736412817.4107437,,1736412788
move,321,412,650.7841737781225,,1736412817.4122803,,1736412788
move,320,412,895.2623265741729,,1736412817.4149654,,1736412788
move,319,412,318.6192646611972,,1736412817.4165359,,1736412788
move,317,411,685.3305708658588,,1736412817.4197986,,1736412788
move,316,411,488.84662004662005,,1736412817.4218442,,1736412788
move,315,411,992.734674556213,,1736412817.4228516,,1736412788
move,315,410,626.9512705530643,,1736412817.4244466,,1736412788
move,314,410,598.3315263908702,,1736412817.426118,,1736412788
move,313,410,993.6754323619996,,1736412817.4289656,,1736412788
move,312,409,318.68272720763565,,1736412817.4320965,,1736412788
move,311,409,474.79103463889516,,1736412817.4336681,,1736412788
move,309,409,737.2008085068986,,1736412817.4379244,,1736412788
move,308,409,189.495979036776,,1736412817.4416583,,1736412788
move,308,408,1929.3026678932843,,1736412817.4421766,,1736412788
move,307,408,320.788068833652,,1736412817.445294,,1736412788
move,306,407,332.4165882938647,,1736412817.4495482,,1736412788
move,306,406,383.28648451064606,,1736412817.4521573,,1736412788
move,305,406,383.9179862700229,,1736412817.454762,,1736412788
move,304,406,353.2938005390836,,1736412817.4575925,,1736412788
move,304,404,1284.232700551133,,1736412817.4591498,,1736412788
move,303,404,319.41999847688675,,1736412817.4622805,,1736412788
move,303,403,638.3052807791812,,1736412817.4638472,,1736412788
move,301,403,777.6590340224344,,1736412817.4669259,,1736412788
move,301,402,945.0887787291573,,1736412817.467477,,1736412788
move,300,402,377.21953413076716,,1736412817.470128,,1736412788
move,300,401,620.0005912786401,,1736412817.471741,,1736412788
move,299,401,636.8515031885819,,1736412817.4733112,,1736412788
move,299,400,640.5473427000611,,1736412817.4748724,,1736412788
move,298,400,640.4495342800427,,1736412817.4769516,,1736412788
move,297,400,491.4240187463386,,1736412817.4784687,,1736412788
move,297,399,994.1464802085802,,1736412817.4794745,,1736412788
move,297,398,321.5750977535843,,1736412817.4825842,,1736412788
move,296,398,0,,1736412817.484186,,1736412788
move,296,396,629.0669666291714,,1736412817.4857635,,1736412788
move,295,396,0,,1736412817.4857635,,1736412788
move,293,395,752.7689912753253,,1736412817.488734,,1736412788
move,292,395,625.8287078484035,,1736412817.4919317,,1736412788
move,292,394,625.082563338301,,1736412817.4919317,,1736412788
move,291,394,317.19761022460864,,1736412817.4950843,,1736412788
move,291,393,628.8311844077961,,1736412817.4966745,,1736412788
move,290,392,455.8943664219293,,1736412817.4997766,,1736412788
move,289,391,546.2419745386981,,1736412817.5023656,,1736412788
move,289,390,95.50742326259223,,1736412817.512836,,1736412788
move,288,390,0,,1736412817.5144548,,1736412788
move,288,388,24.368274736160213,,1736412817.59491,,1736412788
move,288,387,22.277895810316988,,1736412817.6397974,,1736412788
move,288,387,0.0,,1736412817.7244024,,1736412788
move,288,389,55.37692927212474,,1736412817.7605186,,1736412788
move,288,390,203.31090644692196,,1736412817.767078,,1736412788
move,288,391,170.33398310591292,,1736412817.771308,,1736412788
move,288,392,155.00014781966001,,1736412817.7777596,,1736412788
move,289,393,538.0173788222877,,1736412817.780388,,1736412788
move,289,394,202.87820450807777,,1736412817.7853172,,1736412788
move,289,395,302.3139685743117,,1736412817.788625,,1736412788
move,290,395,358.08964398531543,,1736412817.7914176,,1736412788
move,290,397,1971.9341795956746,,1736412817.7929413,,1736412788
move,290,398,233.78317819519538,,1736412817.7967093,,1736412788
move,290,399,318.4741078208049,,1736412817.7998493,,1736412788
move,290,400,623.0398098633393,,1736412817.8029747,,1736412788
move,290,401,236.9529405118355,,1736412817.8056746,,1736412788
move,290,402,640.3517557251909,,1736412817.8072362,,1736412788
move,290,403,365.5804061710102,,1736412817.8099716,,1736412788
move,290,405,733.3340326951657,,1736412817.8126988,,1736412788
move,290,406,353.86011980089427,,1736412817.8155248,,1736412788
move,290,407,230.87488302966918,,1736412817.8198562,,1736412788
move,290,408,476.2466220052231,,1736412817.8229601,,1736412788
move,290,409,396.51200605029305,,1736412817.824478,,1736412788
move,290,410,320.34705567860686,,1736412817.8275995,,1736412788
move,290,411,160.54752153110047,,1736412817.8338282,,1736412788
move,290,412,206.09817699375952,,1736412817.8386803,,1736412788
move,290,414,757.3680028891297,,1736412817.8429208,,1736412788
move,290,415,103.25457275793309,,1736412817.8510058,,1736412788
move,290,416,106.06139685429626,,1736412817.8604343,,1736412788
move,290,417,25.517920263799912,,1736412817.8996224,,1736412788
move,290,417,0.0,,1736412817.951024,,1736412788
move,290,418,67.56288659793815,,1736412817.964197,,1736412788
move,289,418,625.7353423840071,,1736412817.965795,,1736412788
move,289,419,169.09107034872002,,1736412817.971709,,1736412788
move,289,420,101.4243845819026,,1736412817.9815686,,1736412788
move,289,422,399.3624375148774,,1736412817.9865766,,1736412788
move,289,423,69.81547014664514,,1736412818.0009,,1736412788
move,288,423,204.76000781097443,,1736412818.0057838,,1736412788
move,287,423,169.58330974810983,,1736412818.0116806,,1736412788
move,287,424,0,,1736412818.0132403,,1736412788
move,287,425,89.57977019349879,,1736412818.0228438,,1736412788
move,287,426,96.90194991220774,,1736412818.0331635,,1736412788
move,286,426,299.6787653615319,,1736412818.0381079,,1736412788
move,286,427,151.15153699232405,,1736412818.0431163,,1736412788
move,284,427,218.73814863103,,1736412818.0522597,,1736412788
move,284,428,627.3263535746336,,1736412818.0538538,,1736412788
move,284,430,253.22570712711686,,1736412818.0617518,,1736412788
move,284,431,127.05391978674422,,1736412818.0696225,,1736412788
move,283,431,302.9909701654266,,1736412818.072923,,1736412788
move,283,432,207.7725268737306,,1736412818.077736,,1736412788
move,283,433,128.53346408433438,,1736412818.085516,,1736412788
move,283,434,308.2913634693127,,1736412818.0887597,,1736412788
move,282,434,317.99120545868084,,1736412818.0919044,,1736412788
move,282,435,115.3961537403362,,1736412818.1005702,,1736412788
move,282,436,114.28621253405994,,1736412818.1093202,,1736412788
move,281,436,654.3375975039002,,1736412818.1108484,,1736412788
move,281,437,51.2225098920424,,1736412818.130371,,1736412788
move,281,439,28.99482223466545,,1736412818.199349,,1736412788
move,280,439,616.3562086700955,,1736412818.2009714,,1736412788
move,280,440,77.24601274448415,,1736412818.213917,,1736412788
move,280,441,59.33628531413131,,1736412818.23077,,1736412788
move,280,442,109.79565979948168,,1736412818.239878,,1736412788
move,280,443,102.04126119112495,,1736412818.249678,,1736412788
move,279,443,188.2711194900799,,1736412818.2561247,,1736412788
move,279,444,105.73786774901052,,1736412818.2644467,,1736412788
move,279,444,0.0,,1736412818.2980888,,1736412788
click_press,279,444,,Button.left,1736412818.362848,,1736412788
move,279,443,13.537960996455984,,1736412818.3735507,,1736412788
move,279,443,0.0,,1736412818.432899,,1736412788
click_release,279,443,,Button.left,1736412818.4345722,,1736412788
move,279,443,0.0,,1736412818.4514952,,1736412788
click_press,279,443,,Button.left,1736412818.478525,,1736412788
click_release,279,443,,Button.left,1736412818.5482464,,1736412788
move,279,443,0.0,,1736412818.5576103,,1736412788
move,279,443,0.0,,1736412818.6936746,,1736412788
move,279,442,212.10134007585336,,1736412818.6983893,,1736412788
move,279,441,314.65146286571644,,1736412818.7015674,,1736412788
move,279,440,315.2663860493085,,1736412818.7047393,,1736412788
move,279,438,542.3552078618995,,1736412818.7094505,,1736412788
move,279,437,269.8690001286836,,1736412818.7121325,,1736412788
move,279,436,630.2485349361383,,1736412818.7137191,,1736412788
move,279,435,315.97890613228867,,1736412818.716884,,1736412788
move,279,434,266.69447447065556,,1736412818.7206335,,1736412788
move,279,433,383.8477166651414,,1736412818.7232387,,1736412788
move,280,433,0,,1736412818.7249684,,1736412788
move,280,432,578.1259820813232,,1736412818.7249684,,1736412788
move,280,431,632.529633539436,,1736412818.7265494,,1736412788
move,280,429,958.150542547116,,1736412818.7286367,,1736412788
move,281,428,931.3301305567157,,1736412818.7301552,,1736412788
move,281,427,992.4997633696166,,1736412818.7311628,,1736412788
move,281,426,319.3713546029087,,1736412818.734294,,1736412788
move,281,425,0,,1736412818.7359395,,1736412788
move,281,424,607.6940017386265,,1736412818.7359395,,1736412788
move,281,423,638.0139945238819,,1736412818.7390902,,1736412788
move,281,421,1263.1543442252673,,1736412818.7390902,,1736412788
move,281,420,617.8088083664752,,1736412818.7407088,,1736412788
move,281,419,989.222641509434,,1736412818.7417197,,1736412788
move,281,418,1961.7885874649205,,1736412818.7422295,,1736412788
move,282,417,1398.9720758291799,,1736412818.7432404,,1736412788
move,282,416,654.541822721598,,1736412818.7447681,,1736412788
move,282,415,0,,1736412818.7447681,,1736412788
move,282,412,1900.741993957704,,1736412818.747923,,1736412788
move,282,411,634.3472474289172,,1736412818.747923,,1736412788
move,282,410,636.6581663630844,,1736412818.7494936,,1736412788
move,282,407,1858.6280649926146,,1736412818.7511077,,1736412788
move,282,406,632.3389115030906,,1736412818.7526891,,1736412788
move,282,405,0,,1736412818.7526891,,1736412788
move,282,404,474.1469590775492,,1736412818.7547982,,1736412788
move,282,403,969.5570966250577,,1736412818.7558296,,1736412788
move,282,402,0,,1736412818.7558296,,1736412788
move,282,399,1918.4192712303704,,1736412818.7573934,,1736412788
move,283,398,0,,1736412818.7589898,,1736412788
move,283,397,626.389486260454,,1736412818.7589898,,1736412788
move,283,396,635.7896013339397,,1736412818.7605627,,1736412788
move,283,395,0,,1736412818.7605627,,1736412788
move,283,394,636.9482156416097,,1736412818.7621326,,1736412788
move,283,393,635.7896013339397,,1736412818.7637055,,1736412788
move,283,390,2701.935151385012,,1736412818.7648158,,1736412788
move,283,389,1763.0533837746952,,1736412818.765383,,1736412788
move,283,388,991.3268730796502,,1736412818.7668989,,1736412788
move,283,387,660.5203149606299,,1736412818.7679057,,1736412788
move,283,386,0,,1736412818.7679057,,1736412788
move,283,383,1924.5812174977057,,1736412818.7694645,,1736412788
move,283,382,633.1024905660378,,1736412818.771044,,1736412788
move,283,381,0,,1736412818.771044,,1736412788
move,283,380,635.7896013339397,,1736412818.7726169,,1736412788
move,283,379,638.6940764428201,,1736412818.7741826,,1736412788
move,283,376,2791.8597736853785,,1736412818.775257,,1736412788
move,283,374,1258.4170417041705,,1736412818.7768464,,1736412788
move,283,373,0,,1736412818.7768464,,1736412788
move,283,371,1272.9298937784522,,1736412818.7784176,,1736412788
move,283,369,0,,1736412818.779982,,1736412788
move,283,366,936.7164445767885,,1736412818.7816203,,1736412788
move,283,365,923.2454325335681,,1736412818.7827034,,1736412788
move,283,364,938.1131737866249,,1736412818.7837694,,1736412788
move,285,362,5052.505623096868,,1736412818.7848756,,1736412788
move,285,360,1829.1774967291758,,1736412818.7859297,,1736412788
move,285,359,1971.9341795956746,,1736412818.7859297,,1736412788
move,285,358,639.180737580006,,1736412818.7874942,,1736412788
move,285,357,0,,1736412818.7874942,,1736412788
move,285,356,637.2385293223944,,1736412818.7900875,,1736412788
move,285,355,646.1722384840549,,1736412818.790611,,1736412788
move,285,354,0,,1736412818.7921762,,1736412788
move,285,353,638.8886519421172,,1736412818.7921762,,1736412788
move,285,351,1378.1186134384754,,1736412818.7936275,,1736412788
move,285,350,991.3268730796502,,1736412818.7946362,,1736412788
move,285,349,0,,1736412818.795886,,1736412788
move,285,348,800.1342998855399,,1736412818.795886,,1736412788
move,285,347,618.6289085545723,,1736412818.7975025,,1736412788
move,285,344,1425.0183465458663,,1736412818.7996078,,1736412788
move,286,343,1403.6066260093996,,1736412818.8006153,,1736412788
move,286,342,0,,1736412818.802184,,1736412788
move,286,341,379.6093764141551,,1736412818.8032496,,1736412788
move,286,340,642.3130168453292,,1736412818.8048065,,1736412788
move,286,339,0,,1736412818.8048065,,1736412788
move,286,338,637.2385293223944,,1736412818.8063757,,1736412788
move,286,336,0,,1736412818.8079932,,1736412788
move,286,335,371.934379710916,,1736412818.8090644,,1736412788
move,286,334,0,,1736412818.8090644,,1736412788
move,286,333,0,,1736412818.8090644,,1736412788
move,286,332,348.8857095325237,,1736412818.81294,,1736412788
move,286,329,1186.7313024615676,,1736412818.8150284,,1736412788
move,286,328,892.9750904832872,,1736412818.8155785,,1736412788
move,287,328,0,,1736412818.8171237,,1736412788
move,287,327,647.1692640024687,,1736412818.8171237,,1736412788
move,287,326,640.2540070218288,,1736412818.8186855,,1736412788
move,287,325,940.8488111260655,,1736412818.8197484,,1736412788
move,287,324,0,,1736412818.8197484,,1736412788
move,287,323,384.5515723847071,,1736412818.822874,,1736412788
move,287,322,1903.9055832955062,,1736412818.822874,,1736412788
move,287,320,1286.0045991108386,,1736412818.8249962,,1736412788
move,287,319,929.5886524822695,,1736412818.825505,,1736412788
move,287,318,0,,1736412818.825505,,1736412788
move,288,317,444.184633931086,,1736412818.8286889,,1736412788
move,288,316,1972.8617121354657,,1736412818.8302033,,1736412788
move,288,315,992.4997633696166,,1736412818.8302033,,1736412788
move,288,314,640.5473427000611,,1736412818.8317645,,1736412788
move,288,312,1285.2164853684694,,1736412818.8333206,,1736412788
move,288,311,630.3432521791403,,1736412818.834907,,1736412788
move,288,310,939.7947568899843,,1736412818.835971,,1736412788
move,288,309,981.353299017314,,1736412818.83699,,1736412788
move,288,308,1978.445283018868,,1736412818.8390622,,1736412788
move,288,307,638.3052807791812,,1736412818.8390622,,1736412788
move,288,306,637.6260261477653,,1736412818.8406305,,1736412788
move,288,304,0,,1736412818.842189,,1736412788
move,289,302,845.3131016042612,,1736412818.8432758,,1736412788
move,289,301,609.9031554456885,,1736412818.8449154,,1736412788
move,289,300,634.7312348668281,,1736412818.8464909,,1736412788
move,289,299,0,,1736412818.8480155,,1736412788
move,289,297,1311.7448006254886,,1736412818.8480155,,1736412788
move,289,296,640.5473427000611,,1736412818.851141,,1736412788
move,289,295,639.2781588172535,,1736412818.851141,,1736412788
move,289,294,377.8992702045229,,1736412818.8537872,,1736412788
move,289,293,0,,1736412818.8537872,,1736412788
move,289,292,640.1562881562882,,1736412818.8569565,,1736412788
move,289,291,622.2079810117193,,1736412818.8569565,,1736412788
move,289,289,1308.0629970372681,,1736412818.8584855,,1736412788
move,289,288,0,,1736412818.8601053,,1736412788
move,289,287,371.21019559253034,,1736412818.8611794,,1736412788
move,289,286,943.600449943757,,1736412818.8622391,,1736412788
move,289,285,637.5291077671378,,1736412818.8638077,,1736412788
move,289,284,640.2540070218288,,1736412818.8669424,,1736412788
move,289,283,370.6525273948392,,1736412818.869077,,1736412788
move,289,281,1319.3784208870713,,1736412818.8695834,,1736412788
move,289,280,631.7674348546468,,1736412818.8711662,,1736412788
move,289,279,319.34703822141006,,1736412818.8742976,,1736412788
move,289,278,622.5774083419919,,1736412818.8759038,,1736412788
move,289,277,310.3902908310516,,1736412818.8801432,,1736412788
move,289,276,483.54899700253634,,1736412818.8811936,,1736412788
move,289,275,319.2741112887265,,1736412818.8859062,,1736412788
move,289,273,339.86743375739405,,1736412818.8917897,,1736412788
move,289,272,633.1980676328502,,1736412818.8917897,,1736412788
move,289,271,111.470592925293,,1736412818.9007607,,1736412788
move,289,270,275.5060430898581,,1736412818.9059536,,1736412788
move,289,269,100.49607053862373,,1736412818.914341,,1736412788
move,289,268,190.05410304046399,,1736412818.9201581,,1736412788
move,289,267,148.88201050688627,,1736412818.9263194,,1736412788
move,289,266,271.5462903016962,,1736412818.9310095,,1736412788
move,289,264,488.27753201396973,,1736412818.934098,,1736412788
move,289,263,211.24673885671115,,1736412818.9388318,,1736412788
move,289,262,210.89621882542235,,1736412818.9435735,,1736412788
move,289,261,214.37791975466394,,1736412818.9482381,,1736412788
move,290,260,323.1621684290778,,1736412818.9526143,,1736412788
move,290,259,306.96018735363,,1736412818.955872,,1736412788
move,290,258,144.93603787276686,,1736412818.9627717,,1736412788
move,290,256,1278.361475160012,,1736412818.9658926,,1736412788
move,290,255,136.75145903296274,,1736412818.9716487,,1736412788
move,290,254,214.07155616801919,,1736412818.97632,,1736412788
move,290,253,137.92969186753922,,1736412818.9840763,,1736412788
move,290,252,484.7225239801225,,1736412818.9856331,,1736412788
move,290,251,487.8799581249273,,1736412818.9876828,,1736412788
move,290,250,212.6497667815859,,1736412818.9923854,,1736412788
move,292,250,648.2194575380573,,1736412818.9970381,,1736412788
move,292,248,1276.0279890477639,,1736412818.9970381,,1736412788
move,292,247,205.89583231063767,,1736412819.001895,,1736412788
move,292,246,216.75989664082687,,1736412819.0065084,,1736412788
move,292,245,191.15413362501138,,1736412819.0117397,,1736412788
move,293,244,700.4772793476291,,1736412819.0137587,,1736412788
move,293,243,190.80629606041308,,1736412819.0189996,,1736412788
move,293,242,323.3601110168838,,1736412819.022092,,1736412788
move,294,242,387.60779964883096,,1736412819.0251818,,1736412788
move,294,240,1316.0665202384687,,1736412819.0261917,,1736412788
move,294,239,212.7900157272589,,1736412819.0308912,,1736412788
move,295,239,175.89130252453242,,1736412819.0365765,,1736412788
move,295,238,0,,1736412819.0381498,,1736412788
move,295,237,106.74430560150662,,1736412819.0469518,,1736412788
move,295,236,100.74953760418919,,1736412819.0558703,,1736412788
move,296,236,107.05490186069068,,1736412819.0652113,,1736412788
move,296,235,37.66944182495846,,1736412819.091758,,1736412788
move,296,235,0.0,,1736412819.0980275,,1736412788
move,296,235,0.0,,1736412819.0990362,,1736412788
move,296,235,0.0,,1736412819.1037333,,1736412788
move,296,235,0.0,,1736412819.1058571,,1736412788
move,296,234,87.12359270491463,,1736412819.117335,,1736412788
move,296,233,31.10347793845013,,1736412819.1499946,,1736412788
move,296,231,122.16715939707275,,1736412819.1658568,,1736412788
click_press,296,231,,Button.left,1736412819.1808658,,1736412788
move,296,232,12.236139798121243,,1736412819.247582,,1736412788
click_release,296,232,,Button.left,1736412819.2626462,,1736412788
click_press,296,232,,Button.left,1736412819.3088658,,1736412788
click_release,296,232,,Button.left,1736412819.3780682,,1736412788
move,296,233,6.726513436014549,,1736412819.3962474,,1736412788
move,296,234,2.595689141411485,,1736412819.783054,,1736412788
move,296,235,47.07834597943699,,1736412819.8027427,,1736412788
move,296,236,145.66084389650982,,1736412819.809608,,1736412788
move,296,237,270.18191187838187,,1736412819.8133092,,1736412788
move,296,238,170.72224031260177,,1736412819.8191667,,1736412788
move,296,239,156.5973715651135,,1736412819.8255525,,1736412788
move,296,241,422.5147577314395,,1736412819.830286,,1736412788
move,296,241,0.0,,1736412819.833296,,1736412788
move,296,242,640.2540070218288,,1736412819.834858,,1736412788
move,296,243,321.3287366888838,,1736412819.83797,,1736412788
move,296,244,116.18570637119113,,1736412819.847083,,1736412788
move,296,245,323.95952730362245,,1736412819.8508742,,1736412788
move,296,246,142.07865587209105,,1736412819.85709,,1736412788
move,295,246,91.94405717041519,,1736412819.8675783,,1736412788
move,295,247,623.8738658337052,,1736412819.8691812,,1736412788
move,295,249,327.5520499804764,,1736412819.8769338,,1736412788
move,295,250,75.79017365063876,,1736412819.8884814,,1736412788
move,294,251,289.4048400427265,,1736412819.8950276,,1736412788
move,294,252,21.057857214579776,,1736412819.9408562,,1736412788
move,293,252,210.9704743222172,,1736412819.9455962,,1736412788
move,293,253,160.54752153110047,,1736412819.951825,,1736412788
move,291,253,154.20235294117646,,1736412819.9647949,,1736412788
move,291,254,27.711880756372476,,1736412820.0008805,,1736412788
move,290,254,9.559928704602747,,1736412820.1054838,,1736412788
move,289,254,154.72568983325957,,1736412820.1119468,,1736412788
move,288,254,132.59686393525544,,1736412820.1194885,,1736412788
move,287,254,203.6860916860917,,1736412820.124398,,1736412788
move,286,254,245.0373313080563,,1736412820.128479,,1736412788
move,285,254,158.74887400174103,,1736412820.1347783,,1736412788
move,283,253,1389.0327106485897,,1736412820.136388,,1736412788
move,283,252,129.71806766870787,,1736412820.144097,,1736412788
move,282,252,377.32133861101113,,1736412820.1467474,,1736412788
move,281,251,0,,1736412820.1483502,,1736412788
move,280,250,294.97446921854504,,1736412820.1515417,,1736412788
move,279,248,681.5455898771368,,1736412820.1548226,,1736412788
move,279,247,614.0102474015517,,1736412820.1569602,,1736412788
move,278,246,931.1839248847288,,1736412820.15797,,1736412788
move,278,245,645.8737295965507,,1736412820.1595182,,1736412788
move,277,245,629.8699504430094,,1736412820.1611059,,1736412788
move,277,244,638.8886519421172,,1736412820.162671,,1736412788
move,277,243,0,,1736412820.162671,,1736412788
move,276,243,614.7301773413454,,1736412820.1642978,,1736412788
move,276,242,641.0368332569158,,1736412820.1658578,,1736412788
move,276,240,0,,1736412820.1658578,,1736412788
move,274,240,1272.9298937784522,,1736412820.167429,,1736412788
move,274,239,0,,1736412820.1690407,,1736412788
move,273,238,877.4617753721483,,1736412820.1690407,,1736412788
move,273,237,630.3432521791403,,1736412820.170627,,1736412788
move,272,236,907.8116929163946,,1736412820.172185,,1736412788
move,271,235,910.0401352432835,,1736412820.173739,,1736412788
move,271,234,656.180225281602,,1736412820.175263,,1736412788
move,271,233,939.7947568899843,,1736412820.176327,,1736412788
move,270,231,1469.7929575770693,,1736412820.1778483,,1736412788
move,269,230,896.2891510298765,,1736412820.1794262,,1736412788
move,269,229,0,,1736412820.1809988,,1736412788
move,269,228,635.8859915100061,,1736412820.1809988,,1736412788
move,268,227,910.0401352432835,,1736412820.1825528,,1736412788
move,268,226,313.00776119402985,,1736412820.1857476,,1736412788
move,266,225,2215.1036519365325,,1736412820.186757,,1736412788
move,266,223,0,,1736412820.186757,,1736412788
move,265,223,523.829649057075,,1736412820.188666,,1736412788
move,265,222,0,,1736412820.188666,,1736412788
move,265,221,639.0833460307786,,1736412820.1902308,,1736412788
move,264,220,906.0091036376542,,1736412820.1917918,,1736412788
move,263,219,899.4149509500717,,1736412820.1933641,,1736412788
move,262,218,0,,1736412820.1949139,,1736412788
move,262,217,384.0937728937729,,1736412820.197027,,1736412788
move,262,215,1888.0504163853252,,1736412820.197027,,1736412788
move,262,214,642.4113953132179,,1736412820.1985836,,1736412788
move,259,214,5732.533940774488,,1736412820.200115,,1736412788
move,259,213,658.2397991211551,,1736412820.2006261,,1736412788
move,259,212,992.734674556213,,1736412820.2016335,,1736412788
move,259,211,0,,1736412820.2016335,,1736412788
move,258,211,645.2775384615385,,1736412820.2031832,,1736412788
move,257,210,904.2136587676406,,1736412820.2047472,,1736412788
move,257,209,0,,1736412820.2047472,,1736412788
move,256,209,633.1024905660378,,1736412820.2063267,,1736412788
move,256,208,989.4560037744751,,1736412820.20785,,1736412788
move,255,206,4362.208773162455,,1736412820.2088602,,1736412788
move,255,205,989.9230587679962,,1736412820.2088602,,1736412788
move,254,204,896.0183688090215,,1736412820.2104385,,1736412788
move,253,204,0,,1736412820.2119586,,1736412788
move,253,203,657.8268506900878,,1736412820.2119586,,1736412788
move,251,202,1436.6955977786886,,1736412820.213515,,1736412788
move,250,202,0,,1736412820.213515,,1736412788
move,250,201,453.2912568896574,,1736412820.2157211,,1736412788
move,250,200,1918.711802378774,,1736412820.2162423,,1736412788
move,249,197,2017.2705458790683,,1736412820.21781,,1736412788
move,248,197,0,,1736412820.21781,,1736412788
move,247,196,909.6214693322685,,1736412820.2193646,,1736412788
move,246,196,0,,1736412820.2209296,,1736412788
move,245,195,903.6626449597384,,1736412820.2209296,,1736412788
move,245,194,640.5473427000611,,1736412820.2224908,,1736412788
move,243,192,2755.05880237609,,1736412820.224037,,1736412788
move,242,192,1924.8756310234053,,1736412820.224037,,1736412788
move,242,191,655.36,,1736412820.2255628,,1736412788
move,241,191,0,,1736412820.2271464,,1736412788
move,240,189,1412.03686574816,,1736412820.2281551,,1736412788
move,239,188,590.5656711982997,,1736412820.229541,,1736412788
move,238,187,0,,1736412820.229541,,1736412788
move,235,185,1136.1113467721216,,1736412820.2327147,,1736412788
move,235,184,0,,1736412820.2327147,,1736412788
move,234,184,635.4043326768672,,1736412820.2342885,,1736412788
move,233,183,931.3301305567157,,1736412820.235807,,1736412788
move,233,182,0,,1736412820.235807,,1736412788
move,232,182,636.3683811257775,,1736412820.2373784,,1736412788
move,231,181,1315.8033721197255,,1736412820.2384531,,1736412788
move,229,178,1709.367936801595,,1736412820.2405624,,1736412788
move,228,178,1968.2327545753167,,1736412820.2410705,,1736412788
move,228,177,637.916958174905,,1736412820.242638,,1736412788
move,227,177,0,,1736412820.2438374,,1736412788
move,227,176,833.8576540755467,,1736412820.2438374,,1736412788
move,226,175,904.6273603043652,,1736412820.2459176,,1736412788
move,225,174,694.4089910460925,,1736412820.2474372,,1736412788
move,224,174,994.1464802085802,,1736412820.2489948,,1736412788
move,224,173,1812.5773552290407,,1736412820.2489948,,1736412788
move,222,173,1862.4795737122558,,1736412820.2500687,,1736412788
move,222,171,1289.5631053036127,,1736412820.2516196,,1736412788
move,221,171,0,,1736412820.2516196,,1736412788
move,220,170,903.9380678932829,,1736412820.253184,,1736412788
move,219,169,896.2891510298765,,1736412820.254762,,1736412788
move,219,168,641.4289646734975,,1736412820.256321,,1736412788
move,218,168,659.7929841120025,,1736412820.2578366,,1736412788
move,218,167,644.5833717534962,,1736412820.259388,,1736412788
move,217,167,626.9512705530643,,1736412820.260983,,1736412788
move,217,166,0,,1736412820.260983,,1736412788
move,216,166,632.4342581423401,,1736412820.2625642,,1736412788
move,216,165,609.5486121203313,,1736412820.2642047,,1736412788
move,214,165,1279.7266209000763,,1736412820.2657676,,1736412788
move,213,165,0,,1736412820.2657676,,1736412788
move,213,163,0,,1736412820.267335,,1736412788
move,213,162,319.76092094228864,,1736412820.268895,,1736412788
move,212,162,989.6894761680038,,1736412820.2699053,,1736412788
move,211,161,749.4177639312347,,1736412820.2717924,,1736412788
move,210,160,449.4689400254393,,1736412820.2749388,,1736412788
move,209,159,907.3950744249231,,1736412820.2780726,,1736412788
move,209,158,309.8399940902711,,1736412820.2797248,,1736412788
move,208,158,869.6462782500519,,1736412820.2808747,,1736412788
move,208,157,641.6252103411351,,1736412820.2839983,,1736412788
move,207,157,638.9859841560025,,1736412820.2839983,,1736412788
move,205,157,1278.7512195121951,,1736412820.2855623,,1736412788
move,205,156,639.180737580006,,1736412820.2871268,,1736412788
move,204,156,272.76477856538986,,1736412820.290793,,1736412788
move,204,154,3414.16687016687,,1736412820.2913787,,1736412788
move,203,153,453.35077969395616,,1736412820.2944982,,1736412788
move,202,152,320.6119453821806,,1736412820.2989092,,1736412788
move,202,151,173.1895284499133,,1736412820.3046832,,1736412788
move,201,151,0,,1736412820.3046832,,1736412788
move,201,150,214.9051596044474,,1736412820.3109026,,1736412788
move,200,150,233.31501362852535,,1736412820.3136225,,1736412788
move,200,149,161.1953881629516,,1736412820.3198261,,1736412788
move,200,148,112.06027411899863,,1736412820.32875,,1736412788
move,199,148,198.81987106560484,,1736412820.3337796,,1736412788
move,199,146,642.9530160190081,,1736412820.3368902,,1736412788
move,197,146,634.4432007260626,,1736412820.3410509,,1736412788
move,197,145,388.0022201665125,,1736412820.34262,,1736412788
move,197,144,134.32088644078652,,1736412820.3500648,,1736412788
move,196,144,213.36371960524977,,1736412820.3547516,,1736412788
move,196,143,316.81426089583806,,1736412820.357908,,1736412788
move,196,142,112.502118985033,,1736412820.3667967,,1736412788
move,195,142,173.80672965357203,,1736412820.3725502,,1736412788
move,195,141,573.4624008750342,,1736412820.374294,,1736412788
move,195,140,157.75770113213224,,1736412820.3806329,,1736412788
move,195,138,484.6105141536684,,1736412820.38476,,1736412788
move,194,138,211.25737886571974,,1736412820.3894935,,1736412788
move,194,137,159.7525804608646,,1736412820.3957531,,1736412788
move,194,136,160.966496526845,,1736412820.4019656,,1736412788
move,194,135,110.39966308696567,,1736412820.4110236,,1736412788
move,194,134,172.06695109944206,,1736412820.4168353,,1736412788
move,194,133,111.8093460933543,,1736412820.425779,,1736412788
move,194,132,49.82897331717633,,1736412820.4458477,,1736412788
move,194,130,34.46627168366299,,1736412820.5038755,,1736412788
move,194,129,87.88852335351926,,1736412820.5152535,,1736412788
move,194,128,210.40955152001607,,1736412820.5200062,,1736412788
move,194,127,377.28739767923,,1736412820.5226567,,1736412788
move,194,126,215.29124319885022,,1736412820.5288641,,1736412788
move,194,125,639.9609398840403,,1736412820.5288641,,1736412788
move,193,125,331.2513031116727,,1736412820.531883,,1736412788
move,193,124,0,,1736412820.5329437,,1736412788
move,193,123,241.5795415274738,,1736412820.5360224,,1736412788
move,193,121,1276.9992388491398,,1736412820.5375886,,1736412788
move,192,121,633.1980676328502,,1736412820.539168,,1736412788
move,192,120,637.1417286951238,,1736412820.5407374,,1736412788
move,192,119,671.7335041639974,,1736412820.543287,,1736412788
move,191,118,643.345076086304,,1736412820.5449784,,1736412788
move,191,117,364.3419041000695,,1736412820.547169,,1736412788
move,189,117,1278.1666920615571,,1736412820.5487337,,1736412788
move,189,116,639.8633104500382,,1736412820.5502965,,1736412788
move,188,115,898.7335759872307,,1736412820.5529668,,1736412788
move,188,113,1212.0514376535182,,1736412820.554079,,1736412788
move,187,112,476.8200644305243,,1736412820.5564861,,1736412788
move,187,111,636.0788595693055,,1736412820.5580583,,1736412788
move,186,111,638.9859841560025,,1736412820.5596232,,1736412788
move,186,110,0,,1736412820.5596232,,1736412788
move,185,110,316.4079662039831,,1736412820.5627837,,1736412788
move,185,109,0,,1736412820.5627837,,1736412788
move,184,109,358.365003417635,,1736412820.5655742,,1736412788
move,184,108,641.7233782129742,,1736412820.5671325,,1736412788
move,184,107,719.3112673640885,,1736412820.5685227,,1736412788
move,183,107,435.31956408925794,,1736412820.5708199,,1736412788
move,183,105,1285.4134232301562,,1736412820.5723758,,1736412788
move,181,104,1029.5004239625991,,1736412820.5751052,,1736412788
move,180,103,646.994066482954,,1736412820.5767336,,1736412788
move,180,102,319.00699726194097,,1736412820.5798683,,1736412788
move,179,101,898.4613149826905,,1736412820.5829992,,1736412788
move,178,101,320.56741057780494,,1736412820.5845618,,1736412788
move,178,100,990.3905548996458,,1736412820.5860767,,1736412788
move,177,99,685.8181988109287,,1736412820.5876336,,1736412788
move,176,97,469.14855996694905,,1736412820.5923998,,1736412788
move,176,96,378.44482540828295,,1736412820.5950422,,1736412788
move,175,96,654.2355326782093,,1736412820.5965707,,1736412788
move,174,95,904.3515172306331,,1736412820.5981345,,1736412788
move,174,94,616.5374099661914,,1736412820.5997565,,1736412788
move,172,94,1283.4467564259485,,1736412820.602879,,1736412788
move,172,93,639.2781588172535,,1736412820.602879,,1736412788
move,171,93,379.3347200868228,,1736412820.6055152,,1736412788
move,171,92,974.286643437863,,1736412820.6065416,,1736412788
move,170,92,0,,1736412820.6083176,,1736412788
move,170,91,563.0694052893006,,1736412820.6083176,,1736412788
move,170,90,631.1969902182092,,1736412820.609902,,1736412788
move,169,90,635.4043326768672,,1736412820.6119976,,1736412788
move,169,88,1302.7811772014288,,1736412820.613011,,1736412788
move,168,88,530.5887413029728,,1736412820.6148956,,1736412788
move,168,87,990.3905548996458,,1736412820.6159053,,1736412788
move,167,86,1052.2692214858475,,1736412820.6172493,,1736412788
move,167,85,638.5968331303288,,1736412820.6188152,,1736412788
move,166,85,639.5706007929247,,1736412820.6203787,,1736412788
move,166,84,0,,1736412820.621953,,1736412788
move,164,84,629.3973589435774,,1736412820.6235564,,1736412788
move,163,83,572.9947451232345,,1736412820.6260245,,1736412788
move,163,82,659.3780852067285,,1736412820.6291099,,1736412788
move,162,82,637.4322188449848,,1736412820.6291099,,1736412788
move,162,80,1280.3125763125763,,1736412820.630672,,1736412788
move,161,79,300.7626813465025,,1736412820.635374,,1736412788
move,161,78,375.1613595706619,,1736412820.6390483,,1736412788
move,160,77,504.005574094292,,1736412820.6408455,,1736412788
move,160,76,319.2741112887265,,1736412820.6439776,,1736412788
move,159,76,646.7700848111025,,1736412820.6455238,,1736412788
move,159,75,362.79768186143065,,1736412820.6482801,,1736412788
move,158,75,643.1008892977615,,1736412820.649835,,1736412788
move,156,74,711.0499516527126,,1736412820.6529799,,1736412788
move,156,72,419.4304,,1736412820.6577482,,1736412788
click_press,156,72,,Button.left,1736412820.9058378,,1736412788
click_release,156,72,,Button.left,1736412820.9657316,,1736412788
move,156,73,3.078017765201106,,1736412820.9826326,,1736412788
move,157,73,14.733968222742904,,1736412821.050503,,1736412788
move,157,74,0,,1736412821.0521033,,1736412788
move,158,74,237.73190500481778,,1736412821.0547094,,1736412788
move,159,75,447.3334541112913,,1736412821.0578709,,1736412788
move,160,75,624.3381958916344,,1736412821.0594726,,1736412788
move,160,76,312.7277065314644,,1736412821.0626702,,1736412788
move,161,76,871.9966735966736,,1736412821.0648253,,1736412788
move,162,77,459.1764670626817,,1736412821.066897,,1736412788
move,163,77,630.532772098617,,1736412821.0700467,,1736412788
move,165,79,1808.7030344612663,,1736412821.0716178,,1736412788
move,166,79,319.34703822141006,,1736412821.073178,,1736412788
move,167,81,2210.405105420523,,1736412821.0741897,,1736412788
move,168,81,662.7119608152947,,1736412821.0756986,,1736412788
move,169,82,856.4310715442856,,1736412821.07735,,1736412788
move,170,83,881.5041761800746,,1736412821.0789542,,1736412788
move,171,83,635.7896013339397,,1736412821.080527,,1736412788
move,171,84,768.4690362770245,,1736412821.0818284,,1736412788
move,173,84,0,,1736412821.0833917,,1736412788
move,174,86,829.8309026985736,,1736412821.084523,,1736412788
move,175,86,0,,1736412821.0861025,,1736412788
move,176,88,1415.6602056300796,,1736412821.0861025,,1736412788
move,179,89,2020.343311371649,,1736412821.089232,,1736412788
move,180,92,1010.8645559907686,,1736412821.090796,,1736412788
move,181,93,354.59359167358457,,1736412821.0947843,,1736412788
move,185,95,2951.612545176799,,1736412821.0962994,,1736412788
move,186,96,864.9229515187697,,1736412821.0979345,,1736412788
move,187,99,2004.4663501820878,,1736412821.099512,,1736412788
move,188,100,1260.710223488995,,1736412821.1006339,,1736412788
move,191,101,0,,1736412821.102205,,1736412788
move,192,102,900.0973598658153,,1736412821.102205,,1736412788
move,192,103,632.2435936086825,,1736412821.1037867,,1736412788
move,194,105,2329.331082472304,,1736412821.105001,,1736412788
move,194,106,0,,1736412821.1065211,,1736412788
move,196,107,827.5610043500643,,1736412821.107703,,1736412788
move,197,108,0,,1736412821.107703,,1736412788
move,199,109,1376.394021470396,,1736412821.1093276,,1736412788
move,199,110,0,,1736412821.1108937,,1736412788
move,200,112,1427.7285526410835,,1736412821.1108937,,1736412788
move,201,113,1088.3746057827013,,1736412821.112193,,1736412788
move,203,114,0,,1736412821.112193,,1736412788
move,204,115,907.5339047606675,,1736412821.1137514,,1736412788
move,205,116,0,,1736412821.1137514,,1736412788
move,206,119,2005.3755426602472,,1736412821.1153283,,1736412788
move,207,119,657.2083986211219,,1736412821.11685,,1736412788
move,208,121,0,,1736412821.11685,,1736412788
move,210,122,1426.6426623515788,,1736412821.1184173,,1736412788
move,212,124,1800.1947197316306,,1736412821.1199884,,1736412788
move,212,125,0,,1736412821.121563,,1736412788
move,213,127,1420.1618507418652,,1736412821.121563,,1736412788
move,217,131,2653.088047194777,,1736412821.1236951,,1736412788
move,218,132,649.9004712956856,,1736412821.1258712,,1736412788
move,221,134,0,,1736412821.1258712,,1736412788
move,222,136,1463.371643360786,,1736412821.1289713,,1736412788
move,224,139,2293.414943415789,,1736412821.1289713,,1736412788
move,226,141,1796.922629965381,,1736412821.1305454,,1736412788
move,227,142,902.8373822702774,,1736412821.1321118,,1736412788
move,228,143,0,,1736412821.1321118,,1736412788
move,229,144,899.2785933165134,,1736412821.1336844,,1736412788
move,230,147,2617.1179635270078,,1736412821.1348927,,1736412788
move,233,148,0,,1736412821.1348927,,1736412788
move,233,151,1160.7852398523985,,1736412821.1374772,,1736412788
move,236,152,6250.496625426425,,1736412821.137983,,1736412788
move,238,156,2852.4175371956444,,1736412821.139551,,1736412788
move,238,157,616.7187178356124,,1736412821.1411724,,1736412788
move,240,158,1420.3769290170042,,1736412821.1427467,,1736412788
move,242,162,0,,1736412821.144301,,1736412788
move,243,164,1438.679070762276,,1736412821.144301,,1736412788
move,246,168,1906.5018181818182,,1736412821.1469235,,1736412788
move,247,169,929.1418548740166,,1736412821.1484456,,1736412788
move,248,173,3516.380320852106,,1736412821.1496181,,1736412788
move,249,174,901.8764788681348,,1736412821.1511862,,1736412788
move,250,176,0,,1736412821.152743,,1736412788
move,250,178,1284.6260336906585,,1736412821.152743,,1736412788
move,251,179,0,,1736412821.152743,,1736412788
move,253,181,1811.464834788738,,1736412821.1543045,,1736412788
move,253,184,0,,1736412821.1558905,,1736412788
move,254,184,630.532772098617,,1736412821.1558905,,1736412788
move,255,186,1395.0243733897485,,1736412821.1580195,,1736412788
move,256,187,2687.649117134446,,1736412821.159038,,1736412788
move,256,189,1963.625468164794,,1736412821.159038,,1736412788
move,257,191,1414.1659925059225,,1736412821.1606193,,1736412788
move,257,194,0,,1736412821.1606193,,1736412788
move,259,195,1411.611809497182,,1736412821.1622033,,1736412788
move,260,196,892.6473440956693,,1736412821.1637876,,1736412788
move,260,198,0,,1736412821.1637876,,1736412788
move,260,199,634.8273043741486,,1736412821.1653628,,1736412788
move,261,202,0,,1736412821.1669402,,1736412788
move,261,203,633.9637243047158,,1736412821.1669402,,1736412788
move,262,206,2652.180331764622,,1736412821.1681325,,1736412788
move,262,207,861.607230895645,,1736412821.1692932,,1736412788
move,263,208,0,,1736412821.170868,,1736412788
move,263,210,1270.039061317184,,1736412821.170868,,1736412788
move,263,211,582.4613248159977,,1736412821.1725848,,1736412788
move,265,214,0,,1736412821.1738605,,1736412788
move,265,215,783.8355447579892,,1736412821.1738605,,1736412788
move,266,216,899.0060020484575,,1736412821.1754336,,1736412788
move,266,217,0,,1736412821.1754336,,1736412788
move,267,220,2003.2553751933053,,1736412821.1770122,,1736412788
move,267,221,585.9603241128807,,1736412821.1787188,,1736412788
move,267,222,1646.116169544741,,1736412821.1793263,,1736412788
move,268,223,0,,1736412821.1809042,,1736412788
move,268,224,473.237504231073,,1736412821.1814394,,1736412788
move,268,227,2975.3870891463703,,1736412821.1824477,,1736412788
move,269,228,1103.7665801108526,,1736412821.183729,,1736412788
move,269,229,0,,1736412821.183729,,1736412788
move,270,230,897.2381790221937,,1736412821.185305,,1736412788
move,270,231,631.9578122645773,,1736412821.1868875,,1736412788
move,270,234,0,,1736412821.1868875,,1736412788
move,272,235,1326.9310784237803,,1736412821.1885726,,1736412788
move,272,236,793.3240022697182,,1736412821.1898332,,1736412788
move,273,239,5027.882425759998,,1736412821.1909688,,1736412788
move,273,240,468.6896859984356,,1736412821.1925957,,1736412788
move,274,241,0,,1736412821.1925957,,1736412788
move,275,242,0,,1736412821.1925957,,1736412788
move,275,244,1241.4692911055201,,1736412821.1942067,,1736412788
move,276,246,1394.8169039707434,,1736412821.1958098,,1736412788
move,276,248,0,,1736412821.1958098,,1736412788
move,277,249,926.2401001742228,,1736412821.1973367,,1736412788
move,279,250,1412.4621780571201,,1736412821.1989198,,1736412788
move,279,253,5027.132241310427,,1736412821.1995165,,1736412788
move,279,256,1360.7561371255542,,1736412821.2017212,,1736412788
move,280,257,878.2412794663492,,1736412821.2033315,,1736412788
move,280,260,0,,1736412821.2033315,,1736412788
move,281,261,875.2606760389143,,1736412821.2049472,,1736412788
move,281,262,838.6930613877224,,1736412821.2061396,,1736412788
move,282,265,0,,1736412821.2061396,,1736412788
move,282,266,658.6532663316583,,1736412821.2076578,,1736412788
move,283,268,0,,1736412821.2076578,,1736412788
move,283,269,464.2284449363586,,1736412821.209812,,1736412788
move,284,270,2442.0097165564935,,1736412821.210391,,1736412788
move,284,273,2678.3550446998725,,1736412821.2120352,,1736412788
move,284,274,1908.2365787079164,,1736412821.2120352,,1736412788
move,286,275,2217.1983126003024,,1736412821.2130437,,1736412788
move,287,276,881.6351964202917,,1736412821.2146478,,1736412788
move,287,277,920.81317233809,,1736412821.2157338,,1736412788
move,288,280,1009.8640048085027,,1736412821.2188652,,1736412788
move,289,283,6235.803403457863,,1736412821.2193723,,1736412788
move,289,286,2934.4477611940297,,1736412821.2203946,,1736412788
move,290,288,1374.3770314037629,,1736412821.2220216,,1736412788
move,290,290,1309.696799375488,,1736412821.2235487,,1736412788
move,292,291,0,,1736412821.2235487,,1736412788
move,292,292,633.29367356183,,1736412821.2251277,,1736412788
move,293,293,901.7393739002315,,1736412821.226696,,1736412788
move,293,294,0,,1736412821.226696,,1736412788
move,294,295,908.5069078749766,,1736412821.2282526,,1736412788
move,294,296,655.0529439325317,,1736412821.2297792,,1736412788
move,294,298,0,,1736412821.2308521,,1736412788
move,295,299,1318.142578114605,,1736412821.2308521,,1736412788
move,295,300,713.8025867937372,,1736412821.232253,,1736412788
move,296,300,633.580664652568,,1736412821.2338314,,1736412788
move,296,302,0,,1736412821.2338314,,1736412788
move,297,303,432.05197767613976,,1736412821.2371047,,1736412788
move,297,304,0,,1736412821.2371047,,1736412788
move,297,306,1233.2561011467214,,1736412821.2387264,,1736412788
move,297,307,988.0574793875147,,1736412821.2397385,,1736412788
move,298,307,1977.5124941065535,,1736412821.2402442,,1736412788
move,298,308,897.9456219225005,,1736412821.2413578,,1736412788
move,299,309,0,,1736412821.242973,,1736412788
move,299,310,619.0854612546126,,1736412821.242973,,1736412788
move,301,310,1242.5726559028292,,1736412821.2445827,,1736412788
move,301,311,0,,1736412821.2445827,,1736412788
move,301,312,321.9453484801965,,1736412821.2476888,,1736412788
move,301,314,983.4241500586166,,1736412821.2497225,,1736412788
move,302,315,1371.4778269400515,,1736412821.2507536,,1736412788
move,303,315,486.1833777674742,,1736412821.2528105,,1736412788
move,303,317,1945.861285084667,,1736412821.2548456,,1736412788
move,303,318,178.9073536939089,,1736412821.2599418,,1736412788
move,304,318,973.1563805104408,,1736412821.2609718,,1736412788
move,304,319,1936.4284395198522,,1736412821.2609718,,1736412788
move,304,321,355.11844890356446,,1736412821.2666037,,1736412788
move,304,322,218.23736926999322,,1736412821.2711859,,1736412788
move,305,322,657.1054363152123,,1736412821.2727077,,1736412788
move,305,323,243.24676680392042,,1736412821.2768188,,1736412788
move,305,324,128.49015102778543,,1736412821.2846014,,1736412788
move,305,325,127.79330306815758,,1736412821.2929325,,1736412788
move,305,326,89.18358494577929,,1736412821.3036394,,1736412788
move,306,326,158.6708027540289,,1736412821.3099418,,1736412788
move,306,326,0.0,,1736412821.4091794,,1736412788
move,306,325,311.6587903105959,,1736412821.413977,,1736412788
move,306,324,241.12124173613108,,1736412821.4170403,,1736412788
move,306,323,264.75849008963513,,1736412821.4203124,,1736412788
move,306,322,424.61064992913543,,1736412821.4226675,,1736412788
move,306,320,631.5771721126337,,1736412821.4268823,,1736412788
move,306,319,253.67751300350793,,1736412821.4297762,,1736412788
move,306,318,634.9234029669997,,1736412821.4313512,,1736412788
move,306,318,0.0,,1736412821.434626,,1736412788
move,306,317,632.2435936086825,,1736412821.4362078,,1736412788
move,306,316,218.89796983455977,,1736412821.440776,,1736412788
move,306,315,314.5334833145857,,1736412821.4439554,,1736412788
move,305,315,639.8633104500382,,1736412821.4455183,,1736412788
move,305,314,238.88278847249117,,1736412821.4497044,,1736412788
move,305,312,182.46020663404025,,1736412821.4606657,,1736412788
move,304,312,155.6097054240558,,1736412821.467092,,1736412788
move,304,311,90.89991764552902,,1736412821.4780931,,1736412788
move,304,310,85.69247742410003,,1736412821.4897628,,1736412788
move,303,310,124.50808917386529,,1736412821.4977944,,1736412788
move,303,309,618.9940968122786,,1736412821.5010607,,1736412788
move,303,308,107.06856588553633,,1736412821.5087497,,1736412788
move,302,308,640.8409472880061,,1736412821.5103102,,1736412788
move,302,307,0,,1736412821.5103102,,1736412788
move,302,306,184.06565146794225,,1736412821.515743,,1736412788
move,300,306,616.0846063454759,,1736412821.5189893,,1736412788
move,300,304,1283.2504206822703,,1736412821.5205479,,1736412788
move,299,303,340.3121974478326,,1736412821.5247035,,1736412788
move,299,302,210.58914495154892,,1736412821.529452,,1736412788
move,299,301,314.32134292565945,,1736412821.5326335,,1736412788
move,299,300,352.13701620350935,,1736412821.5354733,,1736412788
move,298,300,612.9335086950168,,1736412821.5371048,,1736412788
move,298,299,640.0585991149092,,1736412821.5386672,,1736412788
move,298,298,378.9577159378388,,1736412821.541306,,1736412788
move,297,298,644.4843269821757,,1736412821.5438635,,1736412788
move,297,297,391.5153551759544,,1736412821.5454118,,1736412788
move,297,295,1288.1769041769041,,1736412821.5469644,,1736412788
move,296,294,452.141291372492,,1736412821.5500922,,1736412788
move,296,293,628.266027561414,,1736412821.551684,,1736412788
move,296,292,243.98254900820197,,1736412821.5557826,,1736412788
move,296,291,639.180737580006,,1736412821.557347,,1736412788
move,295,290,451.8657424785345,,1736412821.5604768,,1736412788
move,295,289,241.6491329146742,,1736412821.564615,,1736412788
move,295,287,891.7410439034761,,1736412821.5668578,,1736412788
move,295,286,315.6935119674846,,1736412821.5700254,,1736412788
move,294,286,644.7815526518064,,1736412821.5715764,,1736412788
move,294,285,328.14144891253324,,1736412821.5746238,,1736412788
move,294,284,314.1565425810801,,1736412821.577807,,1736412788
move,294,283,213.52665071526752,,1736412821.5824902,,1736412788
move,294,282,136.11683001233206,,1736412821.5898368,,1736412788
move,294,281,163.712099921936,,1736412821.5959451,,1736412788
move,294,279,149.98673317956695,,1736412821.6109226,,1736412788
move,294,278,98.5990267754296,,1736412821.621013,,1736412788
move,294,277,29.71206743881274,,1736412821.653078,,1736412788
move,294,276,31.837741005009867,,1736412821.6844873,,1736412788
move,294,275,114.6141276130619,,1736412821.6932123,,1736412788
move,294,274,160.71361790175493,,1736412821.6994345,,1736412788
move,294,273,155.5462265900241,,1736412821.7058635,,1736412788
move,294,271,419.70320708460497,,1736412821.7106287,,1736412788
move,294,270,155.48856348470807,,1736412821.71706,,1736412788
move,294,269,117.52371879290537,,1736412821.725569,,1736412788
move,294,268,79.97376349006598,,1736412821.738073,,1736412788
move,294,267,53.15705160701612,,1736412821.7568853,,1736412788
move,294,266,33.401320347526934,,1736412821.7868242,,1736412788
move,294,265,47.254438936457866,,1736412821.8089943,,1736412788
click_press,294,265,,Button.left,1736412821.8146544,,1736412788
click_release,294,265,,Button.left,1736412821.8726592,,1736412788
move,294,265,0.0,,1736412821.876881,,1736412788
move,294,265,0.0,,1736412821.9418736,,1736412788
click_press,294,265,,Button.left,1736412821.9606662,,1736412788
move,294,265,0.0,,1736412821.9778733,,1736412788
move,294,265,0.0,,1736412822.024485,,1736412788
click_release,294,265,,Button.left,1736412822.0254948,,1736412788
move,295,265,92.2676756566501,,1736412822.0353231,,1736412788
move,295,266,18.074533733236805,,1736412822.0906496,,1736412788
move,295,267,35.77262066200991,,1736412822.118604,,1736412788
move,295,268,48.16499391378241,,1736412822.139366,,1736412788
move,295,268,0.0,,1736412822.143614,,1736412788
move,294,268,55.28350182551503,,1736412822.1617026,,1736412788
move,293,268,210.843211179812,,1736412822.1664455,,1736412788
move,291,268,305.6293219659708,,1736412822.1729894,,1736412788
move,290,269,512.320055408164,,1736412822.1757498,,1736412788
move,289,269,304.8186046511628,,1736412822.1800442,,1736412788
move,288,269,655.2576159975004,,1736412822.1821404,,1736412788
move,287,269,315.4086328771244,,1736412822.183727,,1736412788
move,287,270,307.50029325513196,,1736412822.1881258,,1736412788
move,286,270,871.9966735966736,,1736412822.1881258,,1736412788
move,285,272,722.7765769342847,,1736412822.1912196,,1736412788
move,283,272,1265.4409413184492,,1736412822.1928,,1736412788
move,282,273,0,,1736412822.1928,,1736412788
move,285,273,1066.6196490633213,,1736412822.1956127,,1736412788
move,274,273,0,,1736412822.1971858,,1736412788
move,274,274,312.7277065314644,,1736412822.1988103,,1736412788
move,274,275,349.8168473728107,,1736412822.201669,,1736412788
move,273,275,626.8575698699746,,1736412822.2032642,,1736412788
move,272,275,927.5329500221142,,1736412822.2043424,,1736412788
move,272,276,0,,1736412822.2043424,,1736412788
move,272,277,642.3130168453292,,1736412822.2058992,,1736412788
move,270,277,1256.532055122828,,1736412822.2090688,,1736412788
move,270,278,633.7721365971593,,1736412822.2090688,,1736412788
move,270,280,771.7920691875978,,1736412822.2116601,,1736412788
move,269,280,1967.3095684803002,,1736412822.2121685,,1736412788
move,264,282,3419.1671648839656,,1736412822.2137434,,1736412788
move,264,284,1284.8227906264358,,1736412822.2153,,1736412788
move,264,285,346.7799917321207,,1736412822.2181838,,1736412788
move,264,285,0.0,,1736412822.219731,,1736412788
move,264,287,0,,1736412822.219731,,1736412788
move,264,287,0.0,,1736412822.221341,,1736412788
move,264,289,1977.9787785899553,,1736412822.2228584,,1736412788
move,264,289,0.0,,1736412822.3489535,,1736412788
move,264,287,936.7513121161362,,1736412822.3510885,,1736412788
move,264,286,640.9388753056235,,1736412822.3526487,,1736412788
move,264,285,973.8342233573253,,1736412822.3536756,,1736412788
move,264,284,858.7846027846028,,1736412822.35484,,1736412788
move,264,282,1215.7402898550724,,1736412822.3564851,,1736412788
move,264,279,1868.841823852666,,1736412822.3580904,,1736412788
move,264,277,1222.2946233425616,,1736412822.3609765,,1736412788
move,264,273,2266.8850155384407,,1736412822.3614912,,1736412788
move,264,272,909.8273318872017,,1736412822.3625903,,1736412788
move,262,271,0,,1736412822.3641882,,1736412788
move,262,270,625.8287078484035,,1736412822.3641882,,1736412788
move,262,268,1273.3163327261689,,1736412822.365759,,1736412788
move,262,266,0,,1736412822.365759,,1736412788
move,261,263,2019.4204992623136,,1736412822.3688955,,1736412788
move,260,262,900.3706134662602,,1736412822.3688955,,1736412788
move,260,261,640.9388753056235,,1736412822.3704557,,1736412788
move,259,259,1682.2867914438168,,1736412822.371785,,1736412788
move,259,257,0,,1736412822.371785,,1736412788
move,258,256,904.7653449535879,,1736412822.373348,,1736412788
move,256,254,1758.826271761519,,1736412822.3749561,,1736412788
move,256,253,0,,1736412822.37616,,1736412788
move,255,251,1857.5458233906274,,1736412822.37616,,1736412788
move,255,250,642.5098039215686,,1736412822.3777163,,1736412788
move,254,249,0,,1736412822.3777163,,1736412788
move,253,247,1434.498143514726,,1736412822.379275,,1736412788
move,252,246,903.5249964228061,,1736412822.3808403,,1736412788
move,250,244,2801.247509570589,,1736412822.38185,,1736412788
move,250,243,0,,1736412822.38185,,1736412788
move,249,242,888.7685947731079,,1736412822.3834412,,1736412788
move,248,241,0,,1736412822.3850005,,1736412788
move,247,238,2028.0663362622133,,1736412822.3850005,,1736412788
move,246,237,897.2381790221937,,1736412822.3865767,,1736412788
move,245,236,0,,1736412822.3865767,,1736412788
move,244,235,904.0758423282613,,1736412822.388141,,1736412788
move,242,234,1430.5596190206343,,1736412822.389704,,1736412788
move,241,233,0,,1736412822.389704,,1736412788
move,240,232,867.4527056910972,,1736412822.3913343,,1736412788
move,240,231,988.0574793875147,,1736412822.3923464,,1736412788
move,238,229,2057.097833020885,,1736412822.3937213,,1736412788
move,236,228,0,,1736412822.395061,,1736412788
move,235,227,1055.640078575498,,1736412822.395061,,1736412788
move,234,226,1305.9536771280764,,1736412822.396144,,1736412788
move,233,225,909.9005371246698,,1736412822.3976982,,1736412788
move,233,224,0,,1736412822.3976982,,1736412788
move,231,221,2282.3389883615623,,1736412822.399278,,1736412788
move,228,218,2723.8519523262153,,1736412822.4008355,,1736412788
move,227,217,676.8962229277328,,1736412822.4039314,,1736412788
move,225,216,2221.3995410467264,,1736412822.4039314,,1736412788
move,224,215,916.7915921971751,,1736412822.405474,,1736412788
move,223,214,0,,1736412822.405474,,1736412788
move,222,212,1406.5310231402636,,1736412822.4070637,,1736412788
move,221,211,903.3873898135429,,1736412822.4086292,,1736412788
move,220,210,1319.608810125856,,1736412822.4097009,,1736412788
move,219,209,0,,1736412822.4097009,,1736412788
move,217,209,960.3443617630223,,1736412822.4117835,,1736412788
move,217,208,995.0899169632265,,1736412822.4127884,,1736412788
move,216,205,0,,1736412822.4127884,,1736412788
move,215,205,631.5771721126337,,1736412822.4143717,,1736412788
move,214,204,0,,1736412822.4159372,,1736412788
move,213,203,903.3873898135429,,1736412822.4159372,,1736412788
move,213,202,703.5062059711506,,1736412822.4173586,,1736412788
move,212,201,913.1221677210164,,1736412822.4189074,,1736412788
move,210,201,0,,1736412822.4189074,,1736412788
move,210,200,639.6681409181028,,1736412822.4204707,,1736412788
move,209,199,0,,1736412822.4204707,,1736412788
move,208,197,996.9967962473986,,1736412822.423231,,1736412788
move,208,196,1932.8589861751152,,1736412822.423231,,1736412788
move,207,196,658.1365134159737,,1736412822.4247503,,1736412788
move,206,195,0,,1736412822.4247503,,1736412788
move,206,194,636.2718446601941,,1736412822.426322,,1736412788
move,205,194,0,,1736412822.4278922,,1736412788
move,205,193,636.8515031885819,,1736412822.4278922,,1736412788
move,204,192,892.1103326087716,,1736412822.4294775,,1736412788
move,204,191,635.5969086225185,,1736412822.4310508,,1736412788
move,203,191,639.8633104500382,,1736412822.4326136,,1736412788
move,203,190,989.9230587679962,,1736412822.4336238,,1736412788
move,201,190,0,,1736412822.435211,,1736412788
move,201,188,1260.1183716388764,,1736412822.435211,,1736412788
move,201,187,427.68471499949015,,1736412822.437549,,1736412788
move,200,186,0,,1736412822.4391642,,1736412788
move,199,185,443.222117725153,,1736412822.4407399,,1736412788
move,199,184,632.148304446119,,1736412822.4438617,,1736412788
move,199,183,321.89593246354565,,1736412822.446994,,1736412788
move,198,182,453.48941907612556,,1736412822.448547,,1736412788
move,198,180,634.8273043741486,,1736412822.4516973,,1736412788
move,198,179,340.7509952067593,,1736412822.454632,,1736412788
move,197,179,991.3268730796502,,1736412822.4556408,,1736412788
move,197,178,634.9234029669997,,1736412822.4572158,,1736412788
move,197,177,236.96632768361582,,1736412822.4614358,,1736412788
move,197,176,323.60959802484376,,1736412822.464526,,1736412788
move,196,175,337.19752154600206,,1736412822.46872,,1736412788
move,196,174,159.40044844753544,,1736412822.4749935,,1736412788
move,196,172,1238.3537053439622,,1736412822.4766085,,1736412788
move,195,171,290.02745949128314,,1736412822.4814847,,1736412788
move,193,170,595.4761182412241,,1736412822.4852397,,1736412788
move,193,169,176.5725351519744,,1736412822.4909031,,1736412788
move,192,168,900.5073024921394,,1736412822.4924736,,1736412788
move,192,167,319.00699726194097,,1736412822.4956083,,1736412788
move,191,167,313.1245987308697,,1736412822.498802,,1736412788
move,191,166,0,,1736412822.498802,,1736412788
move,191,164,1281.6818945760122,,1736412822.501963,,1736412788
move,190,163,448.14457551493825,,1736412822.503518,,1736412788
move,190,162,383.53182150694954,,1736412822.5061255,,1736412788
move,190,161,382.30826725002277,,1736412822.5087411,,1736412788
move,189,161,0,,1736412822.5087411,,1736412788
move,189,160,644.8806888068881,,1736412822.5102918,,1736412788
move,189,159,638.4996194245699,,1736412822.511858,,1736412788
move,188,159,641.0368332569158,,1736412822.513418,,1736412788
move,188,158,637.3353593678772,,1736412822.514987,,1736412788
move,187,157,929.2874199460633,,1736412822.5165088,,1736412788
move,187,155,1209.9535554593972,,1736412822.5181618,,1736412788
move,185,155,1242.5726559028292,,1736412822.5197713,,1736412788
move,185,154,0,,1736412822.5197713,,1736412788
move,185,153,321.30412134211736,,1736412822.5228837,,1736412788
move,184,153,0,,1736412822.5228837,,1736412788
move,183,152,669.8635348973148,,1736412822.5260031,,1736412788
move,183,151,991.7956963821234,,1736412822.5260031,,1736412788
move,182,151,349.75850567044694,,1736412822.5288622,,1736412788
move,182,150,0,,1736412822.5288622,,1736412788
move,181,149,910.7387688493355,,1736412822.530415,,1736412788
move,181,147,1278.7512195121951,,1736412822.531979,,1736412788
move,180,147,632.3389115030906,,1736412822.5335605,,1736412788
move,179,146,0,,1736412822.5335605,,1736412788
move,177,145,712.9959603390055,,1736412822.5366967,,1736412788
move,177,144,989.222641509434,,1736412822.5377076,,1736412788
move,176,144,0,,1736412822.5377076,,1736412788
move,176,143,638.0139945238819,,1736412822.539275,,1736412788
move,175,143,638.7913493755711,,1736412822.5408404,,1736412788
move,174,143,0,,1736412822.5408404,,1736412788
move,174,142,634.4432007260626,,1736412822.5424166,,1736412788
move,173,141,883.0789938239873,,1736412822.544018,,1736412788
move,172,139,1430.1233397833605,,1736412822.5455816,,1736412788
move,171,139,0,,1736412822.5455816,,1736412788
move,169,137,1012.7439988929012,,1736412822.5483744,,1736412788
move,168,137,631.1020162503762,,1736412822.549959,,1736412788
move,168,136,642.0180621460279,,1736412822.5515165,,1736412788
move,167,136,848.8775551507792,,1736412822.5526946,,1736412788
move,167,135,817.2844894777865,,1736412822.5539181,,1736412788
move,166,135,0,,1736412822.5554798,,1736412788
move,166,134,640.3517557251909,,1736412822.5554798,,1736412788
move,165,134,885.2477838750527,,1736412822.5566094,,1736412788
move,165,132,958.5885041709519,,1736412822.5586958,,1736412788
move,164,132,1738.9320066334992,,1736412822.5592709,,1736412788
move,163,131,909.0638469755896,,1736412822.5608265,,1736412788
move,163,130,323.8844787644788,,1736412822.563914,,1736412788
move,161,129,1399.6043668555856,,1736412822.5655117,,1736412788
move,160,129,634.9234029669997,,1736412822.5681152,,1736412788
move,160,128,371.8354609929078,,1736412822.569776,,1736412788
move,159,127,300.199483856254,,1736412822.574487,,1736412788
move,158,127,136.32476354535703,,1736412822.5818224,,1736412788
move,158,126,0,,1736412822.5818224,,1736412788
move,158,124,320.62867408171843,,1736412822.5880601,,1736412788
move,158,123,30.021931457038967,,1736412822.6230085,,1736412788
move,158,122,47.04930059340191,,1736412822.6426234,,1736412788
move,157,122,117.67209067444732,,1736412822.6511216,,1736412788
move,157,121,367.3092214729836,,1736412822.653844,,1736412788
move,157,120,207.95795527790173,,1736412822.6586528,,1736412788
move,157,119,173.9869747376281,,1736412822.6658936,,1736412788
move,157,118,136.16101804960394,,1736412822.6721299,,1736412788
move,157,116,348.0894642931242,,1736412822.6774902,,1736412788
move,157,115,316.31251885369534,,1736412822.6806517,,1736412788
move,157,114,114.48273603188034,,1736412822.6893866,,1736412788
move,157,113,118.95360181508792,,1736412822.6977932,,1736412788
move,157,113,0.0,,1736412822.7008336,,1736412788
move,157,112,0,,1736412822.7008336,,1736412788
move,158,112,316.8621288811664,,1736412822.7039895,,1736412788
move,158,111,213.01696292534282,,1736412822.708684,,1736412788
move,159,111,174.102527914989,,1736412822.7159789,,1736412788
move,159,110,644.6824469720258,,1736412822.7159789,,1736412788
move,160,108,386.6887466932992,,1736412822.7217615,,1736412788
move,160,107,646.0727048675293,,1736412822.7233093,,1736412788
move,162,107,278.58948557005743,,1736412822.7304883,,1736412788
move,162,106,0,,1736412822.732028,,1736412788
move,162,105,193.22356843414568,,1736412822.7356637,,1736412788
move,163,105,221.95607768428852,,1736412822.740169,,1736412788
move,163,104,223.04195692634937,,1736412822.7446525,,1736412788
move,163,103,145.85332266926312,,1736412822.7515087,,1736412788
move,163,102,171.81320661969522,,1736412822.7578955,,1736412788
move,164,102,478.80182648401825,,1736412822.7594175,,1736412788
move,164,101,112.04231334312809,,1736412822.768901,,1736412788
move,164,99,192.15686633833468,,1736412822.778751,,1736412788
move,164,98,177.16921517276336,,1736412822.7860084,,1736412788
move,165,98,168.45947465659893,,1736412822.7903314,,1736412788
move,165,97,624.7101578790587,,1736412822.791932,,1736412788
move,165,96,85.59105379152722,,1736412822.8036156,,1736412788
move,165,95,83.94652149547674,,1736412822.815528,,1736412788
move,165,94,42.11782899030979,,1736412822.8392708,,1736412788
move,165,93,42.83398692810457,,1736412822.8626168,,1736412788
move,165,91,92.2626015991905,,1736412822.884294,,1736412788
click_press,165,91,,Button.left,1736412822.8936708,,1736412788
move,165,90,106.64659665895395,,1736412822.895301,,1736412788
move,166,90,52.46093232104664,,1736412822.9127326,,1736412788
click_release,166,90,,Button.left,1736412822.95303,,1736412788
move,166,90,0.0,,1736412822.9605675,,1736412788
move,166,92,110.29225065081911,,1736412822.978701,,1736412788
move,166,93,21.675765625161496,,1736412823.0248356,,1736412788
move,167,93,39.15592150712298,,1736412823.0503745,,1736412788
move,167,94,66.17291430013884,,1736412823.0670216,,1736412788
move,167,95,319.2255118349951,,1736412823.068619,,1736412788
move,167,96,78.93823164075734,,1736412823.0818722,,1736412788
move,167,97,1709.1703341483292,,1736412823.0818722,,1736412788
move,168,97,657.6205707118219,,1736412823.0833929,,1736412788
move,170,98,693.2329708255805,,1736412823.0866184,,1736412788
move,170,100,0,,1736412823.0881972,,1736412788
move,171,101,443.75264468584743,,1736412823.0898054,,1736412788
move,172,101,639.4730904101235,,1736412823.0913692,,1736412788
move,172,103,1273.3163327261689,,1736412823.0929399,,1736412788
move,173,104,932.941428360447,,1736412823.0944557,,1736412788
move,173,105,0,,1736412823.0960348,,1736412788
move,174,105,633.29367356183,,1736412823.0960348,,1736412788
move,174,106,638.8886519421172,,1736412823.0976,,1736412788
move,175,108,0,,1736412823.0976,,1736412788
move,175,109,638.6940764428201,,1736412823.0991657,,1736412788
move,176,110,0,,1736412823.1009402,,1736412788
move,178,110,852.2409834400081,,1736412823.1015124,,1736412788
move,178,111,1771.2432432432433,,1736412823.102077,,1736412788
move,179,112,903.8003354435049,,1736412823.1036417,,1736412788
move,180,113,2699.882385760456,,1736412823.1041656,,1736412788
move,181,114,1400.9545586952581,,1736412823.105175,,1736412788
move,181,116,0,,1736412823.1071653,,1736412788
move,182,117,710.5464304642696,,1736412823.1071653,,1736412788
move,183,118,1084.395173951686,,1736412823.1084695,,1736412788
move,184,119,0,,1736412823.110034,,1736412788
move,184,120,639.180737580006,,1736412823.1111057,,1736412788
move,185,121,862.7842329477414,,1736412823.1122394,,1736412788
move,187,122,3948.94688938917,,1736412823.1122394,,1736412788
move,188,124,1436.4755494408453,,1736412823.113796,,1736412788
move,189,125,0,,1736412823.113796,,1736412788
move,189,127,1272.3506749582891,,1736412823.115368,,1736412788
move,190,128,877.072541995523,,1736412823.1169803,,1736412788
move,191,129,894.2622646639111,,1736412823.1185617,,1736412788
move,192,131,0,,1736412823.1185617,,1736412788
move,194,133,1765.6322671575301,,1736412823.1201637,,1736412788
move,195,134,0,,1736412823.1201637,,1736412788
move,196,135,901.7393739002315,,1736412823.121732,,1736412788
move,197,136,0,,1736412823.1230783,,1736412788
move,198,139,2348.778792129427,,1736412823.1230783,,1736412788
move,199,140,895.6125021162196,,1736412823.1246574,,1736412788
move,199,141,989.222641509434,,1736412823.1261754,,1736412788
move,200,142,2788.736060891266,,1736412823.1261754,,1736412788
move,202,145,2283.0281003749565,,1736412823.1277547,,1736412788
move,203,146,0,,1736412823.1277547,,1736412788
move,204,147,904.6273603043652,,1736412823.129318,,1736412788
move,205,150,2009.9339050090734,,1736412823.1308913,,1736412788
move,206,151,0,,1736412823.1319964,,1736412788
move,208,152,2023.462537712897,,1736412823.1319964,,1736412788
move,209,154,1424.6922166640252,,1736412823.133566,,1736412788
move,210,156,0,,1736412823.135135,,1736412788
move,211,158,734.1486389275365,,1736412823.1366117,,1736412788
move,212,159,0,,1736412823.1366117,,1736412788
move,215,163,3211.5650842266464,,1736412823.1381686,,1736412788
move,216,165,1427.9459290955053,,1736412823.1397345,,1736412788
move,218,168,2315.8925171337996,,1736412823.142357,,1736412788
move,219,170,1422.7470968293808,,1736412823.142863,,1736412788
move,221,173,3577.6622041361984,,1736412823.1438708,,1736412788
move,222,176,0,,1736412823.1454437,,1736412788
move,223,177,899.1422770222408,,1736412823.1454437,,1736412788
move,223,178,0,,1736412823.1470077,,1736412788
move,225,180,1808.4273175352812,,1736412823.1470077,,1736412788
move,226,182,1367.363881367441,,1736412823.148643,,1736412788
move,227,184,0,,1736412823.148643,,1736412788
move,228,185,899.2785933165134,,1736412823.1502156,,1736412788
move,229,188,2005.6787901338084,,1736412823.1517923,,1736412788
move,229,190,0,,1736412823.1517923,,1736412788
move,231,190,1293.1413596423617,,1736412823.153339,,1736412788
move,232,193,0,,1736412823.1549637,,1736412788
move,233,194,870.3802790191816,,1736412823.1549637,,1736412788
move,234,196,1408.432026174993,,1736412823.1565514,,1736412788
move,236,199,3569.218347152162,,1736412823.1575615,,1736412788
move,236,200,1958.125116713352,,1736412823.1580722,,1736412788
move,236,201,376.6098590284637,,1736412823.1607275,,1736412788
move,237,203,0,,1736412823.1607275,,1736412788
move,238,206,2004.4663501820878,,1736412823.162305,,1736412788
move,239,208,0,,1736412823.162305,,1736412788
move,239,210,1239.8179130948863,,1736412823.1639183,,1736412788
move,240,211,0,,1736412823.1639183,,1736412788
move,240,212,634.8273043741486,,1736412823.1654935,,1736412788
move,240,215,0,,1736412823.1654935,,1736412788
move,242,217,1795.5627672213477,,1736412823.1670687,,1736412788
move,243,217,660.9366530097699,,1736412823.1685817,,1736412788
move,243,220,0,,1736412823.1685817,,1736412788
move,244,223,2024.043009179746,,1736412823.170144,,1736412788
move,244,224,642.8052107279693,,1736412823.1716998,,1736412788
move,245,225,0,,1736412823.1716998,,1736412788
move,245,227,1261.2551496015637,,1736412823.1732855,,1736412788
move,246,228,927.9789739542745,,1736412823.1748095,,1736412788
move,246,231,2963.4743287800284,,1736412823.1758218,,1736412788
move,248,232,0,,1736412823.1758218,,1736412788
move,248,233,627.2325407507103,,1736412823.177416,,1736412788
move,249,236,3125.2483127132127,,1736412823.178428,,1736412788
move,249,237,783.2500466853407,,1736412823.1797047,,1736412788
move,249,238,0,,1736412823.1797047,,1736412788
move,250,239,867.3258665763594,,1736412823.1813352,,1736412788
move,250,241,0,,1736412823.1829062,,1736412788
move,251,243,1423.394879693319,,1736412823.1829062,,1736412788
move,251,244,638.6940764428201,,1736412823.1844718,,1736412788
move,251,246,0,,1736412823.1860456,,1736412788
move,252,249,2009.324926398254,,1736412823.1860456,,1736412788
move,252,250,387.60779964883096,,1736412823.1886256,,1736412788
move,254,252,5572.23259888748,,1736412823.1891332,,1736412788
move,254,254,1278.1666920615571,,1736412823.190698,,1736412788
move,254,255,0,,1736412823.190698,,1736412788
move,255,257,1349.0720457852817,,1736412823.1923554,,1736412788
move,255,258,0,,1736412823.19393,,1736412788
move,255,260,1270.2313749242883,,1736412823.1949391,,1736412788
move,256,262,880.468349821562,,1736412823.1964695,,1736412788
move,256,264,1276.416311625076,,1736412823.1980364,,1736412788
move,257,264,991.5612293144208,,1736412823.199045,,1736412788
move,257,267,5904.698263725951,,1736412823.199553,,1736412788
move,257,268,0,,1736412823.199553,,1736412788
move,257,269,637.7229740003041,,1736412823.201121,,1736412788
move,258,270,900.0973598658153,,1736412823.2026923,,1736412788
move,258,272,0,,1736412823.2026923,,1736412788
move,259,272,638.5968331303288,,1736412823.2042582,,1736412788
move,259,275,2976.794889992903,,1736412823.205266,,1736412788
move,259,276,641.2328390154411,,1736412823.2068255,,1736412788
move,261,279,2230.1693167502895,,1736412823.2084422,,1736412788
move,261,280,985.9670897978373,,1736412823.209963,,1736412788
move,261,281,1973.7901176470589,,1736412823.2110066,,1736412788
move,261,282,390.16781395348835,,1736412823.212526,,1736412788
move,261,283,0,,1736412823.212526,,1736412788
move,262,284,869.1049965590802,,1736412823.2141533,,1736412788
move,262,285,636.0788595693055,,1736412823.2157254,,1736412788
move,262,286,0,,1736412823.2157254,,1736412788
move,262,288,1261.065544197234,,1736412823.2173114,,1736412788
move,262,289,0,,1736412823.2188897,,1736412788
move,263,290,896.0183688090215,,1736412823.2198994,,1736412788
move,263,291,651.8967982592477,,1736412823.2204237,,1736412788
move,263,292,711.5019508057676,,1736412823.2218292,,1736412788
move,263,293,0,,1736412823.2218292,,1736412788
move,263,294,635.1156874621441,,1736412823.2249656,,1736412788
move,263,296,1280.5080140436576,,1736412823.2249656,,1736412788
move,263,297,703.0345289976534,,1736412823.226388,,1736412788
move,264,298,0,,1736412823.2279615,,1736412788
move,264,299,635.5006060606061,,1736412823.2279615,,1736412788
move,264,300,385.04580923528874,,1736412823.2305586,,1736412788
move,264,301,0,,1736412823.2305586,,1736412788
move,265,302,897.9172875440089,,1736412823.2321336,,1736412788
move,266,302,633.0069423483247,,1736412823.2337134,,1736412788
move,266,304,0,,1736412823.2337134,,1736412788
move,266,305,631.6722891566266,,1736412823.2352965,,1736412788
move,268,305,1283.8396082032446,,1736412823.2368543,,1736412788
move,268,307,0,,1736412823.2368543,,1736412788
move,268,308,635.5006060606061,,1736412823.2384279,,1736412788
move,269,308,0,,1736412823.2384279,,1736412788
move,269,309,447.8701548318206,,1736412823.2406607,,1736412788
move,269,311,1967.3095684803002,,1736412823.2416773,,1736412788
move,269,312,0,,1736412823.2433007,,1736412788
move,270,314,687.6419724539393,,1736412823.244929,,1736412788
move,270,315,812.3773000193686,,1736412823.24616,,1736412788
move,270,316,994.6179748636472,,1736412823.2471654,,1736412788
move,270,318,1290.555076923077,,1736412823.2487152,,1736412788
move,270,319,0,,1736412823.2487152,,1736412788
move,270,321,0,,1736412823.250284,,1736412788
move,270,322,637.4322188449848,,1736412823.250284,,1736412788
move,270,323,638.6940764428201,,1736412823.2518497,,1736412788
move,271,324,0,,1736412823.2518497,,1736412788
move,271,326,1270.616176916086,,1736412823.2534237,,1736412788
move,271,327,0,,1736412823.2549813,,1736412788
move,271,328,642.0180621460279,,1736412823.2549813,,1736412788
move,272,329,953.9468641871538,,1736412823.2564638,,1736412788
move,272,330,990.624468587624,,1736412823.2574732,,1736412788
move,272,331,637.7229740003041,,1736412823.2590413,,1736412788
move,272,332,783.1038088125467,,1736412823.2603183,,1736412788
move,272,334,1724.2770811921891,,1736412823.2614782,,1736412788
move,272,335,0,,1736412823.263033,,1736412788
move,272,336,321.00903107301394,,1736412823.2645934,,1736412788
move,272,337,0,,1736412823.2645934,,1736412788
move,272,338,323.06123392128166,,1736412823.2676888,,1736412788
move,272,339,0,,1736412823.269278,,1736412788
move,272,340,629.2085208520853,,1736412823.269278,,1736412788
move,273,340,628.7369210013492,,1736412823.2708685,,1736412788
move,273,342,1258.9836410025514,,1736412823.2724571,,1736412788
move,273,343,618.1730287398674,,1736412823.2740748,,1736412788
move,273,344,630.8172657542488,,1736412823.277236,,1736412788
move,273,345,241.024250086197,,1736412823.279809,,1736412788
move,273,346,323.9094910803923,,1736412823.2828963,,1736412788
move,273,347,115.40885452494291,,1736412823.2915611,,1736412788
move,273,347,0.0,,1736412823.294667,,1736412788
move,273,347,0.0,,1736412823.331675,,1736412788
move,273,346,61.746319632552115,,1736412823.3478703,,1736412788
move,273,346,0.0,,1736412823.3510518,,1736412788
move,273,345,14.483744090722304,,1736412823.4195888,,1736412788
move,273,344,159.31568351882098,,1736412823.4258657,,1736412788
move,273,343,492.69399741571715,,1736412823.4289002,,1736412788
move,273,341,468.820656122506,,1736412823.4321613,,1736412788
move,273,340,378.64981493184075,,1736412823.4348023,,1736412788
move,273,339,319.4443259710586,,1736412823.4379327,,1736412788
move,273,338,315.4086328771244,,1736412823.4411032,,1736412788
move,274,338,644.5833717534962,,1736412823.4426546,,1736412788
move,274,337,967.9907685206555,,1736412823.4436877,,1736412788
move,274,336,205.01021555305732,,1736412823.4485655,,1736412788
move,276,335,710.7266491587814,,1736412823.4517117,,1736412788
move,276,333,776.435394298408,,1736412823.4542875,,1736412788
move,276,332,376.0695776921008,,1736412823.4569466,,1736412788
move,276,331,638.9859841560025,,1736412823.4585116,,1736412788
move,277,330,439.380859371535,,1736412823.4617302,,1736412788
move,277,329,370.5542892481668,,1736412823.464429,,1736412788
move,278,329,310.9886557425669,,1736412823.4676445,,1736412788
move,278,328,0,,1736412823.46921,,1736412788
move,278,327,316.790332326284,,1736412823.470801,,1736412788
move,278,325,1261.8243080625753,,1736412823.473987,,1736412788
move,279,324,452.7625067945746,,1736412823.4755096,,1736412788
move,279,323,315.9551035781544,,1736412823.4786747,,1736412788
move,280,322,532.4155463168228,,1736412823.482887,,1736412788
move,280,321,194.84827650283378,,1736412823.486463,,1736412788
move,280,320,991.5612293144208,,1736412823.4874716,,1736412788
move,281,320,637.2385293223944,,1736412823.4890409,,1736412788
move,281,319,316.05033531760984,,1736412823.4939141,,1736412788
move,281,318,310.0461265523359,,1736412823.4954302,,1736412788
move,282,318,311.1501483679525,,1736412823.498644,,1736412788
move,282,316,633.8200226671704,,1736412823.5017996,,1736412788
move,284,316,1271.7719830200122,,1736412823.5033722,,1736412788
move,284,315,164.07072445626662,,1736412823.5094671,,1736412788
move,284,314,36.59280585582049,,1736412823.536795,,1736412788
move,284,313,22.344119245234772,,1736412823.5815494,,1736412788
move,284,312,53.361288516831635,,1736412823.6002896,,1736412788
move,284,311,24.59252310145879,,1736412823.6409523,,1736412788
move,284,310,10.716924051797267,,1736412823.7342627,,1736412788
move,284,308,85.17563917714193,,1736412823.7577436,,1736412788
click_press,284,308,,Button.left,1736412823.7577436,,1736412788
move,284,307,55.527953928642354,,1736412823.7757525,,1736412788
move,284,307,0.0,,1736412823.8235893,,1736412788
click_release,284,307,,Button.left,1736412823.8317366,,1736412788
move,284,309,106.77555592327177,,1736412823.8423202,,1736412788
move,284,308,15.413095404334756,,1736412823.9072,,1736412788
click_press,284,308,,Button.left,1736412823.9072,,1736412788
click_release,284,308,,Button.left,1736412823.9700885,,1736412788
move,284,309,13.052704956805337,,1736412823.9853814,,1736412788
move,283,309,16.796431117198075,,1736412824.044906,,1736412788
move,282,309,54.11586199778082,,1736412824.061828,,1736412788
move,281,309,35.79490680685465,,1736412824.0897648,,1736412788
move,281,308,324.05964614077106,,1736412824.0928507,,1736412788
move,280,308,605.3260210708615,,1736412824.0945027,,1736412788
move,280,307,245.5537731982905,,1736412824.098575,,1736412788
move,279,306,458.00645521702745,,1736412824.1016629,,1736412788
move,278,306,207.80340864050734,,1736412824.106475,,1736412788
move,278,305,512.8764979212522,,1736412824.108425,,1736412788
move,278,304,194.423770453808,,1736412824.1135683,,1736412788
move,277,304,1813.3610030263726,,1736412824.1141198,,1736412788
move,277,303,312.0529722490886,,1736412824.1173244,,1736412788
move,275,303,1252.0310447761194,,1736412824.1189218,,1736412788
move,275,302,616.8094117647058,,1736412824.120543,,1736412788
move,274,302,632.6250377073907,,1736412824.1221237,,1736412788
move,274,300,617.8088083664752,,1736412824.125361,,1736412788
move,273,300,321.5504446488807,,1736412824.1289823,,1736412788
move,273,299,490.2751607247224,,1736412824.1305106,,1736412788
move,272,299,986.1989184105338,,1736412824.1315246,,1736412788
move,272,298,322.41555845952803,,1736412824.1346262,,1736412788
move,271,298,318.06354743307804,,1736412824.1377702,,1736412788
move,271,297,499.9170441001192,,1736412824.1397705,,1736412788
move,270,297,765.2442984856777,,1736412824.1410773,,1736412788
move,269,296,456.8072084340179,,1736412824.1441731,,1736412788
move,269,295,254.9573886085952,,1736412824.1480954,,1736412788
move,267,295,1270.2313749242883,,1736412824.14967,,1736412788
move,266,295,313.7335627197247,,1736412824.1528573,,1736412788
move,266,294,0,,1736412824.1528573,,1736412788
move,266,292,639.6193671368662,,1736412824.1559842,,1736412788
move,265,292,590.4144144144144,,1736412824.157678,,1736412788
move,264,292,333.41049284578696,,1736412824.1606772,,1736412788
move,264,291,0,,1736412824.1606772,,1736412788
move,263,290,336.96765332703075,,1736412824.164874,,1736412788
move,262,290,1868.286859688196,,1736412824.166981,,1736412788
move,262,289,313.2649189633281,,1736412824.1686015,,1736412788
move,261,289,630.4379978956862,,1736412824.1701877,,1736412788
move,261,288,630.2485349361383,,1736412824.1717744,,1736412788
move,259,288,653.9805098620099,,1736412824.1753545,,1736412788
move,258,287,468.27517182566686,,1736412824.1778526,,1736412788
move,258,286,618.1730287398674,,1736412824.1794703,,1736412788
move,257,286,369.70506831203176,,1736412824.1821752,,1736412788
move,257,285,643.890696960393,,1736412824.1837282,,1736412788
move,256,285,0,,1736412824.1837282,,1736412788
move,256,283,1248.119029906264,,1736412824.1869047,,1736412788
move,255,283,304.95157772284426,,1736412824.1886098,,1736412788
move,255,282,321.82183687562343,,1736412824.1917171,,1736412788
move,254,282,1971.9341795956746,,1736412824.1922243,,1736412788
move,254,281,977.4653926823585,,1736412824.1932473,,1736412788
move,253,281,634.0595616024187,,1736412824.1948245,,1736412788
move,253,280,320.200320635163,,1736412824.1979475,,1736412788
move,252,279,891.3060257724602,,1736412824.1995342,,1736412788
move,250,278,809.1406144680595,,1736412824.2022977,,1736412788
move,250,277,311.91373540566667,,1736412824.2055037,,1736412788
move,249,277,0,,1736412824.2070665,,1736412788
move,248,277,321.7724587648638,,1736412824.2086115,,1736412788
move,248,275,0,,1736412824.210265,,1736412788
move,248,274,351.95972140639424,,1736412824.2119675,,1736412788
move,247,274,656.077584858439,,1736412824.212977,,1736412788
move,247,273,754.9143268538517,,1736412824.2158594,,1736412788
move,246,273,641.9198041016223,,1736412824.2158594,,1736412788
move,246,272,452.459978425027,,1736412824.2180696,,1736412788
move,246,271,482.9365572826713,,1736412824.2201402,,1736412788
move,245,271,629.6808287043988,,1736412824.2217283,,1736412788
move,244,271,622.9472746175553,,1736412824.2233336,,1736412788
move,244,270,633.29367356183,,1736412824.2249126,,1736412788
move,242,269,863.0485747951852,,1736412824.2280142,,1736412788
move,242,267,970.2299329169558,,1736412824.229565,,1736412788
move,241,267,371.17734513274337,,1736412824.232259,,1736412788
move,241,266,641.8215761285386,,1736412824.233817,,1736412788
move,240,266,627.2325407507103,,1736412824.2354114,,1736412788
move,240,265,628.9254760833708,,1736412824.2370014,,1736412788
move,239,265,356.23441481229827,,1736412824.2398086,,1736412788
move,239,264,0,,1736412824.2413397,,1736412788
move,238,264,213.84235749974508,,1736412824.244485,,1736412788
move,238,263,646.8698334361505,,1736412824.2460308,,1736412788
move,238,262,646.3713977500386,,1736412824.247578,,1736412788
move,237,262,660.6243502913844,,1736412824.2490916,,1736412788
move,236,261,523.7652628269954,,1736412824.2517917,,1736412788
move,236,259,430.5382878259084,,1736412824.256437,,1736412788
move,234,259,1278.1666920615571,,1736412824.2580018,,1736412788
move,233,258,456.0696295183548,,1736412824.2611027,,1736412788
move,232,257,250.9366952159964,,1736412824.2667384,,1736412788
move,231,256,449.26468238398263,,1736412824.2698863,,1736412788
move,231,255,235.79401843939735,,1736412824.2741272,,1736412788
move,230,255,630.8172657542488,,1736412824.2757125,,1736412788
move,230,254,0,,1736412824.2757125,,1736412788
move,229,254,238.33981134219798,,1736412824.2799082,,1736412788
move,229,253,617.8088083664752,,1736412824.2815268,,1736412788
move,229,252,626.1089714882818,,1736412824.283124,,1736412788
move,228,252,639.4730904101235,,1736412824.2846878,,1736412788
move,228,250,1284.8227906264358,,1736412824.2862444,,1736412788
move,226,250,624.5706202069838,,1736412824.2894466,,1736412788
move,226,249,649.3735872426072,,1736412824.2909865,,1736412788
move,225,249,629.8699504430094,,1736412824.2925742,,1736412788
move,225,248,323.40997763898525,,1736412824.2956662,,1736412788
move,224,247,392.1746513398825,,1736412824.2992723,,1736412788
move,224,246,319.49299207800124,,1736412824.3024023,,1736412788
move,223,246,628.266027561414,,1736412824.303994,,1736412788
move,223,245,638.0139945238819,,1736412824.3055613,,1736412788
move,222,245,316.264816769718,,1736412824.3087232,,1736412788
move,222,244,0,,1736412824.3103056,,1736412788
move,221,242,718.9535348638772,,1736412824.3118334,,1736412788
move,221,241,319.566019047619,,1736412824.3149626,,1736412788
move,220,241,303.82499094530965,,1736412824.318254,,1736412788
move,220,240,626.4830470500374,,1736412824.3198502,,1736412788
move,220,239,659.6892104435357,,1736412824.321366,,1736412788
move,219,239,645.3768272041852,,1736412824.3229156,,1736412788
move,219,238,0,,1736412824.3229156,,1736412788
move,219,237,171.80616884446812,,1736412824.328736,,1736412788
move,217,237,3908.950605778192,,1736412824.3292477,,1736412788
move,217,236,396.2497874350496,,1736412824.3317714,,1736412788
move,216,236,315.31378740039094,,1736412824.3349428,,1736412788
move,216,234,753.3550067355186,,1736412824.3375976,,1736412788
move,216,233,313.9449101796407,,1736412824.3407829,,1736412788
move,215,233,657.7236945272072,,1736412824.3423033,,1736412788
move,215,232,610.8802796387998,,1736412824.3439403,,1736412788
move,215,231,319.24980971228496,,1736412824.3470726,,1736412788
move,214,231,0,,1736412824.3470726,,1736412788
move,214,230,440.02349979018044,,1736412824.3509343,,1736412788
move,213,230,320.71448233674874,,1736412824.3524632,,1736412788
move,213,229,317.60593669544147,,1736412824.3556118,,1736412788
move,213,228,321.89593246354565,,1736412824.3587184,,1736412788
move,212,226,464.20257683128483,,1736412824.3635354,,1736412788
move,212,225,316.1694557515453,,1736412824.3666983,,1736412788
move,211,225,645.6748768472906,,1736412824.3698149,,1736412788
move,211,224,388.217697149204,,1736412824.370823,,1736412788
move,211,223,631.1969902182092,,1736412824.3739936,,1736412788
move,211,222,310.3213968629772,,1736412824.3756297,,1736412788
move,209,222,1279.5314215985356,,1736412824.3771927,,1736412788
move,209,221,318.3049252485391,,1736412824.3803344,,1736412788
move,208,221,928.9709856035438,,1736412824.3814108,,1736412788
move,208,220,315.741041854863,,1736412824.384578,,1736412788
move,208,219,633.0069423483247,,1736412824.3861578,,1736412788
move,207,219,636.4649468892261,,1736412824.387729,,1736412788
move,207,217,1271.193817245037,,1736412824.3909123,,1736412788
move,207,216,340.5020295502517,,1736412824.392239,,1736412788
move,206,216,385.32880110243457,,1736412824.3948343,,1736412788
move,206,215,1969.156807511737,,1736412824.395342,,1736412788
move,206,214,641.3308868501529,,1736412824.3969014,,1736412788
move,205,214,636.9482156416097,,1736412824.3984714,,1736412788
move,205,213,631.8626092196445,,1736412824.400054,,1736412788
move,205,212,380.43573696145125,,1736412824.4026825,,1736412788
move,204,212,0,,1736412824.4026825,,1736412788
move,204,211,376.40707170420893,,1736412824.4053392,,1736412788
move,204,209,1173.231888111888,,1736412824.407044,,1736412788
move,203,209,926.9180110497238,,1736412824.4081228,,1736412788
move,203,207,1284.8227906264358,,1736412824.4096794,,1736412788
move,203,206,469.05658689331244,,1736412824.4128308,,1736412788
move,201,206,1961.7885874649205,,1736412824.4128308,,1736412788
move,200,206,631.9578122645773,,1736412824.4144132,,1736412788
move,200,203,2178.1048987363683,,1736412824.4157906,,1736412788
move,200,202,641.5270724992353,,1736412824.4173493,,1736412788
move,199,202,0,,1736412824.41891,,1736412788
move,199,201,320.935343178514,,1736412824.4204652,,1736412788
move,199,200,868.5657486021951,,1736412824.4216166,,1736412788
move,198,200,0,,1736412824.4231749,,1736412788
move,198,199,641.7233782129742,,1736412824.4231749,,1736412788
move,197,198,860.6560652228268,,1736412824.424818,,1736412788
move,197,197,661.2492511429923,,1736412824.4263303,,1736412788
move,196,195,1473.719180122451,,1736412824.4278476,,1736412788
move,196,194,640.9388753056235,,1736412824.4294078,,1736412788
move,195,193,0,,1736412824.4310079,,1736412788
move,195,192,316.31251885369534,,1736412824.4325693,,1736412788
move,193,191,0,,1736412824.4325693,,1736412788
move,192,191,641.9198041016223,,1736412824.434127,,1736412788
move,192,190,627.7018856629752,,1736412824.4357202,,1736412788
move,192,189,481.6610013780432,,1736412824.4377964,,1736412788
move,192,188,0,,1736412824.4388056,,1736412788
move,191,188,990.8584927947082,,1736412824.4388056,,1736412788
move,191,186,1283.0541449984705,,1736412824.4403644,,1736412788
move,191,185,0,,1736412824.4419382,,1736412788
move,190,185,635.4043326768672,,1736412824.4419382,,1736412788
move,190,184,639.7657107992678,,1736412824.4435012,,1736412788
move,190,183,991.0926275992439,,1736412824.4445102,,1736412788
move,189,182,911.2984485352163,,1736412824.446062,,1736412788
move,188,181,909.3425726683615,,1736412824.4476173,,1736412788
move,188,180,638.208155812538,,1736412824.4491842,,1736412788
move,187,178,1435.596029741203,,1736412824.4507418,,1736412788
move,187,177,636.4649468892261,,1736412824.452313,,1736412788
move,187,176,323.3351834720937,,1736412824.4554057,,1736412788
move,186,175,1400.2931070622574,,1736412824.4564157,,1736412788
move,186,174,641.7233782129742,,1736412824.459042,,1736412788
move,184,173,851.1433761955966,,1736412824.460601,,1736412788
move,184,172,324.1347758887172,,1736412824.4636862,,1736412788
move,184,170,1295.33786287832,,1736412824.4652302,,1736412788
move,183,169,453.35077969395616,,1736412824.4683497,,1736412788
move,183,168,312.4947101773208,,1736412824.4715497,,1736412788
move,183,167,240.19608292291835,,1736412824.475713,,1736412788
move,183,166,213.71160705186998,,1736412824.4803922,,1736412788
move,183,165,321.72309580424945,,1736412824.4850917,,1736412788
move,183,164,135.86110391293082,,1736412824.490861,,1736412788
move,183,162,429.7882979813505,,1736412824.4955144,,1736412788
move,183,161,115.9608515344208,,1736412824.504138,,1736412788
move,183,160,270.82740362885,,1736412824.5078304,,1736412788
move,183,159,149.73240039982863,,1736412824.514509,,1736412788
move,183,158,319.00699726194097,,1736412824.5176437,,1736412788
move,183,157,165.25369370789173,,1736412824.523695,,1736412788
move,183,156,321.40260536398466,,1736412824.5268064,,1736412788
move,183,155,238.42110050022737,,1736412824.5320106,,1736412788
move,183,153,295.5191996054393,,1736412824.5377684,,1736412788
move,183,152,209.88310648518814,,1736412824.542533,,1736412788
move,183,151,243.04942921712927,,1736412824.5466473,,1736412788
move,183,150,169.8580164419066,,1736412824.5525346,,1736412788
move,183,149,215.30229454340127,,1736412824.5588422,,1736412788
move,183,148,184.5353513133002,,1736412824.5625982,,1736412788
move,183,147,191.95020822845638,,1736412824.567808,,1736412788
move,183,145,549.7482141686874,,1736412824.571446,,1736412788
move,183,144,159.89265019823117,,1736412824.5777001,,1736412788
move,183,143,389.2264291017075,,1736412824.581832,,1736412788
move,183,142,161.0839542207543,,1736412824.5864773,,1736412788
move,183,141,161.49951869392785,,1736412824.5926692,,1736412788
move,183,140,159.80127252638397,,1736412824.599934,,1736412788
move,183,139,272.8890045543266,,1736412824.6025915,,1736412788
move,183,137,348.4798936523762,,1736412824.6083307,,1736412788
move,183,136,321.59975463885905,,1736412824.6119509,,1736412788
move,183,135,227.2104008667389,,1736412824.6158414,,1736412788
move,183,134,212.2193887876948,,1736412824.6205535,,1736412788
move,183,133,320.151438821464,,1736412824.623677,,1736412788
move,183,132,257.93641227476786,,1736412824.627554,,1736412788
move,183,131,479.9523972994622,,1736412824.6296375,,1736412788
move,183,129,768.7507331378299,,1736412824.632239,,1736412788
move,183,128,627.2325407507103,,1736412824.6338334,,1736412788
move,183,127,213.67894441897192,,1736412824.6385133,,1736412788
move,183,126,645.3768272041852,,1736412824.6400628,,1736412788
move,183,126,0.0,,1736412824.6426895,,1736412788
move,183,125,0,,1736412824.6426895,,1736412788
move,183,124,308.49543983524563,,1736412824.645931,,1736412788
move,183,123,341.83406682966586,,1736412824.6488564,,1736412788
move,183,122,644.7815526518064,,1736412824.6504073,,1736412788
move,183,120,804.1226993865031,,1736412824.6528945,,1736412788
move,183,119,320.42047364400304,,1736412824.6560154,,1736412788
move,183,118,236.2189682360892,,1736412824.6602488,,1736412788
move,183,117,234.423429465683,,1736412824.6645145,,1736412788
move,185,117,0,,1736412824.6660762,,1736412788
move,185,116,321.59975463885905,,1736412824.667624,,1736412788
move,185,115,175.50123436127035,,1736412824.673322,,1736412788
move,185,114,313.2415235250187,,1736412824.6765144,,1736412788
move,185,112,256.79936325231125,,1736412824.6843026,,1736412788
move,185,111,86.04230003897676,,1736412824.6959248,,1736412788
move,185,110,53.90027757787602,,1736412824.715,,1736412788
move,185,109,89.85034596516785,,1736412824.7256072,,1736412788
move,185,108,160.03296577511543,,1736412824.7318559,,1736412788
move,185,107,170.79175828650543,,1736412824.737711,,1736412788
move,185,106,156.33471243803348,,1736412824.7451193,,1736412788
move,184,104,542.186892259179,,1736412824.7482316,,1736412788
move,184,103,213.1685301890628,,1736412824.7529228,,1736412788
move,184,102,281.57250268528463,,1736412824.7570777,,1736412788
move,183,102,365.2302333681644,,1736412824.7592123,,1736412788
move,183,101,316.9818621523579,,1736412824.762367,,1736412788
move,183,100,315.2189989478431,,1736412824.767062,,1736412788
move,183,99,376.57604596875564,,1736412824.768195,,1736412788
move,183,98,317.60593669544147,,1736412824.7713435,,1736412788
move,182,96,712.9959603390055,,1736412824.77605,,1736412788
move,182,95,323.9094910803923,,1736412824.777567,,1736412788
move,182,94,309.6341355381663,,1736412824.7807965,,1736412788
move,182,93,641.1348211556099,,1736412824.783944,,1736412788
move,181,93,629.8699504430094,,1736412824.783944,,1736412788
move,181,92,636.2718446601941,,1736412824.7855155,,1736412788
move,181,91,213.7442796718137,,1736412824.790194,,1736412788
move,180,90,900.2339659304481,,1736412824.7930007,,1736412788
move,180,89,375.0271816881259,,1736412824.7960377,,1736412788
move,180,87,452.5820339897491,,1736412824.7988505,,1736412788
move,179,87,639.6681409181028,,1736412824.8004138,,1736412788
move,179,86,0,,1736412824.801982,,1736412788
move,179,85,210.81141938078005,,1736412824.8051574,,1736412788
move,178,85,638.0139945238819,,1736412824.8067248,,1736412788
move,178,84,637.8199513381995,,1736412824.8082926,,1736412788
move,178,83,199.96681764004768,,1736412824.8132935,,1736412788
move,176,83,1293.739666872301,,1736412824.8148394,,1736412788
move,176,82,636.0788595693055,,1736412824.8164115,,1736412788
move,175,82,640.6451809989308,,1736412824.8179724,,1736412788
move,175,81,437.81878914405013,,1736412824.8202565,,1736412788
move,175,79,671.1423313865109,,1736412824.8232365,,1736412788
move,174,79,636.1753374791446,,1736412824.8248084,,1736412788
move,173,79,637.2385293223944,,1736412824.8263776,,1736412788
move,173,78,479.84258094039586,,1736412824.8284616,,1736412788
move,172,77,381.52965855250034,,1736412824.8321683,,1736412788
move,171,77,369.0544654641443,,1736412824.834878,,1736412788
move,171,76,633.9637243047158,,1736412824.8364553,,1736412788
move,170,76,638.9859841560025,,1736412824.8380203,,1736412788
move,168,75,355.09423225425104,,1736412824.8443174,,1736412788
move,168,74,319.6878048780488,,1736412824.8490112,,1736412788
move,167,74,209.75715143028606,,1736412824.852213,,1736412788
move,167,73,128.96820613738393,,1736412824.8599668,,1736412788
move,166,73,132.63879577509329,,1736412824.867506,,1736412788
move,166,71,63.063705663895114,,1736412824.89922,,1736412788
move,165,71,79.27242487242488,,1736412824.9118347,,1736412788
move,165,70,44.80280290972794,,1736412824.9341547,,1736412788
click_press,165,70,,Button.left,1736412824.9527464,,1736412788
move,165,69,41.13111185204072,,1736412824.9600983,,1736412788
move,165,69,0.0,,1736412825.0073698,,1736412788
click_release,165,69,,Button.left,1736412825.0137365,,1736412788
move,165,70,67.54221485048069,,1736412825.0221753,,1736412788
move,165,72,104.77901573819635,,1736412825.042858,,1736412788
move,165,72,0.0,,1736412825.1329827,,1736412788
move,166,72,219.89640348117857,,1736412825.1375303,,1736412788
move,166,73,0,,1736412825.1375303,,1736412788
move,167,73,274.69408605671623,,1736412825.1421885,,1736412788
move,167,74,454.76569445950344,,1736412825.1449244,,1736412788
move,169,74,1286.3990185554362,,1736412825.1449244,,1736412788
move,170,74,364.56358105171665,,1736412825.1476674,,1736412788
move,171,74,656.077584858439,,1736412825.1491916,,1736412788
move,171,75,634.4432007260626,,1736412825.1507678,,1736412788
move,172,75,627.5140634350688,,1736412825.152929,,1736412788
move,172,76,882.0828601472134,,1736412825.153495,,1736412788
move,173,77,907.6727775846554,,1736412825.1550531,,1736412788
move,175,78,1689.5602346062471,,1736412825.1563766,,1736412788
move,177,80,1761.6993173494868,,1736412825.157982,,1736412788
move,178,80,719.3112673640885,,1736412825.1593723,,1736412788
move,179,81,906.28595897872,,1736412825.1609328,,1736412788
move,180,81,458.2436359663498,,1736412825.163115,,1736412788
move,181,82,2527.3291868409556,,1736412825.1636746,,1736412788
move,182,83,927.5436437084788,,1736412825.1651993,,1736412788
move,183,84,900.6440330269849,,1736412825.1667695,,1736412788
move,185,85,0,,1736412825.1683288,,1736412788
move,186,86,906.9788381522511,,1736412825.1683288,,1736412788
move,187,86,632.3389115030906,,1736412825.1699102,,1736412788
move,188,88,1420.5920724476339,,1736412825.1714842,,1736412788
move,189,89,1183.0158758507623,,1736412825.1737263,,1736412788
move,190,90,1351.171207634561,,1736412825.1750896,,1736412788
move,191,92,1188.3868299923058,,1736412825.175608,,1736412788
move,192,93,1388.817982092185,,1736412825.1766262,,1736412788
move,194,93,1193.0888920494951,,1736412825.1783025,,1736412788
move,195,96,0,,1736412825.1798687,,1736412788
move,196,97,902.9748213602866,,1736412825.1798687,,1736412788
move,198,98,1390.26813849678,,1736412825.181477,,1736412788
move,199,99,1038.634495099934,,1736412825.1828387,,1736412788
move,201,100,2027.3992352570856,,1736412825.1839416,,1736412788
move,202,101,988.2775077500371,,1736412825.1853726,,1736412788
move,203,103,0,,1736412825.18693,,1736412788
move,205,106,2315.1834257323503,,1736412825.18693,,1736412788
move,206,106,616.5374099661914,,1736412825.188552,,1736412788
move,207,107,0,,1736412825.188552,,1736412788
move,209,110,2291.330020739956,,1736412825.1901255,,1736412788
move,210,111,902.8373822702774,,1736412825.1916919,,1736412788
move,212,112,0,,1736412825.1916919,,1736412788
move,212,113,631.482083709726,,1736412825.1932755,,1736412788
move,215,115,2378.543274124522,,1736412825.1947913,,1736412788
move,216,116,1395.6803768272289,,1736412825.1958046,,1736412788
move,217,118,0,,1736412825.1958046,,1736412788
move,218,119,926.9638383365717,,1736412825.1973302,,1736412788
move,220,121,1782.3442312246762,,1736412825.1989172,,1736412788
move,222,123,2650.420733474407,,1736412825.1999843,,1736412788
move,223,124,0,,1736412825.1999843,,1736412788
move,225,127,2273.418240662013,,1736412825.2015703,,1736412788
move,228,129,2283.3728124541312,,1736412825.2031493,,1736412788
move,230,132,2278.2130365898934,,1736412825.204732,,1736412788
move,231,133,0,,1736412825.204732,,1736412788
move,232,134,892.5130306222875,,1736412825.2063165,,1736412788
move,234,137,2350.4473324345217,,1736412825.2078505,,1736412788
move,236,139,0,,1736412825.2078505,,1736412788
move,237,141,1408.2205498947865,,1736412825.2094383,,1736412788
move,238,143,1287.7590089659864,,1736412825.2111747,,1736412788
move,241,144,6100.990726382187,,1736412825.211693,,1736412788
move,242,147,2075.673527254284,,1736412825.2132165,,1736412788
move,244,150,3589.550946328913,,1736412825.214221,,1736412788
move,248,154,5502.450465227943,,1736412825.215249,,1736412788
move,250,159,2009.3424331663978,,1736412825.2179291,,1736412788
move,251,160,2786.11629944374,,1736412825.2184367,,1736412788
move,254,165,3721.927386449129,,1736412825.2200034,,1736412788
move,257,168,2629.6623030215997,,1736412825.2227173,,1736412788
move,259,170,2570.0353559426876,,1736412825.2227173,,1736412788
move,259,172,1262.583985550873,,1736412825.2248764,,1736412788
move,261,175,6269.808514462567,,1736412825.2248764,,1736412788
move,263,176,2186.698265866001,,1736412825.2262027,,1736412788
move,265,179,11870.312509327874,,1736412825.2262027,,1736412788
move,266,182,3174.617960544489,,1736412825.2271988,,1736412788
move,268,184,2505.974483107614,,1736412825.2283275,,1736412788
move,269,186,1466.1167519617443,,1736412825.2298527,,1736412788
move,270,188,0,,1736412825.2310674,,1736412788
move,271,191,2603.2490361442347,,1736412825.2310674,,1736412788
move,272,192,893.1850024869331,,1736412825.2326508,,1736412788
move,272,194,0,,1736412825.2326508,,1736412788
move,274,197,2281.994588333139,,1736412825.2342308,,1736412788
move,275,200,2021.2669672592008,,1736412825.2357953,,1736412788
move,276,201,2478.747012752078,,1736412825.2369254,,1736412788
move,278,203,5054.658373681911,,1736412825.2369254,,1736412788
move,279,206,2076.323393731195,,1736412825.2384484,,1736412788
move,279,207,620.7346455527601,,1736412825.2400594,,1736412788
move,283,216,3044.149128482285,,1736412825.2432947,,1736412788
move,283,217,0,,1736412825.2448642,,1736412788
move,283,219,1274.2834573902476,,1736412825.2465005,,1736412788
move,284,222,1932.617490770053,,1736412825.2465005,,1736412788
move,285,223,1158.2975203116036,,1736412825.2477214,,1736412788
move,285,226,2971.873405762872,,1736412825.2492356,,1736412788
move,285,228,3962.497874350496,,1736412825.2492356,,1736412788
move,285,229,639.7657107992678,,1736412825.2507987,,1736412788
move,286,231,0,,1736412825.2507987,,1736412788
move,286,232,632.7204706592246,,1736412825.2523792,,1736412788
move,287,234,0,,1736412825.2539487,,1736412788
move,287,237,1911.4251860853715,,1736412825.2539487,,1736412788
move,287,238,635.9824109173617,,1736412825.255521,,1736412788
move,287,239,0,,1736412825.255521,,1736412788
move,287,241,1248.119029906264,,1736412825.2571235,,1736412788
move,287,243,1224.7931084829902,,1736412825.2587564,,1736412788
move,289,245,5355.884064574016,,1736412825.2592845,,1736412788
move,289,246,989.222641509434,,1736412825.2602954,,1736412788
move,289,247,0,,1736412825.2618911,,1736412788
move,289,249,1253.3405050052293,,1736412825.2618911,,1736412788
move,289,251,1259.3616574087976,,1736412825.2634792,,1736412788
move,289,252,0,,1736412825.2634792,,1736412788
move,289,254,1259.1726208345842,,1736412825.2650676,,1736412788
move,289,256,1261.8243080625753,,1736412825.2666526,,1736412788
move,289,257,988.9893892949776,,1736412825.2676637,,1736412788
move,289,259,0,,1736412825.2695808,,1736412788
move,289,260,521.6147245367491,,1736412825.2695808,,1736412788
move,289,261,627.7018856629752,,1736412825.271174,,1736412788
move,289,263,0,,1736412825.2728293,,1736412788
move,289,265,1208.2108598588507,,1736412825.2728293,,1736412788
move,289,266,633.29367356183,,1736412825.2744083,,1736412788
move,287,267,0,,1736412825.2744083,,1736412788
move,287,268,582.8660366870483,,1736412825.276124,,1736412788
move,287,270,0,,1736412825.276124,,1736412788
move,287,272,1151.1744202003567,,1736412825.2778614,,1736412788
move,287,273,0,,1736412825.2778614,,1736412788
move,286,274,861.0308610125885,,1736412825.2795038,,1736412788
move,286,275,0,,1736412825.2795038,,1736412788
move,286,277,952.7095968199886,,1736412825.281603,,1736412788
move,285,278,1401.28551890284,,1736412825.2826123,,1736412788
move,285,279,637.8199513381995,,1736412825.2841802,,1736412788
move,284,280,903.5249964228061,,1736412825.2857454,,1736412788
move,283,281,0,,1736412825.2857454,,1736412788
move,282,282,899.9607952534855,,1736412825.2873168,,1736412788
move,282,283,0,,1736412825.2889342,,1736412788
move,281,283,618.2641509433962,,1736412825.2889342,,1736412788
move,281,285,1259.3616574087976,,1736412825.2905223,,1736412788
move,279,286,1341.546111042666,,1736412825.2921891,,1736412788
move,279,287,0,,1736412825.2936437,,1736412788
move,278,288,972.2408787929393,,1736412825.2936437,,1736412788
move,278,289,0,,1736412825.2953167,,1736412788
move,277,290,845.3244408601571,,1736412825.2953167,,1736412788
move,277,291,637.916958174905,,1736412825.2968843,,1736412788
move,276,292,0,,1736412825.2978926,,1736412788
move,276,294,1318.134506599623,,1736412825.2984016,,1736412788
move,276,295,951.305057836244,,1736412825.2994528,,1736412788
move,275,296,0,,1736412825.301083,,1736412788
move,275,297,613.3816905527932,,1736412825.301083,,1736412788
move,275,298,641.4289646734975,,1736412825.302642,,1736412788
move,274,298,0,,1736412825.302642,,1736412788
move,274,299,682.8889612504071,,1736412825.3041065,,1736412788
move,274,302,1915.7904993909865,,1736412825.3056724,,1736412788
move,274,303,689.9661128475078,,1736412825.3081584,,1736412788
move,274,304,640.9388753056235,,1736412825.308682,,1736412788
move,274,305,970.0055504162813,,1736412825.309713,,1736412788
move,274,306,0,,1736412825.309713,,1736412788
move,274,307,636.1753374791446,,1736412825.3112848,,1736412788
move,274,309,1412.937173656729,,1736412825.3127003,,1736412788
move,274,310,637.0449574726609,,1736412825.31427,,1736412788
move,274,311,0,,1736412825.3158631,,1736412788
move,274,312,362.92324997836806,,1736412825.3170254,,1736412788
move,274,313,653.4201589032559,,1736412825.3185558,,1736412788
move,274,314,0,,1736412825.3185558,,1736412788
move,274,315,612.3071532846716,,1736412825.320189,,1736412788
move,274,317,1224.7931084829902,,1736412825.321822,,1736412788
move,274,318,647.0694230175872,,1736412825.3233674,,1736412788
move,274,319,0,,1736412825.3249464,,1736412788
move,274,320,633.29367356183,,1736412825.3249464,,1736412788
move,274,321,633.29367356183,,1736412825.3265254,,1736412788
move,274,322,640.2540070218288,,1736412825.3290956,,1736412788
move,274,323,660.7284183994959,,1736412825.3296008,,1736412788
move,275,324,1403.9388405954373,,1736412825.3306081,,1736412788
move,275,326,3943.868359191349,,1736412825.3311152,,1736412788
move,276,327,547.7046723467888,,1736412825.3336973,,1736412788
move,276,328,0,,1736412825.3336973,,1736412788
move,276,329,613.8305283184545,,1736412825.3369453,,1736412788
move,279,330,1953.3952634985087,,1736412825.3369453,,1736412788
move,279,331,385.01046447585827,,1736412825.3400612,,1736412788
move,280,333,4312.06844243645,,1736412825.3400612,,1736412788
move,280,334,831.0489399643352,,1736412825.3412645,,1736412788
move,281,335,877.4617753721483,,1736412825.3428762,,1736412788
move,281,336,636.4649468892261,,1736412825.3444474,,1736412788
move,282,337,0,,1736412825.3444474,,1736412788
move,283,337,585.1428571428571,,1736412825.3461564,,1736412788
move,283,338,612.217778426507,,1736412825.3477898,,1736412788
move,284,339,0,,1736412825.3477898,,1736412788
move,285,339,617.5359246171967,,1736412825.3499713,,1736412788
move,285,341,3557.509754028838,,1736412825.3509815,,1736412788
move,285,342,659.1708313688512,,1736412825.3514884,,1736412788
move,287,343,2215.1036519365325,,1736412825.353006,,1736412788
move,288,344,2783.5014554273685,,1736412825.353006,,1736412788
move,288,345,388.46938964527186,,1736412825.35558,,1736412788
move,289,345,0,,1736412825.35558,,1736412788
move,289,346,643.1995092777181,,1736412825.3571348,,1736412788
move,290,347,904.9033717033901,,1736412825.3586977,,1736412788
move,290,348,0,,1736412825.3586977,,1736412788
move,291,350,690.7312463027897,,1736412825.361935,,1736412788
move,292,351,2563.3714786152646,,1736412825.3640363,,1736412788
move,292,353,1290.555076923077,,1736412825.3640363,,1736412788
move,293,353,640.0585991149092,,1736412825.3655987,,1736412788
move,293,354,633.8679159740063,,1736412825.3671763,,1736412788
move,295,355,1409.4903610308504,,1736412825.3687627,,1736412788
move,295,357,1293.3407338883749,,1736412825.370309,,1736412788
move,296,357,0,,1736412825.3718727,,1736412788
move,296,358,469.05658689331244,,1736412825.373007,,1736412788
move,297,358,1766.7666385846671,,1736412825.373007,,1736412788
move,297,359,713.317006802721,,1736412825.374409,,1736412788
move,297,360,738.303819750044,,1736412825.3757634,,1736412788
move,298,360,643.5942918520792,,1736412825.3773172,,1736412788
move,298,361,646.6703669441874,,1736412825.3788636,,1736412788
move,298,362,636.5615419638792,,1736412825.3819897,,1736412788
move,299,362,643.0022995554193,,1736412825.3819897,,1736412788
move,299,363,373.2915628337487,,1736412825.3846686,,1736412788
move,300,365,725.5724015394769,,1736412825.3877504,,1736412788
move,301,366,448.1784360797675,,1736412825.3909059,,1736412788
move,301,367,386.8570374469655,,1736412825.3934908,,1736412788
move,301,368,158.15625942684767,,1736412825.3998137,,1736412788
move,303,368,643.1995092777181,,1736412825.4039333,,1736412788
move,303,369,989.9230587679962,,1736412825.4039333,,1736412788
move,303,370,214.59728830903043,,1736412825.4085932,,1736412788
move,304,370,324.235003092146,,1736412825.4116774,,1736412788
move,305,370,380.2632819582956,,1736412825.4158928,,1736412788
move,305,371,322.53952629960014,,1736412825.4174075,,1736412788
move,305,373,194.23019750399408,,1736412825.4277046,,1736412788
move,306,373,74.69155017362657,,1736412825.441093,,1736412788
move,306,372,46.7071714922049,,1736412825.462503,,1736412788
move,306,371,164.1156630277419,,1736412825.4685962,,1736412788
move,306,370,124.59685708344473,,1736412825.476622,,1736412788
move,306,369,366.5708792169201,,1736412825.4809413,,1736412788
move,306,368,161.14584293837405,,1736412825.4855556,,1736412788
move,306,367,166.81132675787464,,1736412825.4915504,,1736412788
move,306,366,311.84416356877324,,1736412825.4947572,,1736412788
move,306,366,0.0,,1736412825.4988778,,1736412788
move,306,364,751.9368949444246,,1736412825.5005305,,1736412788
move,306,363,206.03743184162695,,1736412825.505384,,1736412788
move,306,362,347.9017916390179,,1736412825.5082583,,1736412788
move,305,361,332.845609197897,,1736412825.513013,,1736412788
move,305,360,274.49633507853406,,1736412825.5161502,,1736412788
move,305,359,304.309947036204,,1736412825.5194364,,1736412788
move,305,358,118.90301913536499,,1736412825.5278466,,1736412788
move,305,356,640.5962581137838,,1736412825.5309687,,1736412788
move,305,355,154.61161899144795,,1736412825.5374365,,1736412788
move,305,354,181.03867403314916,,1736412825.5429602,,1736412788
move,305,353,105.80188179502056,,1736412825.5524118,,1736412788
move,305,352,66.58259516779376,,1736412825.5674307,,1736412788
move,305,351,46.67442662719918,,1736412825.5888557,,1736412788
move,305,350,47.81304788937907,,1736412825.6097705,,1736412788
move,305,350,0.0,,1736412825.6360347,,1736412788
move,305,348,1324.5867677246172,,1736412825.6360347,,1736412788
click_press,305,348,,Button.left,1736412825.6469204,,1736412788
click_release,305,348,,Button.left,1736412825.6930435,,1736412788
move,305,349,13.62574474858847,,1736412825.7110832,,1736412788
move,305,348,17.9481535367367,,1736412825.7651412,,1736412788
click_press,305,348,,Button.left,1736412825.7757614,,1736412788
click_release,305,348,,Button.left,1736412825.8599257,,1736412788
move,305,349,7.4328083133674525,,1736412825.901271,,1736412788
move,305,348,7.377311398826118,,1736412826.0352306,,1736412788
move,305,347,116.48902960617674,,1736412826.0443428,,1736412788
move,305,346,54.52246256239601,,1736412826.0621562,,1736412788
move,305,345,68.18010988653727,,1736412826.0768232,,1736412788
move,305,344,103.55794775566639,,1736412826.0864797,,1736412788
move,304,343,157.46745603853893,,1736412826.0954607,,1736412788
move,304,342,76.76392320503669,,1736412826.1084876,,1736412788
move,304,341,185.79419712070876,,1736412826.11387,,1736412788
move,302,341,751.802115074386,,1736412826.1165302,,1736412788
move,302,339,402.7562896101402,,1736412826.121496,,1736412788
move,301,339,245.53939819693244,,1736412826.1255686,,1736412788
move,301,338,0,,1736412826.127175,,1736412788
move,300,338,208.07143565829944,,1736412826.1308928,,1736412788
move,300,337,158.62279706527494,,1736412826.136679,,1736412788
move,300,336,189.5473608098337,,1736412826.1429622,,1736412788
move,300,335,232.22988760312276,,1736412826.1462607,,1736412788
move,299,335,694.0764520933311,,1736412826.1477015,,1736412788
move,299,334,155.23535289981123,,1736412826.1541433,,1736412788
move,298,334,633.8679159740063,,1736412826.155721,,1736412788
move,298,333,614.8202873057754,,1736412826.1573474,,1736412788
move,298,331,740.8467720568754,,1736412826.160047,,1736412788
move,297,331,639.9609398840403,,1736412826.1616096,,1736412788
move,297,330,991.5612293144208,,1736412826.1626182,,1736412788
move,296,330,512.9392197627492,,1736412826.1645677,,1736412788
move,296,329,614.6400937866354,,1736412826.1661947,,1736412788
move,294,328,673.6639033399855,,1736412826.169514,,1736412788
move,294,327,479.29425208547593,,1736412826.1716003,,1736412788
move,293,326,653.1206343884302,,1736412826.1737657,,1736412788
move,293,325,323.38504240555125,,1736412826.176858,,1736412788
move,292,325,634.0595616024187,,1736412826.178435,,1736412788
move,292,323,0,,1736412826.1799984,,1736412788
move,292,322,320.00488288700694,,1736412826.18156,,1736412788
move,291,321,518.9083721035537,,1736412826.1842854,,1736412788
move,291,320,648.470006184292,,1736412826.1858275,,1736412788
move,290,319,907.8116929163946,,1736412826.1873853,,1736412788
move,290,318,642.6082426842347,,1736412826.1889415,,1736412788
move,290,317,643.6930632289748,,1736412826.190495,,1736412788
move,289,317,660.0006294256491,,1736412826.1920102,,1736412788
move,289,315,1258.7947178871548,,1736412826.193599,,1736412788
move,288,315,1786.3304940374787,,1736412826.1941588,,1736412788
move,288,314,988.0574793875147,,1736412826.1951709,,1736412788
move,288,313,0,,1736412826.196973,,1736412788
move,286,313,1109.7510252678926,,1736412826.196973,,1736412788
move,286,312,629.7753753753753,,1736412826.198561,,1736412788
move,286,311,636.2718446601941,,1736412826.2001326,,1736412788
move,285,310,897.5096991247877,,1736412826.2017083,,1736412788
move,285,309,1903.0417422867513,,1736412826.2022338,,1736412788
move,284,309,659.5854694134298,,1736412826.20375,,1736412788
move,284,308,1977.5124941065535,,1736412826.2042556,,1736412788
move,284,306,1259.7399008860189,,1736412826.2058432,,1736412788
move,283,306,0,,1736412826.2058432,,1736412788
move,283,305,626.4830470500374,,1736412826.2074394,,1736412788
move,282,305,0,,1736412826.209034,,1736412788
move,282,304,627.1387559808612,,1736412826.209034,,1736412788
move,282,303,637.916958174905,,1736412826.2106016,,1736412788
move,281,302,1269.0718017791448,,1736412826.211716,,1736412788
move,281,301,0,,1736412826.211716,,1736412788
move,281,300,602.0244007463758,,1736412826.214015,,1736412788
move,280,300,860.5465736561346,,1736412826.214539,,1736412788
move,280,298,1743.630845977967,,1736412826.215686,,1736412788
move,279,297,0,,1736412826.215686,,1736412788
move,277,296,1432.0886948082575,,1736412826.2188318,,1736412788
move,277,295,631.1969902182092,,1736412826.2188318,,1736412788
move,277,294,646.6703669441874,,1736412826.2203782,,1736412788
move,276,293,0,,1736412826.2219503,,1736412788
move,275,292,417.30980733894205,,1736412826.223767,,1736412788
move,274,290,2222.9791093385347,,1736412826.224773,,1736412788
move,274,289,0,,1736412826.224773,,1736412788
move,274,288,643.7918649270913,,1736412826.2263262,,1736412788
move,273,287,0,,1736412826.2279003,,1736412788
move,272,287,635.308088458043,,1736412826.2279003,,1736412788
move,272,286,646.5706798211809,,1736412826.229447,,1736412788
move,271,285,0,,1736412826.2310126,,1736412788
move,271,284,638.6940764428201,,1736412826.2310126,,1736412788
move,269,282,1805.9496427205731,,1736412826.2325788,,1736412788
move,269,281,651.1883247942866,,1736412826.2341144,,1736412788
move,268,280,1401.616635518838,,1736412826.2351234,,1736412788
move,267,279,889.4349379990587,,1736412826.2367134,,1736412788
move,266,279,0,,1736412826.2367134,,1736412788
move,266,278,644.1873752111811,,1736412826.2382658,,1736412788
move,266,277,636.2718446601941,,1736412826.2398374,,1736412788
move,265,276,0,,1736412826.2398374,,1736412788
move,264,275,906.28595897872,,1736412826.2413979,,1736412788
move,264,273,0,,1736412826.2429843,,1736412788
move,263,272,454.9851654150282,,1736412826.2445061,,1736412788
move,261,271,2070.363987262534,,1736412826.2455862,,1736412788
move,260,270,865.8066853766928,,1736412826.2472196,,1736412788
move,259,269,902.8373822702774,,1736412826.248786,,1736412788
move,259,268,643.2981595092025,,1736412826.2503405,,1736412788
move,258,267,0,,1736412826.2518945,,1736412788
move,257,265,1438.899794768223,,1736412826.2518945,,1736412788
move,257,264,689.285784716516,,1736412826.2548745,,1736412788
move,256,263,924.7960089672158,,1736412826.2558858,,1736412788
move,256,262,656.077584858439,,1736412826.2563987,,1736412788
move,255,261,1404.271212480048,,1736412826.2574058,,1736412788
move,253,261,1284.4293370081152,,1736412826.2589629,,1736412788
move,252,260,904.4894177364627,,1736412826.2605264,,1736412788
move,252,257,2282.4074006892797,,1736412826.2618408,,1736412788
move,251,257,0,,1736412826.2618408,,1736412788
move,251,256,622.300296735905,,1736412826.2634478,,1736412788
move,250,255,928.4147130248431,,1736412826.264971,,1736412788
move,249,254,0,,1736412826.2660244,,1736412788
move,249,253,949.3671344499774,,1736412826.2660244,,1736412788
move,248,252,786.168535654834,,1736412826.2678232,,1736412788
move,247,250,1419.08743566338,,1736412826.269399,,1736412788
move,247,249,0,,1736412826.2709608,,1736412788
move,247,248,640.2540070218288,,1736412826.2709608,,1736412788
move,246,248,643.6930632289748,,1736412826.2725143,,1736412788
move,244,247,0,,1736412826.2740767,,1736412788
move,244,246,640.0585991149092,,1736412826.2750876,,1736412788
move,243,246,658.9637077769049,,1736412826.2755942,,1736412788
move,243,244,3878.228386500231,,1736412826.27611,,1736412788
move,242,244,991.5612293144208,,1736412826.2771184,,1736412788
move,241,241,941.7462254441122,,1736412826.2804763,,1736412788
move,240,240,0,,1736412826.2804763,,1736412788
move,240,239,644.6824469720258,,1736412826.2820275,,1736412788
move,239,238,902.150813918741,,1736412826.283595,,1736412788
move,238,238,0,,1736412826.283595,,1736412788
move,238,237,515.8411019554791,,1736412826.2855337,,1736412788
move,238,236,991.0926275992439,,1736412826.2865427,,1736412788
move,236,236,0,,1736412826.2865427,,1736412788
move,235,233,1015.1196876744891,,1736412826.2896578,,1736412788
move,234,233,0,,1736412826.2896578,,1736412788
move,234,232,638.7913493755711,,1736412826.2912233,,1736412788
move,233,231,886.5104769863582,,1736412826.2928185,,1736412788
move,233,230,614.7301773413454,,1736412826.2944453,,1736412788
move,232,230,0,,1736412826.296025,,1736412788
move,232,228,1266.0138846966495,,1736412826.296025,,1736412788
move,232,227,780.6260934301135,,1736412826.297306,,1736412788
move,231,227,0,,1736412826.298896,,1736412788
move,231,226,628.9254760833708,,1736412826.298896,,1736412788
move,229,225,1436.2555684991237,,1736412826.300453,,1736412788
move,229,224,638.6940764428201,,1736412826.3020186,,1736412788
move,229,223,642.3130168453292,,1736412826.3035755,,1736412788
move,228,223,0,,1736412826.3051362,,1736412788
move,228,222,640.7430491903452,,1736412826.3051362,,1736412788
move,227,222,835.1859816806053,,1736412826.3063335,,1736412788
move,226,221,900.6440330269849,,1736412826.3079038,,1736412788
move,226,219,0,,1736412826.3079038,,1736412788
move,226,218,616.5374099661914,,1736412826.3095257,,1736412788
move,225,217,905.455900093989,,1736412826.3110876,,1736412788
move,224,217,870.9102990033223,,1736412826.3122358,,1736412788
move,224,216,642.8052107279693,,1736412826.3137915,,1736412788
move,224,215,634.5391830559757,,1736412826.3153675,,1736412788
move,224,214,658.4464678178964,,1736412826.3168862,,1736412788
move,223,214,0,,1736412826.3168862,,1736412788
move,221,213,1438.0173048603615,,1736412826.3184412,,1736412788
move,221,211,0,,1736412826.3200586,,1736412788
move,221,210,315.1479449996243,,1736412826.3216143,,1736412788
move,220,210,0,,1736412826.3216143,,1736412788
move,220,209,639.0833460307786,,1736412826.323179,,1736412788
move,219,209,608.0463902580458,,1736412826.3248236,,1736412788
move,219,208,0,,1736412826.3248236,,1736412788
move,218,207,895.4772949148132,,1736412826.326403,,1736412788
move,218,206,386.4649405694278,,1736412826.3289905,,1736412788
move,217,205,899.5513499417232,,1736412826.3305626,,1736412788
move,216,203,1458.36555159373,,1736412826.3320959,,1736412788
move,216,202,544.9271144601793,,1736412826.333931,,1736412788
move,216,201,635.9824109173617,,1736412826.3355033,,1736412788
move,215,201,0,,1736412826.3371139,,1736412788
move,215,200,467.175762976164,,1736412826.3376439,,1736412788
move,214,199,643.2055521053701,,1736412826.3398426,,1736412788
move,212,198,1438.2378258394845,,1736412826.3413973,,1736412788
move,212,197,639.4730904101235,,1736412826.342961,,1736412788
move,212,196,635.4043326768672,,1736412826.3445349,,1736412788
move,211,196,0,,1736412826.3445349,,1736412788
move,211,194,1260.6865043582807,,1736412826.3461213,,1736412788
move,210,193,899.0060020484575,,1736412826.3476944,,1736412788
move,210,192,473.451179591376,,1736412826.3498065,,1736412788
move,209,192,1773.490063424947,,1736412826.3519108,,1736412788
move,209,191,649.1725739049683,,1736412826.3519108,,1736412788
move,209,190,649.8766656337156,,1736412826.3534496,,1736412788
move,208,189,0,,1736412826.3550103,,1736412788
move,207,188,442.85811568730196,,1736412826.356643,,1736412788
move,207,186,646.5706798211809,,1736412826.3597362,,1736412788
move,206,185,1233.189522144641,,1736412826.360883,,1736412788
move,204,184,1601.2888615843058,,1736412826.3638504,,1736412788
move,204,183,320.68996100619313,,1736412826.3653977,,1736412788
move,203,183,635.9824109173617,,1736412826.36697,,1736412788
move,203,182,634.6351944318354,,1736412826.3685458,,1736412788
move,203,181,0,,1736412826.370132,,1736412788
move,202,181,317.4136521870743,,1736412826.3716962,,1736412788
move,202,180,0,,1736412826.3716962,,1736412788
move,201,178,1127.2534690263556,,1736412826.3736799,,1736412788
move,201,177,318.9584790874525,,1736412826.376815,,1736412788
move,201,176,332.6964384865551,,1736412826.3798208,,1736412788
move,200,176,992.2649633309676,,1736412826.3819716,,1736412788
move,200,175,874.906967042136,,1736412826.3819716,,1736412788
move,199,175,636.8515031885819,,1736412826.3835418,,1736412788
move,199,174,639.2781588172535,,1736412826.385106,,1736412788
move,199,173,315.8361445783133,,1736412826.3898435,,1736412788
move,199,172,160.16741131095583,,1736412826.3945158,,1736412788
move,199,170,639.7657107992678,,1736412826.397642,,1736412788
move,198,170,634.5391830559757,,1736412826.3992178,,1736412788
move,198,169,230.84946887555728,,1736412826.4035497,,1736412788
move,198,168,160.91709188567043,,1736412826.409764,,1736412788
move,198,167,384.44582951420716,,1736412826.4139252,,1736412788
move,198,166,321.27950976637305,,1736412826.4154778,,1736412788
move,198,165,450.1292122773127,,1736412826.4176993,,1736412788
move,198,164,274.3526949241235,,1736412826.4213443,,1736412788
move,198,163,319.46865717114787,,1736412826.4244745,,1736412788
move,198,161,1285.8074800735744,,1736412826.42603,,1736412788
move,198,160,655.4624160025004,,1736412826.4275556,,1736412788
move,198,159,320.54291173098966,,1736412826.4306753,,1736412788
move,198,158,393.6096096096096,,1736412826.4332159,,1736412788
move,198,157,625.6420047732697,,1736412826.4348142,,1736412788
move,198,156,641.0368332569158,,1736412826.4378967,,1736412788
move,198,155,324.58628695248416,,1736412826.439455,,1736412788
move,198,153,1279.3362818362057,,1736412826.4410183,,1736412788
move,198,152,418.1758723828514,,1736412826.4434097,,1736412788
move,198,151,317.5818883925191,,1736412826.4465585,,1736412788
move,198,150,950.8737247789617,,1736412826.448152,,1736412788
move,198,149,1845.2723273207216,,1736412826.448152,,1736412788
move,198,148,274.83808400498003,,1736412826.4517906,,1736412788
move,198,147,636.9482156416097,,1736412826.4539213,,1736412788
move,198,145,1781.399023147165,,1736412826.456038,,1736412788
move,198,144,643.1995092777181,,1736412826.456038,,1736412788
move,198,143,319.76092094228864,,1736412826.4591653,,1736412788
move,196,142,1422.3155690475096,,1736412826.4607375,,1736412788
move,196,141,634.7312348668281,,1736412826.462313,,1736412788
move,196,140,449.7430838515977,,1736412826.4650912,,1736412788
move,196,139,475.43686238948084,,1736412826.4666398,,1736412788
move,196,137,1284.4293370081152,,1736412826.4681969,,1736412788
move,196,136,635.6932403758715,,1736412826.46977,,1736412788
move,196,135,632.4342581423401,,1736412826.4713511,,1736412788
move,195,135,722.1597796143251,,1736412826.472736,,1736412788
move,195,133,0,,1736412826.4742627,,1736412788
move,195,132,473.7720546707331,,1736412826.4748466,,1736412788
move,194,131,1336.256274277027,,1736412826.475905,,1736412788
move,194,130,318.9827363297589,,1736412826.47904,,1736412788
move,194,128,0,,1736412826.47904,,1736412788
move,193,127,810.665792198404,,1736412826.4807844,,1736412788
move,193,126,633.0069423483247,,1736412826.4823642,,1736412788
move,192,125,0,,1736412826.483928,,1736412788
move,192,124,384.37536656891496,,1736412826.4849658,,1736412788
move,191,124,0,,1736412826.4849658,,1736412788
move,191,123,634.3472474289172,,1736412826.4865422,,1736412788
move,191,122,631.8626092196445,,1736412826.4881248,,1736412788
move,190,120,2042.8553392069873,,1736412826.4892194,,1736412788
move,190,119,953.6844020009095,,1736412826.490268,,1736412788
move,190,118,902.5831719388854,,1736412826.491376,,1736412788
move,189,117,907.2562865579264,,1736412826.4929347,,1736412788
move,189,116,787.5148328952309,,1736412826.4942045,,1736412788
move,189,115,366.6029193252338,,1736412826.4969323,,1736412788
move,187,114,0,,1736412826.4969323,,1736412788
move,187,112,732.054105942927,,1736412826.4996643,,1736412788
move,186,111,905.8707393884732,,1736412826.5012255,,1736412788
move,186,110,621.7468129261784,,1736412826.5028338,,1736412788
move,186,109,656.2828978250665,,1736412826.5043576,,1736412788
move,185,109,641.6252103411351,,1736412826.5069807,,1736412788
move,185,108,939.3737961926092,,1736412826.5069807,,1736412788
move,185,107,360.2425491711758,,1736412826.5097566,,1736412788
move,185,106,626.0155223880597,,1736412826.511354,,1736412788
move,184,104,2002.7223707664484,,1736412826.514016,,1736412788
move,184,103,237.85323806283316,,1736412826.5166748,,1736412788
move,184,102,640.8409472880061,,1736412826.5182352,,1736412788
move,183,101,902.150813918741,,1736412826.5198028,,1736412788
move,183,100,327.1943209298697,,1736412826.522859,,1736412788
move,183,99,646.2718027734977,,1736412826.5259607,,1736412788
move,183,98,232.87457664760424,,1736412826.5287006,,1736412788
move,183,97,656.077584858439,,1736412826.5302248,,1736412788
move,182,95,890.8386077411928,,1736412826.5327349,,1736412788
move,182,94,275.99552543265116,,1736412826.5368757,,1736412788
move,182,93,473.34431779708837,,1736412826.5400481,,1736412788
move,181,92,449.91213603729693,,1736412826.541614,,1736412788
move,181,91,313.40536501531795,,1736412826.5448048,,1736412788
move,181,90,173.69156865993043,,1736412826.5505621,,1736412788
move,179,90,1316.4795982423102,,1736412826.5520813,,1736412788
move,179,89,382.6919708029197,,1736412826.5546944,,1736412788
move,179,87,625.8754010296202,,1736412826.559012,,1736412788
move,178,86,383.85048867635555,,1736412826.5615742,,1736412788
move,178,85,189.57306214689265,,1736412826.5668492,,1736412788
move,178,84,316.50347117416237,,1736412826.5700088,,1736412788
move,177,84,648.7709203402939,,1736412826.5715501,,1736412788
move,177,83,207.48473905515706,,1736412826.5763698,,1736412788
move,176,83,253.73889897156684,,1736412826.5803108,,1736412788
move,176,82,649.8766656337156,,1736412826.5818496,,1736412788
move,175,82,658.4464678178964,,1736412826.584935,,1736412788
move,175,81,318.256620380909,,1736412826.5865104,,1736412788
move,174,79,303.3426761853703,,1736412826.5948951,,1736412788
move,174,78,244.7513567135438,,1736412826.5979676,,1736412788
move,173,78,136.57779225008142,,1736412826.6052895,,1736412788
move,173,77,137.18532086086216,,1736412826.6125789,,1736412788
move,173,76,28.751938250193653,,1736412826.6473591,,1736412788
move,171,76,76.56913359377853,,1736412826.6734793,,1736412788
move,171,75,46.96868980963046,,1736412826.69477,,1736412788
move,170,75,71.19367213226059,,1736412826.7088163,,1736412788
click_press,170,75,,Button.left,1736412826.8093343,,1736412788
move,170,75,0.0,,1736412826.8454988,,1736412788
move,170,76,54.02385429815297,,1736412826.8640091,,1736412788
click_release,170,76,,Button.left,1736412826.8656285,,1736412788
move,170,77,89.44604623389917,,1736412826.875189,,1736412788
move,170,78,109.43756196837656,,1736412826.8843267,,1736412788
move,170,80,478.8291569153491,,1736412826.8885036,,1736412788
move,170,81,64.96652777992907,,1736412826.903896,,1736412788
move,170,82,53.88158215896099,,1736412826.9224553,,1736412788
move,170,82,0.0,,1736412826.983828,,1736412788
move,172,82,418.2175690497557,,1736412826.9886103,,1736412788
move,173,82,255.60997013833872,,1736412826.9925225,,1736412788
move,174,82,255.43873325213156,,1736412826.9964373,,1736412788
move,175,82,320.66544342507643,,1736412826.9995558,,1736412788
move,175,83,362.42149831504366,,1736412827.0038857,,1736412788
move,176,83,478.47410449463837,,1736412827.004405,,1736412788
move,177,84,545.0874472997356,,1736412827.0069995,,1736412788
move,178,84,267.63042368555386,,1736412827.010736,,1736412788
move,180,85,2204.689436365604,,1736412827.0117502,,1736412788
move,181,85,655.1552639800062,,1736412827.0148547,,1736412788
move,182,85,428.6901062959935,,1736412827.0161316,,1736412788
move,182,86,478.6379093917608,,1736412827.0176985,,1736412788
move,183,86,0,,1736412827.0176985,,1736412788
move,184,88,1413.1006271356455,,1736412827.019281,,1736412788
move,184,89,634.6351944318354,,1736412827.0208566,,1736412788
move,187,89,2058.722513089005,,1736412827.0223138,,1736412788
move,188,89,610.6134808560198,,1736412827.0239515,,1736412788
move,188,90,656.2828978250665,,1736412827.0254753,,1736412788
move,189,90,0,,1736412827.027045,,1736412788
move,190,91,900.9176186992288,,1736412827.027045,,1736412788
move,191,92,905.732417394369,,1736412827.0286064,,1736412788
move,192,92,631.7674348546468,,1736412827.0301893,,1736412788
move,193,93,824.5262165020465,,1736412827.0319045,,1736412788
move,194,94,676.7417685699627,,1736412827.0339942,,1736412788
move,196,94,1799.3582153582154,,1736412827.0351057,,1736412788
move,197,94,1935.534840793724,,1736412827.0356224,,1736412788
move,198,96,2214.0578050753725,,1736412827.0366323,,1736412788
move,199,97,2758.903070472429,,1736412827.037145,,1736412788
move,200,98,545.9403222748019,,1736412827.0397353,,1736412788
move,201,98,0,,1736412827.0397353,,1736412788
move,202,99,902.5626295672128,,1736412827.0413022,,1736412788
move,204,100,0,,1736412827.0428748,,1736412788
move,205,100,635.8859915100061,,1736412827.0428748,,1736412788
move,206,101,900.2339659304481,,1736412827.0444458,,1736412788
move,209,102,1149.3547520931434,,1736412827.047197,,1736412788
move,209,104,0,,1736412827.047197,,1736412788
move,212,104,1904.770208900999,,1736412827.048772,,1736412788
move,212,105,640.7430491903452,,1736412827.0503328,,1736412788
move,214,106,1430.1233397833605,,1736412827.0518963,,1736412788
move,217,107,0,,1736412827.0531607,,1736412788
move,219,107,1581.860833490477,,1736412827.0531607,,1736412788
move,219,108,644.4843269821757,,1736412827.0547123,,1736412788
move,222,110,2374.0625018655746,,1736412827.056231,,1736412788
move,223,110,0,,1736412827.056231,,1736412788
move,224,111,905.1795515818285,,1736412827.0577934,,1736412788
move,229,112,3262.6755060168225,,1736412827.0593562,,1736412788
move,229,113,639.7657107992678,,1736412827.0609193,,1736412788
move,231,114,1431.4329765414038,,1736412827.0624814,,1736412788
move,234,115,2864.079861618414,,1736412827.0635855,,1736412788
move,236,117,1796.650492659616,,1736412827.0651598,,1736412788
move,240,118,2654.421860007775,,1736412827.066713,,1736412788
move,241,119,0,,1736412827.0683107,,1736412788
move,243,119,1251.844202357857,,1736412827.0683107,,1736412788
move,245,120,1842.583273536204,,1736412827.0695243,,1736412788
move,246,121,1031.5898437418648,,1736412827.0708952,,1736412788
move,248,121,0,,1736412827.0724657,,1736412788
move,249,122,658.4128761811214,,1736412827.073043,,1736412788
move,250,122,1712.6598611678237,,1736412827.073627,,1736412788
move,253,124,0,,1736412827.0751963,,1736412788
move,254,124,637.2385293223944,,1736412827.0751963,,1736412788
move,255,125,887.0407658913896,,1736412827.0767906,,1736412788
move,258,126,3125.9848784244346,,1736412827.0778022,,1736412788
move,260,126,1137.1299986444353,,1736412827.079561,,1736412788
move,260,127,0,,1736412827.079561,,1736412788
move,261,127,634.7312348668281,,1736412827.0811365,,1736412788
move,264,127,0,,1736412827.0811365,,1736412788
move,265,128,892.3787575621668,,1736412827.0832942,,1736412788
move,266,128,874.1775739891622,,1736412827.0838652,,1736412788
move,269,130,0,,1736412827.0838652,,1736412788
move,270,130,643.9895593428528,,1736412827.085418,,1736412788
move,271,130,938.7430617726052,,1736412827.0864832,,1736412788
move,272,130,0,,1736412827.0881343,,1736412788
move,273,131,856.5547439011874,,1736412827.0881343,,1736412788
move,274,131,640.1562881562882,,1736412827.0896964,,1736412788
move,277,131,0,,1736412827.0896964,,1736412788
move,277,132,635.8859915100061,,1736412827.091269,,1736412788
move,278,132,640.0585991149092,,1736412827.0928314,,1736412788
move,279,132,986.8950588235294,,1736412827.0938447,,1736412788
move,280,132,0,,1736412827.0949674,,1736412788
move,281,132,370.91475061903077,,1736412827.0965407,,1736412788
move,282,132,0,,1736412827.0981123,,1736412788
move,284,132,952.4932440104462,,1736412827.0986404,,1736412788
move,285,132,1581.5625942684767,,1736412827.1008449,,1736412788
move,286,132,636.0788595693055,,1736412827.1008449,,1736412788
move,287,132,212.67133150796064,,1736412827.1071033,,1736412788
move,287,132,0.0,,1736412827.1071033,,1736412788
move,286,132,133.7128283601122,,1736412827.114582,,1736412788
move,287,134,0,,1736412827.114582,,1736412788
move,286,133,443.7194495448625,,1736412827.1177692,,1736412788
move,286,133,0,,1736412827.1177692,,1736412788
move,286,132,210.9704743222172,,1736412827.1240993,,1736412788
move,286,132,0.0,,1736412827.1252651,,1736412788
move,286,132,0.0,,1736412827.1268733,,1736412788
move,284,132,12.501427694288626,,1736412827.286855,,1736412788
move,284,133,0,,1736412827.286855,,1736412788
move,285,133,128.17602298077804,,1736412827.2946568,,1736412788
move,286,133,317.3175972159177,,1736412827.2978082,,1736412788
move,287,133,637.4322188449848,,1736412827.2999063,,1736412788
move,289,133,675.8466000644538,,1736412827.3023362,,1736412788
move,290,133,945.9413622011728,,1736412827.3033934,,1736412788
move,293,136,2708.9244640808593,,1736412827.3049595,,1736412788
move,294,137,968.747607629548,,1736412827.3079782,,1736412788
move,293,137,641.5270724992353,,1736412827.3079782,,1736412788
move,302,137,5789.683435582822,,1736412827.3095326,,1736412788
move,303,137,628.1719335030702,,1736412827.3111246,,1736412788
move,304,138,867.3258665763594,,1736412827.312755,,1736412788
move,305,138,940.0053787539221,,1736412827.313819,,1736412788
move,305,139,630.8172657542488,,1736412827.3154042,,1736412788
move,308,141,3257.8151953648667,,1736412827.316511,,1736412788
move,312,141,0,,1736412827.316511,,1736412788
move,313,142,332.9950935561513,,1736412827.3207579,,1736412788
move,314,143,2792.674953632638,,1736412827.3212643,,1736412788
move,318,143,3916.250233426704,,1736412827.3238683,,1736412788
move,319,143,316.62293349437607,,1736412827.325444,,1736412788
move,320,144,1358.5986260915536,,1736412827.326485,,1736412788
move,322,144,0,,1736412827.326485,,1736412788
move,324,145,1269.800820782464,,1736412827.3282459,,1736412788
move,327,147,2279.9303688954788,,1736412827.3298273,,1736412788
move,328,147,637.0449574726609,,1736412827.331397,,1736412788
move,330,148,0,,1736412827.3329163,,1736412788
move,333,148,973.3822232536552,,1736412827.334479,,1736412788
move,336,149,0,,1736412827.33605,,1736412788
move,337,149,636.5615419638792,,1736412827.33605,,1736412788
move,338,150,917.0750775379905,,1736412827.3375921,,1736412788
move,339,150,876.3694107814459,,1736412827.3387332,,1736412788
move,342,152,0,,1736412827.3387332,,1736412788
move,343,152,641.9198041016223,,1736412827.340291,,1736412788
move,344,153,892.2445248970702,,1736412827.341876,,1736412788
move,348,153,2434.3029599535694,,1736412827.3435192,,1736412788
move,348,154,0,,1736412827.3450925,,1736412788
move,350,154,1271.193817245037,,1736412827.3450925,,1736412788
move,353,155,2674.1035966038053,,1736412827.346275,,1736412788
move,354,155,657.8268506900878,,1736412827.3477952,,1736412788
move,355,156,0,,1736412827.3477952,,1736412788
move,356,156,643.5942918520792,,1736412827.349349,,1736412788
move,357,158,1430.1233397833605,,1736412827.3509126,,1736412788
move,360,158,1919.0044227543083,,1736412827.352476,,1736412788
move,361,158,768.7507331378299,,1736412827.3537767,,1736412788
move,361,159,0,,1736412827.3548841,,1736412788
move,363,159,1190.8869960249858,,1736412827.355456,,1736412788
move,365,159,1838.3975454744686,,1736412827.356544,,1736412788
move,366,160,1396.6662588923293,,1736412827.3575566,,1736412788
move,367,160,536.1503259619072,,1736412827.3594217,,1736412788
move,368,160,636.5615419638792,,1736412827.3609927,,1736412788
move,369,161,0,,1736412827.3609927,,1736412788
move,370,161,638.4024353120244,,1736412827.362559,,1736412788
move,371,162,905.3177047490419,,1736412827.3641212,,1736412788
move,373,162,1284.6260336906585,,1736412827.365678,,1736412788
move,374,162,475.1137290439511,,1736412827.3677828,,1736412788
move,375,162,353.2342934141823,,1736412827.3706138,,1736412788
move,375,163,0,,1736412827.3706138,,1736412788
move,376,163,645.4761465066174,,1736412827.372163,,1736412788
move,377,163,638.9859841560025,,1736412827.373728,,1736412788
move,377,164,456.7963406665215,,1736412827.3759172,,1736412788
move,378,164,1760.832913518052,,1736412827.376485,,1736412788
move,379,164,318.11179370496774,,1736412827.3796287,,1736412788
move,379,166,1276.8048706240488,,1736412827.381195,,1736412788
move,381,166,646.6703669441874,,1736412827.3842878,,1736412788
move,382,166,642.0180621460279,,1736412827.3858454,,1736412788
move,382,167,371.34165559982296,,1736412827.3885384,,1736412788
move,383,167,640.3517557251909,,1736412827.3901,,1736412788
move,384,167,630.4379978956862,,1736412827.3916862,,1736412788
move,384,168,0,,1736412827.3916862,,1736412788
move,385,168,324.3352922981751,,1736412827.3947694,,1736412788
move,385,169,0,,1736412827.3947694,,1736412788
move,386,170,525.994644100002,,1736412827.399008,,1736412788
move,387,170,324.58628695248416,,1736412827.400539,,1736412788
move,388,170,641.8215761285386,,1736412827.402097,,1736412788
move,388,171,640.1562881562882,,1736412827.403659,,1736412788
move,390,171,650.885164494103,,1736412827.4067318,,1736412788
move,390,172,1392.0690341851976,,1736412827.4080272,,1736412788
move,391,174,1047.3198059519016,,1736412827.4095852,,1736412788
move,392,174,475.652528918122,,1736412827.4116876,,1736412788
move,392,175,986.1989184105338,,1736412827.4127016,,1736412788
move,393,175,642.4113953132179,,1736412827.4142582,,1736412788
move,394,176,934.5583112518863,,1736412827.4157715,,1736412788
move,395,177,379.4550666271573,,1736412827.4194984,,1736412788
move,396,177,270.6351787327397,,1736412827.4231935,,1736412788
move,398,177,1958.582302124679,,1736412827.4242146,,1736412788
move,398,178,657.8268506900878,,1736412827.4257348,,1736412788
move,399,178,640.9388753056235,,1736412827.427295,,1736412788
move,399,179,873.2675411201333,,1736412827.42844,,1736412788
move,400,179,460.96318276733706,,1736412827.4306095,,1736412788
move,401,179,246.00023460410557,,1736412827.4346745,,1736412788
move,402,180,556.8048063001711,,1736412827.4372144,,1736412788
move,403,180,632.4342581423401,,1736412827.4387956,,1736412788
move,403,181,612.128429655575,,1736412827.4404292,,1736412788
move,404,181,728.810425716768,,1736412827.4418013,,1736412788
move,406,183,602.8091058450938,,1736412827.4464934,,1736412788
move,407,183,359.16287035451273,,1736412827.4492776,,1736412788
move,408,183,623.6883271375465,,1736412827.450881,,1736412788
move,409,183,209.45338327091136,,1736412827.4556553,,1736412788
move,410,183,173.785125336648,,1736412827.4629683,,1736412788
move,411,183,135.43993800051666,,1736412827.468793,,1736412788
move,412,183,20.100177313461447,,1736412827.5185437,,1736412788
move,412,184,50.515524509213535,,1736412827.5383396,,1736412788
move,412,185,216.13439142533238,,1736412827.5439725,,1736412788
move,412,186,146.7463438527745,,1736412827.5497808,,1736412788
move,412,187,644.1873752111811,,1736412827.5513332,,1736412788
move,412,187,0.0,,1736412827.5528667,,1736412788
move,412,188,612.664913818288,,1736412827.554499,,1736412788
move,412,189,320.5919131697623,,1736412827.5576181,,1736412788
move,412,191,0,,1736412827.5576181,,1736412788
move,412,192,315.90750922648186,,1736412827.5607836,,1736412788
move,412,193,386.25140436504284,,1736412827.5633726,,1736412788
move,411,193,614.3700014647723,,1736412827.5650003,,1736412788
move,411,194,0,,1736412827.5650003,,1736412788
move,411,195,631.5771721126337,,1736412827.5665836,,1736412788
move,411,196,629.6808287043988,,1736412827.569798,,1736412788
move,411,197,614.9104236915408,,1736412827.569798,,1736412788
move,411,199,1276.0279890477639,,1736412827.5729377,,1736412788
move,410,200,445.6195328311714,,1736412827.575048,,1736412788
move,410,201,1964.5451990632318,,1736412827.5760562,,1736412788
move,410,202,390.5310986964618,,1736412827.5776086,,1736412788
move,409,203,915.6594012836867,,1736412827.579153,,1736412788
move,409,204,580.2052842716835,,1736412827.5808766,,1736412788
move,409,205,635.019530658592,,1736412827.5824513,,1736412788
move,408,207,1436.6955977786886,,1736412827.5840077,,1736412788
move,408,208,633.7721365971593,,1736412827.5855856,,1736412788
move,408,209,0,,1736412827.5855856,,1736412788
move,407,210,447.9753494083319,,1736412827.5887425,,1736412788
move,407,211,988.5232147065756,,1736412827.589754,,1736412788
move,407,212,480.612352469348,,1736412827.5918348,,1736412788
move,407,213,0,,1736412827.5918348,,1736412788
move,405,213,1279.1412015858493,,1736412827.5933983,,1736412788
move,405,214,952.3851044504995,,1736412827.5944483,,1736412788
move,405,216,0,,1736412827.5944483,,1736412788
move,404,217,723.0182351920676,,1736412827.5964043,,1736412788
move,404,218,799.9816898722106,,1736412827.5976543,,1736412788
move,404,219,0,,1736412827.5976543,,1736412788
move,403,220,507.6287207116579,,1736412827.6004403,,1736412788
move,403,221,0,,1736412827.6004403,,1736412788
move,403,222,638.6940764428201,,1736412827.602006,,1736412788
move,403,225,1927.2341859396538,,1736412827.6035626,,1736412788
move,402,225,992.2649633309676,,1736412827.6045704,,1736412788
move,402,226,0,,1736412827.6045704,,1736412788
move,402,227,644.4843269821757,,1736412827.606122,,1736412788
move,402,228,627.8898203592814,,1736412827.6077147,,1736412788
move,401,229,0,,1736412827.6077147,,1736412788
move,401,231,1253.3405050052293,,1736412827.6093104,,1736412788
move,401,232,0,,1736412827.6108806,,1736412788
move,400,233,548.2108689016379,,1736412827.61189,,1736412788
move,400,234,1966.3872480075013,,1736412827.6123986,,1736412788
move,399,235,0,,1736412827.6139603,,1736412788
move,399,236,640.3517557251909,,1736412827.6149716,,1736412788
move,399,239,1171.0481154025128,,1736412827.616522,,1736412788
move,399,240,0,,1736412827.616522,,1736412788
move,397,241,1443.5506945204368,,1736412827.618071,,1736412788
move,397,242,381.3350304573143,,1736412827.6206934,,1736412788
move,397,243,1955.3864801864802,,1736412827.6212049,,1736412788
move,397,244,638.4024353120244,,1736412827.6227713,,1736412788
move,396,245,903.1123023014194,,1736412827.6243372,,1736412788
move,396,247,1809.839913700108,,1736412827.6254423,,1736412788
move,396,248,0,,1736412827.6270747,,1736412788
move,396,249,310.5741577193632,,1736412827.628662,,1736412788
move,396,250,637.8199513381995,,1736412827.63023,,1736412788
move,395,250,656.077584858439,,1736412827.6317542,,1736412788
move,395,251,0,,1736412827.6317542,,1736412788
move,395,252,652.30233281493,,1736412827.6332872,,1736412788
move,395,253,640.1562881562882,,1736412827.6348493,,1736412788
move,395,255,725.4071255620893,,1736412827.6376064,,1736412788
move,395,256,0,,1736412827.6376064,,1736412788
move,395,257,319.9316552250191,,1736412827.640732,,1736412788
move,395,258,655.7698561601001,,1736412827.642257,,1736412788
move,395,259,587.6021294480247,,1736412827.6439588,,1736412788
move,395,260,383.6721551408708,,1736412827.6465652,,1736412788
move,395,261,452.06984263849967,,1736412827.6487772,,1736412788
move,394,261,644.8806888068881,,1736412827.650328,,1736412788
move,394,263,0,,1736412827.651885,,1736412788
move,394,264,325.39208688906126,,1736412827.6534011,,1736412788
move,394,265,640.8409472880061,,1736412827.6549616,,1736412788
move,394,266,234.75144120445515,,1736412827.6592214,,1736412788
move,394,267,645.4761465066174,,1736412827.6607707,,1736412788
move,394,268,323.9845512127298,,1736412827.6638572,,1736412788
move,394,269,274.44245239808936,,1736412827.667501,,1736412788
move,393,269,478.6379093917608,,1736412827.6695902,,1736412788
move,393,271,1286.596319018405,,1736412827.6711447,,1736412788
move,393,272,386.7143647427623,,1736412827.6737306,,1736412788
move,393,273,1961.7885874649205,,1736412827.6758156,,1736412788
move,393,274,236.4853405502932,,1736412827.678469,,1736412788
move,393,275,323.58463200123435,,1736412827.6815593,,1736412788
move,392,275,635.8859915100061,,1736412827.683132,,1736412788
move,392,276,658.6532663316583,,1736412827.6846502,,1736412788
move,392,277,321.00903107301394,,1736412827.6877654,,1736412788
move,392,278,841.0475235612593,,1736412827.6889544,,1736412788
move,391,278,645.575496382946,,1736412827.6905034,,1736412788
move,391,280,1257.8509521667415,,1736412827.6920934,,1736412788
move,391,281,471.64106600697176,,1736412827.6942136,,1736412788
move,391,282,393.8313615023474,,1736412827.6967528,,1736412788
move,391,283,460.50768555116383,,1736412827.699931,,1736412788
move,389,284,886.7116254419285,,1736412827.701446,,1736412788
move,389,285,633.9637243047158,,1736412827.7030234,,1736412788
move,389,286,311.08091670993105,,1736412827.706238,,1736412788
move,389,288,1264.487187217365,,1736412827.7078197,,1736412788
move,388,288,620.4591715976331,,1736412827.7094314,,1736412788
move,388,289,606.1132947976879,,1736412827.7110813,,1736412788
move,388,290,624.3381958916344,,1736412827.712683,,1736412788
move,388,291,277.71330199298154,,1736412827.7162838,,1736412788
move,387,291,996.0351460460698,,1736412827.7188718,,1736412788
move,387,292,385.4350303253078,,1736412827.7198822,,1736412788
move,387,293,660.1045011016682,,1736412827.7213972,,1736412788
move,387,294,316.9579082596539,,1736412827.7245522,,1736412788
move,387,296,638.0139945238819,,1736412827.727687,,1736412788
move,386,296,0,,1736412827.727687,,1736412788
move,386,297,320.76353624961763,,1736412827.7308044,,1736412788
move,386,298,396.4745250023632,,1736412827.7349107,,1736412788
move,386,299,631.2919927754365,,1736412827.7349107,,1736412788
move,385,299,648.5702798824802,,1736412827.7364526,,1736412788
move,385,300,627.9838299146579,,1736412827.738045,,1736412788
move,385,301,316.76640737104447,,1736412827.7412019,,1736412788
move,385,302,386.0736377025037,,1736412827.743792,,1736412788
move,385,304,1272.736762251555,,1736412827.7453635,,1736412788
move,384,304,626.2024484920872,,1736412827.7469604,,1736412788
move,384,305,623.59559916741,,1736412827.748564,,1736412788
move,383,305,383.77747277884527,,1736412827.7511697,,1736412788
move,383,306,631.482083709726,,1736412827.7527533,,1736412788
move,383,307,605.0640507789959,,1736412827.7560565,,1736412788
move,382,308,434.4570132216892,,1736412827.757661,,1736412788
move,382,309,630.9121540312876,,1736412827.759246,,1736412788
move,380,310,599.6642495076266,,1736412827.762975,,1736412788
move,380,311,742.8806234502302,,1736412827.764321,,1736412788
move,380,313,1273.5096402003946,,1736412827.7658916,,1736412788
move,379,313,638.6940764428201,,1736412827.7674572,,1736412788
move,379,314,0,,1736412827.7691054,,1736412788
move,378,314,305.84103835496575,,1736412827.770727,,1736412788
move,378,316,1854.6557594516914,,1736412827.7718053,,1736412788
move,377,317,901.1913706344154,,1736412827.7749412,,1736412788
move,376,318,451.00681276731467,,1736412827.7765102,,1736412788
move,375,320,522.7259426094794,,1736412827.780788,,1736412788
move,375,321,0,,1736412827.780788,,1736412788
move,374,322,929.8701366226246,,1736412827.7823088,,1736412788
move,372,322,1263.3445783132531,,1736412827.783892,,1736412788
move,372,323,625.2689326177698,,1736412827.7854912,,1736412788
move,371,324,0,,1736412827.7870598,,1736412788
move,371,325,637.5291077671378,,1736412827.7870598,,1736412788
move,370,325,641.1348211556099,,1736412827.7886195,,1736412788
move,369,326,907.6727775846554,,1736412827.7901776,,1736412788
move,368,328,861.0676516984281,,1736412827.7927744,,1736412788
move,368,329,1956.2985074626865,,1736412827.7932856,,1736412788
move,368,330,986.6629028463891,,1736412827.7942991,,1736412788
move,367,331,660.0981083369377,,1736412827.7969491,,1736412788
move,366,332,2786.11629944374,,1736412827.7969491,,1736412788
move,364,332,1269.6546087482973,,1736412827.7985244,,1736412788
move,364,333,0,,1736412827.8000963,,1736412788
move,363,334,428.30829673736173,,1736412827.8018262,,1736412788
move,362,336,1456.32746308995,,1736412827.8033617,,1736412788
move,362,337,616.0846063454759,,1736412827.8049848,,1736412788
move,362,338,0,,1736412827.8062317,,1736412788
move,361,338,801.97017208413,,1736412827.8062317,,1736412788
move,361,339,635.4043326768672,,1736412827.8078055,,1736412788
move,359,339,1252.9660941000748,,1736412827.8094018,,1736412788
move,359,340,617.6268590781917,,1736412827.8110209,,1736412788
move,359,341,660.1045011016682,,1736412827.8130677,,1736412788
move,357,342,2071.7359978571412,,1736412827.813615,,1736412788
move,356,343,0,,1736412827.815182,,1736412788
move,356,345,819.2800078132631,,1736412827.8160563,,1736412788
move,355,345,1916.0822293284605,,1736412827.8165781,,1736412788
move,355,346,688.3807648120794,,1736412827.8180308,,1736412788
move,354,347,1263.126405774217,,1736412827.8191504,,1736412788
move,353,347,633.1024905660378,,1736412827.82073,,1736412788
move,353,348,0,,1736412827.82073,,1736412788
move,352,349,447.4346836777342,,1736412827.8238907,,1736412788
move,351,350,928.4147130248431,,1736412827.8269713,,1736412788
move,351,351,319.3713546029087,,1736412827.828545,,1736412788
move,350,351,907.6615451201038,,1736412827.8296468,,1736412788
move,350,353,0,,1736412827.8312128,,1736412788
move,348,354,592.1301131573507,,1736412827.8334231,,1736412788
move,347,354,992.4997633696166,,1736412827.8344307,,1736412788
move,347,355,587.7668161434977,,1736412827.836132,,1736412788
move,346,355,313.7570317175344,,1736412827.8393192,,1736412788
move,346,356,638.9859841560025,,1736412827.8408842,,1736412788
move,346,357,236.93955485255904,,1736412827.8451047,,1736412788
move,345,357,659.0672532998115,,1736412827.846622,,1736412788
move,345,358,342.36421516610886,,1736412827.8495429,,1736412788
move,344,358,171.04946780310755,,1736412827.855389,,1736412788
move,343,358,51.851306078550145,,1736412827.874675,,1736412788
move,343,359,636.9482156416097,,1736412827.876245,,1736412788
move,342,359,51.12947228554362,,1736412827.8958032,,1736412788
move,340,359,77.57963173616699,,1736412827.9215832,,1736412788
move,340,359,0.0,,1736412827.9370687,,1736412788
move,339,359,205.13053259646892,,1736412827.941988,,1736412788
move,339,358,611.3254627605305,,1736412827.941988,,1736412788
move,338,358,307.59049574655324,,1736412827.9468548,,1736412788
move,338,357,269.2626308018232,,1736412827.9500873,,1736412788
move,337,357,362.0148455031935,,1736412827.9517152,,1736412788
move,337,356,607.6059684195277,,1736412827.953361,,1736412788
move,337,355,310.9425457780414,,1736412827.956577,,1736412788
move,336,355,325.41733260920165,,1736412827.95965,,1736412788
move,336,354,385.29340437258867,,1736412827.9622455,,1736412788
move,335,352,726.7531082758062,,1736412827.9653223,,1736412788
move,335,351,626.9512705530643,,1736412827.9669173,,1736412788
move,335,350,173.75632793404864,,1736412827.9726725,,1736412788
move,335,349,321.5504446488807,,1736412827.9757824,,1736412788
move,334,349,636.4649468892261,,1736412827.9773536,,1736412788
move,334,348,629.3029257314329,,1736412827.9799502,,1736412788
move,334,347,396.6620011348591,,1736412827.9814637,,1736412788
move,334,346,320.68996100619313,,1736412827.984582,,1736412788
move,334,344,637.2869406670212,,1736412827.9877203,,1736412788
move,332,344,1236.5283018867924,,1736412827.9893377,,1736412788
move,332,343,380.5392850662312,,1736412827.9919655,,1736412788
move,332,342,639.5706007929247,,1736412827.993529,,1736412788
move,331,342,322.63876923076924,,1736412827.9966285,,1736412788
move,331,341,318.81301307388264,,1736412827.9997652,,1736412788
move,331,340,387.1784362595772,,1736412828.002348,,1736412788
move,330,339,444.8175179239387,,1736412828.0055273,,1736412788
move,330,338,210.30405134376252,,1736412828.0102823,,1736412788
move,330,337,320.3715245951726,,1736412828.0134037,,1736412788
move,329,337,145.54964083700594,,1736412828.0202742,,1736412788
move,329,335,1288.5726574500768,,1736412828.0218263,,1736412788
move,329,334,318.6192646611972,,1736412828.0249648,,1736412788
move,328,333,135.1941105758569,,1736412828.0354254,,1736412788
move,328,332,93.44764281258355,,1736412828.0461266,,1736412788
move,327,331,147.30776073498703,,1736412828.055727,,1736412788
move,326,331,209.0566714848228,,1736412828.0605104,,1736412788
move,326,330,249.51243307555026,,1736412828.0645182,,1736412788
move,326,329,142.10753853972557,,1736412828.0715551,,1736412788
move,324,329,616.4920996545895,,1736412828.0747993,,1736412788
move,324,327,623.6419597055981,,1736412828.0780063,,1736412788
move,323,327,203.993190992656,,1736412828.0829084,,1736412788
move,323,326,107.28217720482914,,1736412828.0922296,,1736412788
move,322,326,241.09352187158706,,1736412828.0963774,,1736412788
move,322,325,299.8287225677318,,1736412828.0997126,,1736412788
move,321,325,265.41188381952793,,1736412828.1039944,,1736412788
move,321,324,474.95232702978143,,1736412828.1055858,,1736412788
move,321,323,205.23090473161423,,1736412828.1104584,,1736412788
move,320,323,299.72159496927253,,1736412828.1137948,,1736412788
move,320,322,316.43183704262543,,1736412828.116955,,1736412788
move,320,321,387.82283865002313,,1736412828.1195335,,1736412788
move,320,319,632.529633539436,,1736412828.1226954,,1736412788
move,319,319,620.3674012720012,,1736412828.1243074,,1736412788
move,319,318,239.00529944726196,,1736412828.1284914,,1736412788
move,318,318,646.8698334361505,,1736412828.1300373,,1736412788
move,318,317,771.579102281089,,1736412828.132962,,1736412788
move,317,316,324.3283723284883,,1736412828.1356938,,1736412788
move,317,315,217.52432320298723,,1736412828.141852,,1736412788
move,315,315,425.9041429731925,,1736412828.1449869,,1736412788
move,315,314,650.4813895781638,,1736412828.1465242,,1736412788
move,315,313,170.86829347781807,,1736412828.1523767,,1736412788
move,314,313,161.86724297622723,,1736412828.1585546,,1736412788
move,314,311,415.70979731403935,,1736412828.1649716,,1736412788
move,314,310,147.24089026188304,,1736412828.1701572,,1736412788
move,313,310,73.62949179320636,,1736412828.1837387,,1736412788
move,313,309,249.80964860035735,,1736412828.1877418,,1736412788
move,313,309,0.0,,1736412828.2935727,,1736412788
move,313,310,102.46003517686144,,1736412828.3033326,,1736412788
move,313,312,270.41707230585735,,1736412828.3107285,,1736412788
move,313,313,230.9893160039652,,1736412828.3150578,,1736412788
move,313,314,204.6700824671839,,1736412828.3199437,,1736412788
move,313,315,158.55084297270733,,1736412828.3262508,,1736412788
move,313,315,0.0,,1736412828.3284662,,1736412788
move,313,316,993.6754323619996,,1736412828.3294725,,1736412788
move,313,317,249.4085746565975,,1736412828.333482,,1736412788
move,313,318,263.26286718553854,,1736412828.3372805,,1736412788
move,313,320,628.6426858513189,,1736412828.340462,,1736412788
move,313,321,208.20570861255894,,1736412828.345265,,1736412788
move,313,322,312.89101081685936,,1736412828.348461,,1736412788
move,314,322,185.6543909348442,,1736412828.3538473,,1736412788
move,314,323,1914.333181195801,,1736412828.3560073,,1736412788
move,314,324,122.33284722627312,,1736412828.362544,,1736412788
move,314,325,67.20671697992277,,1736412828.3780756,,1736412788
move,314,325,0.0,,1736412828.4768524,,1736412788
move,314,325,0.0,,1736412828.554958,,1736412788
move,314,326,52.836965558942836,,1736412828.5738842,,1736412788
move,316,326,1262.7740478699384,,1736412828.575468,,1736412788
move,316,328,196.19721208719244,,1736412828.585662,,1736412788
move,316,329,77.52299275469466,,1736412828.5985613,,1736412788
move,316,330,70.27989276139411,,1736412828.61279,,1736412788
move,316,331,37.01324579285027,,1736412828.6398075,,1736412788
move,317,331,7.3746393387569515,,1736412828.7754073,,1736412788
move,317,332,208.82768235001245,,1736412828.780196,,1736412788
move,318,332,315.24269071777525,,1736412828.783368,,1736412788
move,318,333,316.2886660131212,,1736412828.7865298,,1736412788
move,319,333,606.4638519375361,,1736412828.7881787,,1736412788
move,320,333,315.76481216592634,,1736412828.7918525,,1736412788
move,320,334,660.0006294256491,,1736412828.7928607,,1736412788
move,321,334,368.9570724841661,,1736412828.795571,,1736412788
move,322,334,644.4843269821757,,1736412828.7971227,,1736412788
move,322,336,1233.4374356712249,,1736412828.7987442,,1736412788
move,323,336,464.6398582031683,,1736412828.801926,,1736412788
move,325,336,1942.706808707735,,1736412828.801926,,1736412788
move,325,337,631.1969902182092,,1736412828.8035102,,1736412788
move,326,337,0,,1736412828.8050752,,1736412788
move,327,338,451.6593011129005,,1736412828.8066413,,1736412788
move,328,338,629.2085208520853,,1736412828.8082306,,1736412788
move,329,338,643.4955507824486,,1736412828.8107917,,1736412788
move,330,339,1404.271212480048,,1736412828.8107917,,1736412788
move,331,339,346.23609047383195,,1736412828.81368,,1736412788
move,333,339,0,,1736412828.81368,,1736412788
move,333,340,467.2278043889941,,1736412828.8158202,,1736412788
move,334,340,989.4560037744751,,1736412828.8168309,,1736412788
move,335,340,1949.9321245932124,,1736412828.8173437,,1736412788
move,336,340,991.7956963821234,,1736412828.818352,,1736412788
move,336,341,0,,1736412828.8199084,,1736412788
move,337,341,642.5098039215686,,1736412828.8209188,,1736412788
move,338,341,657.8268506900878,,1736412828.8214285,,1736412788
move,339,341,994.6179748636472,,1736412828.822434,,1736412788
move,341,342,0,,1736412828.822434,,1736412788
move,342,342,640.6451809989308,,1736412828.8239949,,1736412788
move,343,342,660.1045011016682,,1736412828.8255098,,1736412788
move,344,343,1275.3475814912326,,1736412828.8266187,,1736412788
move,345,343,0,,1736412828.8266187,,1736412788
move,346,343,642.6082426842347,,1736412828.8281748,,1736412788
move,347,345,1415.8739224485626,,1736412828.829754,,1736412788
move,349,345,0,,1736412828.829754,,1736412788
move,351,345,1275.83391634981,,1736412828.8313217,,1736412788
move,352,345,0,,1736412828.8329904,,1736412788
move,353,346,646.7119059655171,,1736412828.8335085,,1736412788
move,356,346,2980.3202273803886,,1736412828.834515,,1736412788
move,357,347,1168.5661153498272,,1736412828.8357253,,1736412788
move,358,347,0,,1736412828.8357253,,1736412788
move,360,347,1278.1666920615571,,1736412828.83729,,1736412788
move,361,348,0,,1736412828.838849,,1736412788
move,363,348,1282.857929346995,,1736412828.838849,,1736412788
move,364,348,636.2718446601941,,1736412828.8404207,,1736412788
move,366,348,1893.5909706546274,,1736412828.841477,,1736412788
move,367,349,0,,1736412828.841477,,1736412788
move,370,350,2023.1168150022688,,1736412828.84304,,1736412788
move,371,350,643.0022995554193,,1736412828.8445952,,1736412788
move,372,350,0,,1736412828.8445952,,1736412788
move,375,352,2363.6727316167103,,1736412828.8461206,,1736412788
move,376,352,641.2328390154411,,1736412828.84768,,1736412788
move,378,352,0,,1736412828.84768,,1736412788
move,379,352,625.9221011789285,,1736412828.8492777,,1736412788
move,382,353,2019.1130825323298,,1736412828.850844,,1736412788
move,384,353,1984.0605487228004,,1736412828.851852,,1736412788
move,385,353,0,,1736412828.851852,,1736412788
move,385,354,633.3893083660525,,1736412828.8534307,,1736412788
move,389,354,0,,1736412828.854998,,1736412788
move,390,355,902.2880440395076,,1736412828.854998,,1736412788
move,392,355,1447.809458060062,,1736412828.8563795,,1736412788
move,394,355,0,,1736412828.8579562,,1736412788
move,395,355,634.2513231513685,,1736412828.8579562,,1736412788
move,396,355,637.3353593678772,,1736412828.8595252,,1736412788
move,399,356,0,,1736412828.8595252,,1736412788
move,400,356,642.5098039215686,,1736412828.8610816,,1736412788
move,402,356,1318.134506599623,,1736412828.862599,,1736412788
move,403,358,2214.0578050753725,,1736412828.8636088,,1736412788
move,405,358,0,,1736412828.8636088,,1736412788
move,406,358,631.2919927754365,,1736412828.865193,,1736412788
move,407,358,657.1054363152123,,1736412828.8667147,,1736412788
move,409,359,0,,1736412828.8667147,,1736412788
move,411,359,1271.386480751743,,1736412828.8682878,,1736412788
move,412,359,640.2540070218288,,1736412828.8698497,,1736412788
move,413,360,0,,1736412828.8698497,,1736412788
move,415,360,1290.555076923077,,1736412828.8713994,,1736412788
move,416,360,0,,1736412828.8713994,,1736412788
move,418,360,1165.4081689358154,,1736412828.8731155,,1736412788
move,420,360,1252.9660941000748,,1736412828.8747118,,1736412788
move,421,361,0,,1736412828.8747118,,1736412788
move,422,361,478.6925359506962,,1736412828.8768008,,1736412788
move,423,361,992.734674556213,,1736412828.877808,,1736412788
move,424,362,0,,1736412828.877808,,1736412788
move,426,362,1102.3137976346911,,1736412828.8796225,,1736412788
move,427,362,871.9966735966736,,1736412828.8807693,,1736412788
move,428,362,1964.5451990632318,,1736412828.8812783,,1736412788
move,429,363,902.5626295672128,,1736412828.8828452,,1736412788
move,430,363,1766.7666385846671,,1736412828.8839755,,1736412788
move,431,363,1771.991550485847,,1736412828.8839755,,1736412788
move,432,363,641.3308868501529,,1736412828.8855348,,1736412788
move,434,365,0,,1736412828.8855348,,1736412788
move,435,365,638.7913493755711,,1736412828.8871002,,1736412788
move,436,365,643.1995092777181,,1736412828.888655,,1736412788
move,437,365,867.4879007238883,,1736412828.8898077,,1736412788
move,438,365,0,,1736412828.8898077,,1736412788
move,438,366,643.5942918520792,,1736412828.8913615,,1736412788
move,439,366,0,,1736412828.8929095,,1736412788
move,440,366,645.9732019097489,,1736412828.8929095,,1736412788
move,442,366,1355.1870759289177,,1736412828.8943853,,1736412788
move,443,366,633.6763861610515,,1736412828.8959634,,1736412788
move,444,367,871.2752058630615,,1736412828.8975866,,1736412788
move,445,367,819.5201250488473,,1736412828.8988068,,1736412788
move,446,367,653.9295291549735,,1736412828.9019043,,1736412788
move,446,368,214.54240409207162,,1736412828.904997,,1736412788
move,447,368,632.148304446119,,1736412828.906579,,1736412788
move,448,368,214.43271983640082,,1736412828.9112425,,1736412788
move,448,369,13.6252135891422,,1736412828.9846358,,1736412788
move,448,369,0.0,,1736412829.0803237,,1736412788
move,448,369,0.0,,1736412829.0880504,,1736412788
move,447,369,210.7055159248468,,1736412829.0927963,,1736412788
move,446,369,101.34596240274489,,1736412829.1026635,,1736412788
move,446,368,196.14216236438457,,1736412829.1077619,,1736412788
move,445,368,612.664913818288,,1736412829.109394,,1736412788
move,444,368,234.24014296883726,,1736412829.1136632,,1736412788
move,443,367,284.24581184184984,,1736412829.1186385,,1736412788
move,441,367,402.6982862080553,,1736412829.123605,,1736412788
move,441,366,609.7258322430586,,1736412829.125245,,1736412788
move,440,366,481.1085111264051,,1736412829.1273236,,1736412788
move,439,364,1060.5845145651112,,1736412829.129432,,1736412788
move,438,364,321.033601224646,,1736412829.132547,,1736412788
move,437,363,393.60594568783824,,1736412829.1361399,,1736412788
move,436,363,389.9864249186425,,1736412829.138704,,1736412788
move,436,362,0,,1736412829.138704,,1736412788
move,435,362,625.1757340885378,,1736412829.1418657,,1736412788
move,433,362,648.7207485886629,,1736412829.1433866,,1736412788
move,433,361,0,,1736412829.1449678,,1736412788
move,432,361,317.36561743341406,,1736412829.1465375,,1736412788
move,431,360,883.8685146052336,,1736412829.1481376,,1736412788
move,430,360,597.2239783568276,,1736412829.149812,,1736412788
move,429,359,448.48341157687304,,1736412829.1529653,,1736412788
move,428,359,0,,1736412829.153975,,1736412788
move,427,359,497.66302800189845,,1736412829.1560638,,1736412788
move,427,358,918.1926444833625,,1736412829.1570632,,1736412788
move,425,358,2001.0992366412213,,1736412829.1570632,,1736412788
move,424,356,1000.2931807059811,,1736412829.1592987,,1736412788
move,423,356,992.4997633696166,,1736412829.1603062,,1736412788
move,422,356,709.9363574813812,,1736412829.1617148,,1736412788
move,421,355,879.4131358807595,,1736412829.163323,,1736412788
move,420,355,355.3892560582952,,1736412829.1661367,,1736412788
move,420,354,0,,1736412829.1661367,,1736412788
move,419,354,611.5928842228055,,1736412829.1677718,,1736412788
move,418,354,655.1552639800062,,1736412829.1692982,,1736412788
move,416,353,2222.9791093385347,,1736412829.170304,,1736412788
move,415,353,623.3175806211918,,1736412829.1719084,,1736412788
move,414,353,697.0756190792754,,1736412829.173343,,1736412788
move,413,351,1359.0420029414981,,1736412829.1749883,,1736412788
move,412,351,617.4450169291919,,1736412829.1766078,,1736412788
move,411,351,0,,1736412829.1766078,,1736412788
move,410,351,376.0695776921008,,1736412829.179267,,1736412788
move,410,350,0,,1736412829.179267,,1736412788
move,408,350,1132.830249831195,,1736412829.1810324,,1736412788
move,407,350,0,,1736412829.1826081,,1736412788
move,406,350,634.6351944318354,,1736412829.1826081,,1736412788
move,405,348,0,,1736412829.1841702,,1736412788
move,404,348,320.76353624961763,,1736412829.1857257,,1736412788
move,403,347,0,,1736412829.1857257,,1736412788
move,402,347,634.155427880254,,1736412829.1873026,,1736412788
move,400,346,1419.3021886046124,,1736412829.1898901,,1736412788
move,399,346,988.0574793875147,,1736412829.1898901,,1736412788
move,398,346,635.9824109173617,,1736412829.1914625,,1736412788
move,397,345,0,,1736412829.1914625,,1736412788
move,396,345,321.20569765660895,,1736412829.1945758,,1736412788
move,395,344,0,,1736412829.1945758,,1736412788
move,394,344,616.0846063454759,,1736412829.196199,,1736412788
move,392,344,1282.0736665138315,,1736412829.197759,,1736412788
move,391,344,637.3353593678772,,1736412829.199328,,1736412788
move,390,343,1382.3448150817344,,1736412829.200351,,1736412788
move,389,343,0,,1736412829.2019274,,1736412788
move,388,342,451.76249821140306,,1736412829.2034814,,1736412788
move,387,342,0,,1736412829.2034814,,1736412788
move,386,342,638.7913493755711,,1736412829.205047,,1736412788
move,385,340,1435.8158086802325,,1736412829.2066042,,1736412788
move,383,340,1330.2581668252458,,1736412829.2081077,,1736412788
move,382,340,384.3401447814533,,1736412829.2107096,,1736412788
move,382,339,988.0574793875147,,1736412829.2117217,,1736412788
move,381,339,1915.207305936073,,1736412829.2122438,,1736412788
move,380,339,633.0069423483247,,1736412829.2138236,,1736412788
move,379,338,0,,1736412829.2138236,,1736412788
move,378,338,644.3853126440314,,1736412829.2169356,,1736412788
move,377,338,640.9388753056235,,1736412829.2169356,,1736412788
move,375,337,855.8033454055369,,1736412829.2195485,,1736412788
move,374,337,474.36145668400815,,1736412829.2216566,,1736412788
move,374,336,0,,1736412829.2216566,,1736412788
move,373,336,640.0585991149092,,1736412829.223219,,1736412788
move,372,336,639.7657107992678,,1736412829.224782,,1736412788
move,371,336,638.8886519421172,,1736412829.226967,,1736412788
move,371,335,880.6013017006088,,1736412829.2274828,,1736412788
move,370,335,0,,1736412829.2274828,,1736412788
move,370,334,643.9895593428528,,1736412829.2290356,,1736412788
move,369,334,644.4843269821757,,1736412829.2305872,,1736412788
move,367,334,0,,1736412829.2305872,,1736412788
move,366,333,464.49816769896023,,1736412829.2336318,,1736412788
move,365,333,320.56741057780494,,1736412829.2367513,,1736412788
move,364,333,0,,1736412829.2367513,,1736412788
move,364,331,1293.1413596423617,,1736412829.238298,,1736412788
move,363,331,636.2718446601941,,1736412829.2398696,,1736412788
move,362,331,323.85947031117286,,1736412829.2439656,,1736412788
move,362,330,991.7956963821234,,1736412829.2439656,,1736412788
move,361,330,648.1693710400248,,1736412829.2455084,,1736412788
move,359,330,668.4149800796813,,1736412829.2485006,,1736412788
move,359,329,0,,1736412829.2485006,,1736412788
move,358,329,647.9691024254596,,1736412829.2500439,,1736412788
move,357,329,390.71299487657194,,1736412829.2526033,,1736412788
move,357,328,325.31637322578143,,1736412829.2556772,,1736412788
move,356,328,640.2540070218288,,1736412829.257239,,1736412788
move,355,328,314.4627380416854,,1736412829.2604191,,1736412788
move,354,328,242.64167534420918,,1736412829.2645404,,1736412788
move,354,327,0,,1736412829.2645404,,1736412788
move,353,327,214.29029785929598,,1736412829.269207,,1736412788
move,352,326,194.0537704555803,,1736412829.2764947,,1736412788
move,350,326,123.05244165407578,,1736412829.292748,,1736412788
move,350,325,8.503024700368154,,1736412829.4103532,,1736412788
move,350,323,62.88830413302446,,1736412829.4421556,,1736412788
move,351,323,204.5403296596118,,1736412829.4470446,,1736412788
move,352,323,63.43856252646863,,1736412829.462808,,1736412788
move,353,323,57.50348231423087,,1736412829.4801981,,1736412788
move,354,323,83.72699870246531,,1736412829.4921417,,1736412788
move,354,324,108.03657625634288,,1736412829.5013978,,1736412788
move,355,324,312.029757476566,,1736412829.5046027,,1736412788
move,356,324,102.99089011663597,,1736412829.5143123,,1736412788
move,357,324,131.7513428616303,,1736412829.5219023,,1736412788
move,358,324,271.5462903016962,,1736412829.525585,,1736412788
move,358,325,913.7917211328976,,1736412829.5266793,,1736412788
move,360,325,283.3606269423051,,1736412829.5337374,,1736412788
move,360,326,355.63032050195017,,1736412829.5365493,,1736412788
move,361,326,1856.7082779991147,,1736412829.537088,,1736412788
move,362,326,231.69110092249903,,1736412829.541909,,1736412788
move,363,326,485.7329473074696,,1736412829.5434628,,1736412788
move,363,327,633.3893083660525,,1736412829.5450416,,1736412788
move,364,327,630.3432521791403,,1736412829.546628,,1736412788
move,365,327,321.2549019607843,,1736412829.5497408,,1736412788
move,366,327,625.8287078484035,,1736412829.5513387,,1736412788
move,368,328,2197.45755911417,,1736412829.5539503,,1736412788
move,369,328,627.3263535746336,,1736412829.5539503,,1736412788
move,370,328,648.3697634874014,,1736412829.5554926,,1736412788
move,371,329,871.0193247453337,,1736412829.5571163,,1736412788
move,372,329,643.3968400061359,,1736412829.5586705,,1736412788
move,373,329,640.3517557251909,,1736412829.5602322,,1736412788
move,374,329,635.9824109173617,,1736412829.5618045,,1736412788
move,374,330,920.0052643123493,,1736412829.5628915,,1736412788
move,376,330,0,,1736412829.5628915,,1736412788
move,377,332,1500.3597604062195,,1736412829.5643818,,1736412788
move,378,332,789.293187805796,,1736412829.5656488,,1736412788
move,379,332,0,,1736412829.5656488,,1736412788
move,380,332,698.2360579324122,,1736412829.567081,,1736412788
move,380,333,936.4375976780532,,1736412829.5681489,,1736412788
move,383,333,1929.3026678932843,,1736412829.5697038,,1736412788
move,383,334,0,,1736412829.5697038,,1736412788
move,385,334,1280.8990685600854,,1736412829.5712652,,1736412788
move,386,334,630.9121540312876,,1736412829.5728502,,1736412788
move,387,334,1946.3127610208817,,1736412829.573364,,1736412788
move,390,335,2933.1167269250054,,1736412829.5744421,,1736412788
move,391,335,639.0833460307786,,1736412829.576007,,1736412788
move,392,335,641.9198041016223,,1736412829.5775647,,1736412788
move,394,336,0,,1736412829.5775647,,1736412788
move,396,336,1284.8227906264358,,1736412829.5791214,,1736412788
move,398,336,1266.0138846966495,,1736412829.580701,,1736412788
move,401,338,2308.116321258198,,1736412829.5822632,,1736412788
move,404,339,2128.9813545994984,,1736412829.5837486,,1736412788
move,405,339,0,,1736412829.5837486,,1736412788
move,407,340,1412.6749303056602,,1736412829.5853314,,1736412788
move,410,340,1882.8238814903486,,1736412829.5869248,,1736412788
move,411,340,0,,1736412829.5869248,,1736412788
move,412,341,948.7590533454451,,1736412829.5884154,,1736412788
move,414,341,0,,1736412829.5884154,,1736412788
move,417,341,1916.3740481267134,,1736412829.5899808,,1736412788
move,418,343,1434.2787677472515,,1736412829.5915399,,1736412788
move,421,343,0,,1736412829.5915399,,1736412788
move,422,344,906.28595897872,,1736412829.5931003,,1736412788
move,424,344,1979.3789523360076,,1736412829.5941107,,1736412788
move,428,345,2650.7600272763116,,1736412829.5956662,,1736412788
move,428,346,0,,1736412829.5956662,,1736412788
move,432,346,2548.566914780495,,1736412829.5972357,,1736412788
move,435,346,1906.5018181818182,,1736412829.5988092,,1736412788
move,436,347,0,,1736412829.5988092,,1736412788
move,439,349,2337.7304277142853,,1736412829.6003516,,1736412788
move,441,349,0,,1736412829.6019094,,1736412788
move,444,349,1925.7594123048668,,1736412829.6019094,,1736412788
move,446,350,1443.106456731694,,1736412829.603459,,1736412788
move,449,351,3129.672920989824,,1736412829.6049793,,1736412788
move,452,351,5882.6143057503505,,1736412829.605988,,1736412788
move,454,353,2803.8958173083065,,1736412829.605988,,1736412788
move,456,353,1280.5080140436576,,1736412829.60755,,1736412788
move,459,354,0,,1736412829.60755,,1736412788
move,462,354,1912.5873233014136,,1736412829.6091185,,1736412788
move,465,355,2019.7280096170055,,1736412829.6106842,,1736412788
move,467,355,1974.2546481525064,,1736412829.6116972,,1736412788
move,468,357,4384.641824356839,,1736412829.6122072,,1736412788
move,472,358,2637.41931034782,,1736412829.6137705,,1736412788
move,473,358,987.8247762600095,,1736412829.6147828,,1736412788
move,477,359,8111.425149132578,,1736412829.615291,,1736412788
move,480,359,2979.614492067251,,1736412829.616298,,1736412788
move,483,361,0,,1736412829.617856,,1736412788
move,485,362,1435.1566736494688,,1736412829.617856,,1736412788
move,488,362,1928.415632183908,,1736412829.620022,,1736412788
move,491,363,2795.8587350663734,,1736412829.6205428,,1736412788
move,493,365,0,,1736412829.6205428,,1736412788
move,496,365,1923.9926605504588,,1736412829.622102,,1736412788
move,499,366,2735.317351857058,,1736412829.623258,,1736412788
move,501,367,0,,1736412829.6248121,,1736412788
move,504,369,2320.15620387906,,1736412829.6248121,,1736412788
move,508,369,2518.3452416691684,,1736412829.6264005,,1736412788
move,511,370,0,,1736412829.6279657,,1736412788
move,514,372,2303.5457938893696,,1736412829.6279657,,1736412788
move,516,372,1255.7796407185629,,1736412829.6295583,,1736412788
move,521,373,0,,1736412829.6295583,,1736412788
move,524,374,2024.043009179746,,1736412829.6311207,,1736412788
move,526,374,1277.7773038842345,,1736412829.632686,,1736412788
move,529,376,0,,1736412829.632686,,1736412788
move,533,377,2704.6541160385764,,1736412829.6342103,,1736412788
move,536,377,1971.0075187969924,,1736412829.6357324,,1736412788
move,540,379,4433.348552256809,,1736412829.6367412,,1736412788
move,543,380,0,,1736412829.6367412,,1736412788
move,546,381,2038.0383895443877,,1736412829.6382928,,1736412788
move,548,381,0,,1736412829.6398501,,1736412788
move,553,383,3457.9023715896324,,1736412829.6398501,,1736412788
move,557,384,3213.8186987457084,,1736412829.641133,,1736412788
move,560,386,2315.8925171337996,,1736412829.64269,,1736412788
move,562,386,0,,1736412829.64269,,1736412788
move,567,387,3273.1616072758297,,1736412829.6442478,,1736412788
move,569,388,1844.032414923177,,1736412829.6454604,,1736412788
move,574,390,0,,1736412829.6454604,,1736412788
move,577,391,1987.0492642928652,,1736412829.6470518,,1736412788
move,579,391,1287.781393920786,,1736412829.6486049,,1736412788
move,582,393,0,,1736412829.6486049,,1736412788
move,586,394,2658.5024470331523,,1736412829.6501558,,1736412788
move,591,394,3209.107880642693,,1736412829.6517138,,1736412788
move,595,396,0,,1736412829.6517138,,1736412788
move,598,396,1895.0168674698796,,1736412829.653297,,1736412788
move,600,397,1795.3194606239047,,1736412829.6545424,,1736412788
move,603,397,2977.49929010885,,1736412829.6560564,,1736412788
move,609,399,12489.222070767302,,1736412829.6560564,,1736412788
move,612,400,3140.0458899514383,,1736412829.6570635,,1736412788
move,614,400,1529.930330111253,,1736412829.6583707,,1736412788
move,619,401,0,,1736412829.6599133,,1736412788
move,621,403,1833.5831843943502,,1736412829.6599133,,1736412788
move,626,404,3282.7072819555287,,1736412829.6614666,,1736412788
move,628,404,0,,1736412829.6614666,,1736412788
move,631,406,2309.5262884672743,,1736412829.6630278,,1736412788
move,635,407,2656.8687076280007,,1736412829.6645796,,1736412788
move,637,407,0,,1736412829.6645796,,1736412788
move,640,408,2078.6011344859544,,1736412829.666101,,1736412788
move,645,408,3089.044041832376,,1736412829.6677196,,1736412788
move,647,410,0,,1736412829.6677196,,1736412788
move,650,411,1960.034555808316,,1736412829.669333,,1736412788
move,653,412,2238.574487621076,,1736412829.6707456,,1736412788
move,657,412,0,,1736412829.6707456,,1736412788
move,660,414,2317.667147415128,,1736412829.6723013,,1736412788
move,663,414,1919.5899313501145,,1736412829.6738641,,1736412788
move,665,415,0,,1736412829.6738641,,1736412788
move,668,415,1902.1786848072563,,1736412829.6754413,,1736412788
move,671,417,2414.6220879584403,,1736412829.6769345,,1736412788
move,673,418,0,,1736412829.6769345,,1736412788
move,676,418,1928.415632183908,,1736412829.6784902,,1736412788
move,679,419,0,,1736412829.6784902,,1736412788
move,681,419,1268.310855760508,,1736412829.680067,,1736412788
move,685,419,2524.7879608728367,,1736412829.6816514,,1736412788
move,687,420,0,,1736412829.6816514,,1736412788
move,689,420,1279.7266209000763,,1736412829.6832142,,1736412788
move,692,422,0,,1736412829.684938,,1736412788
move,694,422,1160.2500691562932,,1736412829.684938,,1736412788
move,695,423,926.2401001742228,,1736412829.6864648,,1736412788
move,698,423,0,,1736412829.6880383,,1736412788
move,700,423,1271.0012121212121,,1736412829.6891046,,1736412788
move,703,424,2965.910965821752,,1736412829.6891046,,1736412788
move,706,424,1917.250038092336,,1736412829.6906693,,1736412788
move,708,426,0,,1736412829.6906693,,1736412788
move,710,426,1280.1171982298183,,1736412829.6922317,,1736412788
move,713,426,1832.907793153678,,1736412829.6938684,,1736412788
move,715,427,0,,1736412829.6938684,,1736412788
move,717,427,1281.877750611247,,1736412829.6954286,,1736412788
move,720,428,0,,1736412829.6969485,,1736412788
move,721,428,657.9300392156863,,1736412829.6969485,,1736412788
move,723,428,1278.7512195121951,,1736412829.6985126,,1736412788
move,724,428,0,,1736412829.7001243,,1736412788
move,727,428,1861.3775147928993,,1736412829.7001243,,1736412788
move,729,428,1270.616176916086,,1736412829.7016983,,1736412788
move,730,429,0,,1736412829.7030337,,1736412788
move,733,429,2246.5474022495982,,1736412829.7030337,,1736412788
move,734,429,638.1110603986003,,1736412829.7046008,,1736412788
move,738,431,0,,1736412829.706162,,1736412788
move,739,431,640.5473427000611,,1736412829.7071743,,1736412788
move,740,431,657.0025062656641,,1736412829.707684,,1736412788
move,743,431,2975.3870891463703,,1736412829.7086923,,1736412788
move,745,431,0,,1736412829.7086923,,1736412788
move,746,431,640.9388753056235,,1736412829.7102525,,1736412788
move,749,432,2015.737665525057,,1736412829.7118213,,1736412788
move,750,432,0,,1736412829.7118213,,1736412788
move,752,432,1280.1171982298183,,1736412829.7133837,,1736412788
move,755,432,1901.603747922019,,1736412829.7149613,,1736412788
move,756,432,0,,1736412829.7149613,,1736412788
move,758,432,1201.462045259238,,1736412829.716626,,1736412788
move,761,432,2972.575478384125,,1736412829.718157,,1736412788
move,762,432,1916.0822293284605,,1736412829.718157,,1736412788
move,765,432,2973.2778827977318,,1736412829.719166,,1736412788
move,766,432,642.7067116150781,,1736412829.720722,,1736412788
move,767,432,0,,1736412829.720722,,1736412788
move,769,432,1311.5397123202001,,1736412829.722247,,1736412788
move,772,432,1924.5812174977057,,1736412829.7238057,,1736412788
move,773,432,0,,1736412829.7238057,,1736412788
move,775,432,1287.5837298541826,,1736412829.725359,,1736412788
move,777,432,0,,1736412829.7269328,,1736412788
move,778,432,635.4043326768672,,1736412829.727949,,1736412788
move,779,432,984.1163772876583,,1736412829.727949,,1736412788
move,781,432,1279.7266209000763,,1736412829.7295117,,1736412788
move,782,432,0,,1736412829.7295117,,1736412788
move,784,432,1288.1769041769041,,1736412829.7310643,,1736412788
move,785,432,625.4554130629288,,1736412829.7326632,,1736412788
move,787,432,0,,1736412829.7326632,,1736412788
move,788,432,657.8268506900878,,1736412829.7341833,,1736412788
move,789,432,638.3052807791812,,1736412829.73575,,1736412788
move,790,432,0,,1736412829.73575,,1736412788
move,792,432,1282.4656780308821,,1736412829.7373095,,1736412788
move,793,432,988.2902921771913,,1736412829.7388318,,1736412788
move,794,432,1959.0397010742643,,1736412829.7398393,,1736412788
move,795,432,992.4997633696166,,1736412829.7398393,,1736412788
move,796,432,646.8698334361505,,1736412829.7413852,,1736412788
move,797,433,905.1795515818285,,1736412829.7429476,,1736412788
move,798,433,647.8690145196169,,1736412829.744491,,1736412788
move,800,433,465.2841533085584,,1736412829.7487895,,1736412788
move,798,433,1286.3990185554362,,1736412829.7503443,,1736412788
move,800,433,0,,1736412829.751905,,1736412788
move,802,433,634.9714631746272,,1736412829.753494,,1736412788
move,801,433,643.0022995554193,,1736412829.7550492,,1736412788
move,798,433,1905.6356201726487,,1736412829.7566235,,1736412788
move,800,433,1258.0395920815836,,1736412829.7582133,,1736412788
move,801,433,990.1567516525024,,1736412829.7592232,,1736412788
move,801,433,0,,1736412829.761091,,1736412788
move,800,433,4.99911681519507,,1736412829.9592586,,1736412788
move,798,433,618.5376788084353,,1736412829.962492,,1736412788
move,798,432,324.6616611192817,,1736412829.965572,,1736412788
move,798,430,1134.2087614926988,,1736412829.9673355,,1736412788
move,797,429,1124.0556379601521,,1736412829.9685936,,1736412788
move,795,428,1394.4021502080402,,1736412829.9701972,,1736412788
move,795,428,0,,1736412829.9701972,,1736412788
move,795,427,629.0197960407918,,1736412829.971787,,1736412788
move,795,426,0,,1736412829.971787,,1736412788
move,795,425,638.5968331303288,,1736412829.973353,,1736412788
move,794,425,0,,1736412829.9749167,,1736412788
move,792,422,1401.684876900891,,1736412829.9759252,,1736412788
move,791,421,0,,1736412829.9759252,,1736412788
move,791,420,634.7312348668281,,1736412829.9775007,,1736412788
move,790,420,0,,1736412829.9775007,,1736412788
move,788,419,1439.783368483156,,1736412829.9790537,,1736412788
move,788,417,1224.0782139209105,,1736412829.9806876,,1736412788
move,787,416,0,,1736412829.9819176,,1736412788
move,785,416,1626.01434386509,,1736412829.9819176,,1736412788
move,785,415,635.7896013339397,,1736412829.9834905,,1736412788
move,784,414,0,,1736412829.9834905,,1736412788
move,783,414,642.1163502755664,,1736412829.9850478,,1736412788
move,782,413,1380.4146152003077,,1736412829.9860723,,1736412788
move,781,412,884.6594483990638,,1736412829.987671,,1736412788
move,778,410,2191.7069763599584,,1736412829.989316,,1736412788
move,777,409,0,,1736412829.9908712,,1736412788
move,776,409,643.0022995554193,,1736412829.9908712,,1736412788
move,775,409,641.0368332569158,,1736412829.9924312,,1736412788
move,774,408,0,,1736412829.9939973,,1736412788
move,773,408,638.4996194245699,,1736412829.9939973,,1736412788
move,771,407,1432.0886948082575,,1736412829.9955587,,1736412788
move,770,407,947.4370905805285,,1736412829.9966142,,1736412788
move,769,407,0,,1736412829.9966142,,1736412788
move,768,405,1423.178886540103,,1736412829.9981854,,1736412788
move,767,405,662.397978521794,,1736412829.999695,,1736412788
move,766,405,0,,1736412829.999695,,1736412788
move,765,403,1430.7778584743369,,1736412830.001258,,1736412788
move,763,403,1290.7536544083705,,1736412830.0028074,,1736412788
move,762,403,0,,1736412830.0028074,,1736412788
move,761,402,896.4246035236092,,1736412830.004385,,1736412788
move,760,402,0,,1736412830.0059626,,1736412788
move,759,401,896.4246035236092,,1736412830.0069757,,1736412788
move,758,401,655.9749765405068,,1736412830.007487,,1736412788
move,757,401,996.0351460460698,,1736412830.008491,,1736412788
move,755,400,0,,1736412830.008491,,1736412788
move,754,400,641.9198041016223,,1736412830.0100489,,1736412788
move,753,399,912.1392590367096,,1736412830.0115993,,1736412788
move,752,399,834.6873631840796,,1736412830.0127974,,1736412788
move,751,399,0,,1736412830.0127974,,1736412788
move,751,398,643.3968400061359,,1736412830.0143516,,1736412788
move,748,398,0,,1736412830.0159109,,1736412788
move,747,397,906.9788381522511,,1736412830.0159109,,1736412788
move,746,397,659.1708313688512,,1736412830.017428,,1736412788
move,745,397,0,,1736412830.017428,,1736412788
move,744,395,1416.9434751925182,,1736412830.019006,,1736412788
move,743,395,645.1782802645747,,1736412830.020556,,1736412788
move,742,395,0,,1736412830.020556,,1736412788
move,741,394,907.2562865579264,,1736412830.0221148,,1736412788
move,738,394,1923.698517046323,,1736412830.0236742,,1736412788
move,737,394,0,,1736412830.0236742,,1736412788
move,736,393,907.5339047606675,,1736412830.0252326,,1736412788
move,735,393,640.5473427000611,,1736412830.0267937,,1736412788
move,732,392,3144.5125270637445,,1736412830.0277994,,1736412788
move,731,392,0,,1736412830.0277994,,1736412788
move,729,392,1276.0279890477639,,1736412830.0293667,,1736412788
move,727,391,0,,1736412830.0309317,,1736412788
move,726,391,638.9859841560025,,1736412830.0309317,,1736412788
move,724,390,1437.7968514946003,,1736412830.032487,,1736412788
move,723,390,0,,1736412830.032487,,1736412788
move,722,390,481.38459772753356,,1736412830.0345643,,1736412788
move,719,390,2977.49929010885,,1736412830.0355718,,1736412788
move,716,388,6969.022182895719,,1736412830.0360892,,1736412788
move,715,388,988.9893892949776,,1736412830.0371003,,1736412788
move,714,387,1382.0227403345114,,1736412830.0381236,,1736412788
move,713,387,630.6275748007819,,1736412830.0397093,,1736412788
move,711,387,0,,1736412830.0397093,,1736412788
move,708,386,2012.6788830280539,,1736412830.0412805,,1736412788
move,707,386,0,,1736412830.042845,,1736412788
move,706,386,639.180737580006,,1736412830.042845,,1736412788
move,703,384,2274.1019754712347,,1736412830.0444305,,1736412788
move,702,384,0,,1736412830.0444305,,1736412788
move,699,383,2026.2074303627978,,1736412830.0459912,,1736412788
move,698,383,644.7815526518064,,1736412830.047542,,1736412788
move,696,382,2210.405105420523,,1736412830.0485537,,1736412788
move,693,382,0,,1736412830.0485537,,1736412788
move,692,382,639.3756097560976,,1736412830.0501177,,1736412788
move,691,382,638.208155812538,,1736412830.0516846,,1736412788
move,688,381,0,,1736412830.0516846,,1736412788
move,686,379,1772.2263524098364,,1736412830.0548382,,1736412788
move,685,379,642.0180621460279,,1736412830.0548382,,1736412788
move,683,379,1295.7380290392339,,1736412830.0563817,,1736412788
move,681,379,0,,1736412830.057935,,1736412788
move,680,379,643.7918649270913,,1736412830.0589445,,1736412788
move,679,378,933.3818413085322,,1736412830.0594501,,1736412788
move,676,377,3144.5125270637445,,1736412830.0604558,,1736412788
move,675,377,0,,1736412830.0604558,,1736412788
move,673,377,1270.039061317184,,1736412830.0620306,,1736412788
move,672,377,638.8886519421172,,1736412830.0635958,,1736412788
move,670,377,0,,1736412830.0635958,,1736412788
move,669,376,905.732417394369,,1736412830.0651572,,1736412788
move,668,376,646.6703669441874,,1736412830.0667036,,1736412788
move,666,376,0,,1736412830.0667036,,1736412788
move,665,375,909.9005371246698,,1736412830.0682578,,1736412788
move,663,375,1981.248937175248,,1736412830.0692673,,1736412788
move,662,375,714.1672058573131,,1736412830.0706675,,1736412788
move,661,373,0,,1736412830.0719311,,1736412788
move,660,373,791.3781132075471,,1736412830.0719311,,1736412788
move,659,373,663.9708722494855,,1736412830.0734372,,1736412788
move,656,373,0,,1736412830.075003,,1736412788
move,655,372,903.2498251127946,,1736412830.075003,,1736412788
move,654,372,630.7224060150376,,1736412830.0765884,,1736412788
move,653,372,0,,1736412830.0765884,,1736412788
move,652,372,640.7430491903452,,1736412830.078149,,1736412788
move,651,371,928.8508614963549,,1736412830.0796716,,1736412788
move,650,371,0,,1736412830.0796716,,1736412788
move,649,371,635.1156874621441,,1736412830.0812461,,1736412788
move,647,371,1285.4134232301562,,1736412830.082802,,1736412788
move,646,371,0,,1736412830.082802,,1736412788
move,645,370,907.8116929163946,,1736412830.08436,,1736412788
move,644,370,0,,1736412830.0859292,,1736412788
move,643,370,637.2385293223944,,1736412830.0859292,,1736412788
move,642,370,637.2385293223944,,1736412830.0874984,,1736412788
move,641,370,0,,1736412830.0874984,,1736412788
move,638,369,2026.8266869124197,,1736412830.0890586,,1736412788
move,637,369,382.83169039795547,,1736412830.0916708,,1736412788
move,636,369,0,,1736412830.0916708,,1736412788
move,635,369,608.3991876994488,,1736412830.0933144,,1736412788
move,633,368,0,,1736412830.0948675,,1736412788
move,632,368,643.890696960393,,1736412830.0948675,,1736412788
move,631,368,641.9198041016223,,1736412830.0964253,,1736412788
move,630,368,639.5706007929247,,1736412830.0979888,,1736412788
move,629,368,642.6082426842347,,1736412830.099545,,1736412788
move,627,368,1315.6537013801756,,1736412830.1010652,,1736412788
move,625,368,773.4287294855246,,1736412830.103651,,1736412788
move,624,368,0,,1736412830.103651,,1736412788
move,624,367,320.1025719300923,,1736412830.106775,,1736412788
move,623,367,0,,1736412830.106775,,1736412788
move,622,367,611.9498103297344,,1736412830.1084092,,1736412788
move,621,367,635.308088458043,,1736412830.1099832,,1736412788
move,620,367,396.025304503824,,1736412830.1125083,,1736412788
move,619,367,0,,1736412830.1125083,,1736412788
move,619,365,645.3768272041852,,1736412830.1156073,,1736412788
move,617,365,1279.5314215985356,,1736412830.1171703,,1736412788
move,616,365,641.9198041016223,,1736412830.1187282,,1736412788
move,615,365,388.8655664750603,,1736412830.1228497,,1736412788
move,614,365,310.45921539600295,,1736412830.1245208,,1736412788
move,613,365,315.31378740039094,,1736412830.1276922,,1736412788
move,612,365,271.3881591717891,,1736412830.131377,,1736412788
move,611,365,247.5684098689647,,1736412830.1359243,,1736412788
move,609,365,641.6252103411351,,1736412830.1385334,,1736412788
move,608,365,158.62279706527494,,1736412830.1448376,,1736412788
move,607,365,145.04128916245938,,1736412830.1517322,,1736412788
move,606,365,264.49136082734265,,1736412830.155513,,1736412788
move,606,366,143.01851536127117,,1736412830.1625051,,1736412788
move,605,366,381.9601129223204,,1736412830.1651232,,1736412788
move,604,366,152.2378135094915,,1736412830.171692,,1736412788
move,603,366,187.26243414590587,,1736412830.177032,,1736412788
move,601,366,187.4549273743017,,1736412830.1877012,,1736412788
move,601,367,600.3870598339536,,1736412830.1909268,,1736412788
move,600,367,641.0368332569158,,1736412830.1909268,,1736412788
move,599,367,131.26479516790286,,1736412830.198545,,1736412788
move,598,367,122.70145978995407,,1736412830.2066948,,1736412788
move,597,367,238.00170232083073,,1736412830.2119036,,1736412788
move,596,367,128.89686539643515,,1736412830.2186546,,1736412788
move,595,367,236.59205776173286,,1736412830.2228813,,1736412788
move,594,367,159.3338398419693,,1736412830.2291574,,1736412788
move,592,367,619.0854612546126,,1736412830.232388,,1736412788
move,591,367,190.2264955326772,,1736412830.237645,,1736412788
move,591,367,0.0,,1736412830.239421,,1736412788
move,590,367,440.43935734537433,,1736412830.2416914,,1736412788
move,589,367,203.3700543056633,,1736412830.2466085,,1736412788
move,588,367,362.64084385267165,,1736412830.249366,,1736412788
move,588,365,1289.1667435069924,,1736412830.2509174,,1736412788
move,587,365,646.5706798211809,,1736412830.252464,,1736412788
move,586,365,234.0702048105363,,1736412830.2567363,,1736412788
move,584,365,1315.8600784313726,,1736412830.2582562,,1736412788
move,584,364,594.2623972796827,,1736412830.259939,,1736412788
move,583,364,624.3381958916344,,1736412830.2615407,,1736412788
move,582,364,644.4843269821757,,1736412830.2630923,,1736412788
move,581,364,374.3243195002231,,1736412830.2657638,,1736412788
move,580,363,501.0255597192096,,1736412830.2685864,,1736412788
move,579,363,626.9512705530643,,1736412830.2701814,,1736412788
move,578,363,642.2146685040576,,1736412830.2717385,,1736412788
move,576,362,719.891684241578,,1736412830.2748446,,1736412788
move,575,362,636.5615419638792,,1736412830.278032,,1736412788
move,574,362,317.77437684673083,,1736412830.2795625,,1736412788
move,573,362,993.6754323619996,,1736412830.2805688,,1736412788
move,573,361,313.7335627197247,,1736412830.2837563,,1736412788
move,572,361,638.0139945238819,,1736412830.2853236,,1736412788
move,571,361,0,,1736412830.2869072,,1736412788
move,570,360,448.31392952276644,,1736412830.2884781,,1736412788
move,568,360,791.5274580109455,,1736412830.291005,,1736412788
move,567,359,450.32201651349243,,1736412830.2941453,,1736412788
move,566,359,320.34705567860686,,1736412830.297267,,1736412788
move,565,357,1427.5112423590988,,1736412830.2998424,,1736412788
move,564,357,385.5413181358581,,1736412830.3014271,,1736412788
move,563,357,320.95990205081114,,1736412830.3045428,,1736412788
move,562,356,457.4413203914338,,1736412830.3076344,,1736412788
move,561,356,323.9845512127298,,1736412830.310721,,1736412788
move,559,356,1987.8218009478674,,1736412830.311727,,1736412788
move,559,355,645.9732019097489,,1736412830.313275,,1736412788
move,558,355,377.72910662824205,,1736412830.3159225,,1736412788
move,557,355,638.7913493755711,,1736412830.317488,,1736412788
move,557,354,320.935343178514,,1736412830.3206038,,1736412788
move,555,354,1255.7796407185629,,1736412830.3221965,,1736412788
move,554,354,313.4287849349873,,1736412830.325387,,1736412788
move,552,353,1430.7778584743369,,1736412830.3269498,,1736412788
move,551,353,636.4649468892261,,1736412830.328521,,1736412788
move,550,353,383.35654876153916,,1736412830.3311296,,1736412788
move,549,352,441.80259209859395,,1736412830.3348475,,1736412788
move,548,352,647.9691024254596,,1736412830.3358738,,1736412788
move,547,351,912.7006618734763,,1736412830.3390028,,1736412788
move,546,351,240.15482393358144,,1736412830.3415873,,1736412788
move,544,351,1194.1079003558718,,1736412830.3432622,,1736412788
move,543,351,702.0930699698695,,1736412830.3446865,,1736412788
move,542,351,636.7548201001973,,1736412830.347866,,1736412788
move,542,349,1242.9408801303896,,1736412830.347866,,1736412788
move,541,349,633.1980676328502,,1736412830.3494453,,1736412788
move,540,349,386.3581429624171,,1736412830.3520336,,1736412788
move,540,348,621.4704400651948,,1736412830.3536427,,1736412788
move,539,348,0,,1736412830.3536427,,1736412788
move,538,348,320.88623670721444,,1736412830.356759,,1736412788
move,538,347,624.3381958916344,,1736412830.3583608,,1736412788
move,536,347,1270.4237467817659,,1736412830.359935,,1736412788
move,535,347,901.8069232423135,,1736412830.361044,,1736412788
move,535,346,321.69842000306795,,1736412830.3641524,,1736412788
move,534,346,644.9798554513302,,1736412830.3657029,,1736412788
move,533,346,0,,1736412830.3657029,,1736412788
move,532,346,320.56741057780494,,1736412830.3688223,,1736412788
move,531,346,642.8052107279693,,1736412830.3719542,,1736412788
move,530,346,323.21060337520225,,1736412830.373472,,1736412788
move,530,345,991.3268730796502,,1736412830.3744807,,1736412788
move,529,345,643.3968400061359,,1736412830.376035,,1736412788
move,527,345,1285.2164853684694,,1736412830.3775911,,1736412788
move,526,345,214.23557053835938,,1736412830.382259,,1736412788
move,525,345,396.99990534784666,,1736412830.3847778,,1736412788
move,524,344,0,,1736412830.3847778,,1736412788
move,523,344,321.8465316144874,,1736412830.3878849,,1736412788
move,523,343,618.0819333922782,,1736412830.3895028,,1736412788
move,522,343,0,,1736412830.3911023,,1736412788
move,521,343,315.76481216592634,,1736412830.3926697,,1736412788
move,519,343,1987.8218009478674,,1736412830.3936758,,1736412788
move,518,343,623.1323726043679,,1736412830.3952806,,1736412788
move,517,343,893.3554845580404,,1736412830.3979516,,1736412788
move,516,343,322.9120024636231,,1736412830.3994968,,1736412788
move,515,343,643.3968400061359,,1736412830.401051,,1736412788
move,515,342,645.8737295965507,,1736412830.4025993,,1736412788
move,514,342,0,,1736412830.4041193,,1736412788
move,513,342,657.9300392156863,,1736412830.4041193,,1736412788
move,511,342,622.6698337292162,,1736412830.4073312,,1736412788
move,511,340,0,,1736412830.4089074,,1736412788
move,510,340,634.4432007260626,,1736412830.4099147,,1736412788
move,509,340,659.8967904342354,,1736412830.41097,,1736412788
move,508,340,485.56425098402406,,1736412830.4124823,,1736412788
move,507,340,495.01994570990206,,1736412830.4145024,,1736412788
move,506,340,465.10357063650474,,1736412830.4166524,,1736412788
move,505,340,486.35250463821893,,1736412830.4187086,,1736412788
move,503,340,1285.8074800735744,,1736412830.4208627,,1736412788
move,502,340,900.2584245546254,,1736412830.4229343,,1736412788
move,501,340,274.9822330033436,,1736412830.426019,,1736412788
move,500,340,658.3431172500392,,1736412830.4265304,,1736412788
move,499,340,992.2649633309676,,1736412830.4275382,,1736412788
move,498,340,136.85855059222763,,1736412830.434845,,1736412788
move,497,340,267.39155935228865,,1736412830.4385848,,1736412788
move,496,340,71.2396222569468,,1736412830.452622,,1736412788
move,496,341,318.37741005009866,,1736412830.4557629,,1736412788
move,496,342,83.52192440957425,,1736412830.4677358,,1736412788
move,496,343,202.3106309087401,,1736412830.4726787,,1736412788
move,496,344,318.256620380909,,1736412830.4758208,,1736412788
move,496,345,381.68204568204567,,1736412830.4784408,,1736412788
move,496,346,631.2919927754365,,1736412830.4800248,,1736412788
move,496,347,621.8389918458117,,1736412830.481633,,1736412788
move,496,348,212.89802548094005,,1736412830.4868414,,1736412788
move,496,350,1302.9835352593973,,1736412830.4883783,,1736412788
move,497,350,650.9861865590564,,1736412830.489401,,1736412788
move,497,351,0,,1736412830.4909635,,1736412788
move,497,352,640.0585991149092,,1736412830.4909635,,1736412788
move,497,353,647.7689575289576,,1736412830.4925072,,1736412788
move,498,353,609.7258322430586,,1736412830.4941473,,1736412788
move,499,353,632.8159324079662,,1736412830.4957275,,1736412788
move,500,356,0,,1736412830.4972641,,1736412788
move,501,356,650.7841737781225,,1736412830.4972641,,1736412788
move,501,357,629.2085208520853,,1736412830.4988534,,1736412788
move,503,357,0,,1736412830.4988534,,1736412788
move,504,357,635.2118733908829,,1736412830.5004277,,1736412788
move,505,358,0,,1736412830.5020425,,1736412788
move,506,360,1384.7259504354463,,1736412830.5020425,,1736412788
move,507,360,641.2328390154411,,1736412830.503602,,1736412788
move,508,361,1317.2644018467072,,1736412830.5046756,,1736412788
move,510,361,0,,1736412830.5046756,,1736412788
move,511,363,1426.6426623515788,,1736412830.506243,,1736412788
move,513,364,1468.4122220603222,,1736412830.5077658,,1736412788
move,514,365,0,,1736412830.5077658,,1736412788
move,515,365,626.4830470500374,,1736412830.509362,,1736412788
move,518,366,0,,1736412830.5109146,,1736412788
move,519,367,668.655349060503,,1736412830.511984,,1736412788
move,520,369,4409.378872731208,,1736412830.511984,,1736412788
move,523,369,1929.5985278331543,,1736412830.5135388,,1736412788
move,526,371,2842.0932412861703,,1736412830.5148075,,1736412788
move,528,373,0,,1736412830.5148075,,1736412788
move,531,373,1934.3446579554188,,1736412830.5163584,,1736412788
move,534,374,0,,1736412830.5179138,,1736412788
move,536,375,1437.5764657111094,,1736412830.5179138,,1736412788
move,539,377,3261.3280433219134,,1736412830.5190194,,1736412788
move,542,377,1926.6440055121727,,1736412830.5205765,,1736412788
move,544,380,0,,1736412830.5205765,,1736412788
move,547,380,1931.0791896869246,,1736412830.52213,,1736412788
move,550,381,2003.5579817454493,,1736412830.5237083,,1736412788
move,554,383,0,,1736412830.5237083,,1736412788
move,557,384,2006.892697708409,,1736412830.525284,,1736412788
move,560,385,0,,1736412830.5268505,,1736412788
move,564,387,2855.0224847181976,,1736412830.5268505,,1736412788
move,568,388,2715.6969877435076,,1736412830.5283687,,1736412788
move,571,390,0,,1736412830.5283687,,1736412788
move,575,391,2612.7146726017004,,1736412830.5299468,,1736412788
move,578,392,3007.608580307228,,1736412830.5309982,,1736412788
move,583,394,3472.7887901635113,,1736412830.532549,,1736412788
move,587,395,0,,1736412830.5341644,,1736412788
move,591,397,2768.225756286682,,1736412830.5351973,,1736412788
move,596,398,3289.7766408153007,,1736412830.5357144,,1736412788
move,600,400,0,,1736412830.5357144,,1736412788
move,605,401,3254.2358402221957,,1736412830.5372813,,1736412788
move,609,404,3276.288079987502,,1736412830.5388074,,1736412788
move,612,404,0,,1736412830.5388074,,1736412788
move,618,406,3981.2558424598155,,1736412830.540396,,1736412788
move,622,407,0,,1736412830.541972,,1736412788
move,629,410,4832.506444934556,,1736412830.541972,,1736412788
move,631,412,1816.179302362438,,1736412830.5435293,,1736412788
move,636,412,0,,1736412830.5450866,,1736412788
move,642,415,4307.447426040698,,1736412830.5450866,,1736412788
move,648,416,3926.8824398768575,,1736412830.5466356,,1736412788
move,652,418,0,,1736412830.5466356,,1736412788
move,659,419,4534.200887873201,,1736412830.5481951,,1736412788
move,663,421,4429.161210058691,,1736412830.5492048,,1736412788
move,669,422,4542.905130320502,,1736412830.5505438,,1736412788
move,676,426,0,,1736412830.5505438,,1736412788
move,682,426,3855.6494561054083,,1736412830.5521,,1736412788
move,686,427,2608.379851877927,,1736412830.5536807,,1736412788
move,692,429,0,,1736412830.5536807,,1736412788
move,699,432,4909.000707087354,,1736412830.555232,,1736412788
move,705,434,4056.1326725244267,,1736412830.5567913,,1736412788
move,711,435,0,,1736412830.5567913,,1736412788
move,720,439,6348.40996980246,,1736412830.5583427,,1736412788
move,725,440,5058.381727043583,,1736412830.5598643,,1736412788
move,731,442,12315.277473681406,,1736412830.5608706,,1736412788
move,737,443,6044.291687249453,,1736412830.5608706,,1736412788
move,746,445,5939.114144586298,,1736412830.562423,,1736412788
move,752,448,0,,1736412830.5639849,,1736412788
move,761,450,5902.8502816976625,,1736412830.5639849,,1736412788
move,765,452,2672.008222877287,,1736412830.5656586,,1736412788
move,772,455,0,,1736412830.5656586,,1736412788
move,783,457,7142.992278978887,,1736412830.5672238,,1736412788
move,787,458,2638.2240149428917,,1736412830.5687866,,1736412788
move,798,462,11592.224239511444,,1736412830.5697963,,1736412788
move,806,462,15599.4569967457,,1736412830.5703092,,1736412788
move,812,463,6021.46688975217,,1736412830.5713193,,1736412788
move,821,467,0,,1736412830.572889,,1736412788
move,827,468,3874.993197430125,,1736412830.572889,,1736412788
move,834,470,4672.531603526983,,1736412830.5744472,,1736412788
move,843,473,0,,1736412830.5744472,,1736412788
move,851,475,5273.230193002182,,1736412830.576011,,1736412788
move,860,477,5905.554703024036,,1736412830.577572,,1736412788
move,869,480,0,,1736412830.577572,,1736412788
move,875,482,4076.0767790887753,,1736412830.5791237,,1736412788
move,886,484,11072.903025146728,,1736412830.5801334,,1736412788
move,896,488,9780.046889466757,,1736412830.5812347,,1736412788
move,904,489,5165.8356130033,,1736412830.5827954,,1736412788
move,913,491,0,,1736412830.5827954,,1736412788
move,922,495,6310.587178964956,,1736412830.584356,,1736412788
move,931,496,0,,1736412830.5859222,,1736412788
move,939,498,5265.20274560836,,1736412830.5859222,,1736412788
move,948,502,6322.176870753689,,1736412830.58748,,1736412788
move,957,503,0,,1736412830.58748,,1736412788
move,969,507,7970.885720645959,,1736412830.589067,,1736412788
move,973,507,2624.310339433756,,1736412830.5905912,,1736412788
move,983,509,0,,1736412830.591815,,1736412788
move,995,513,10335.907920635009,,1736412830.5928707,,1736412788
move,1001,516,6354.165895866719,,1736412830.5928707,,1736412788
move,1012,518,7154.980822626852,,1736412830.5944333,,1736412788
move,1019,520,0,,1736412830.5960703,,1736412788
move,1027,521,4925.074267800699,,1736412830.5960703,,1736412788
move,1036,525,6296.159681985156,,1736412830.5976346,,1736412788
move,1045,527,0,,1736412830.5976346,,1736412788
move,1056,529,7362.811165253005,,1736412830.599153,,1736412788
move,1062,530,3992.0130201658494,,1736412830.6006768,,1736412788
move,1072,534,0,,1736412830.6006768,,1736412788
move,1083,536,7079.369612242813,,1736412830.602256,,1736412788
move,1092,539,0,,1736412830.603808,,1736412788
move,1100,541,5313.737415256001,,1736412830.603808,,1736412788
move,1109,543,5941.851904640655,,1736412830.6053596,,1736412788
move,1120,545,0,,1736412830.6069179,,1736412788
move,1127,546,4537.669523803337,,1736412830.6069179,,1736412788
move,1135,548,5270.819389805138,,1736412830.6084824,,1736412788
move,1144,550,0,,1736412830.6084824,,1736412788
move,1153,553,6052.732205272988,,1736412830.6100497,,1736412788
move,1159,555,4179.471825793249,,1736412830.611563,,1736412788
move,1170,557,11096.484692734593,,1736412830.6125705,,1736412788
move,1179,558,0,,1736412830.6125705,,1736412788
move,1185,560,4064.211380160832,,1736412830.6141267,,1736412788
move,1196,562,7101.884645085021,,1736412830.615701,,1736412788
move,1205,563,0,,1736412830.615701,,1736412788
move,1211,565,4049.3218864768355,,1736412830.6172628,,1736412788
move,1220,567,0,,1736412830.6188786,,1736412788
move,1226,568,3764.6385143691814,,1736412830.6188786,,1736412788
move,1235,570,5936.378906263645,,1736412830.6204317,,1736412788
move,1241,570,5875.746906374037,,1736412830.6214528,,1736412788
move,1249,572,0,,1736412830.623021,,1736412788
move,1255,573,3879.1174109593953,,1736412830.623021,,1736412788
move,1261,575,4064.8341523612858,,1736412830.6245768,,1736412788
move,1270,576,0,,1736412830.6245768,,1736412788
move,1279,578,4297.096587998821,,1736412830.6267223,,1736412788
move,1285,580,12190.766396282053,,1736412830.6272411,,1736412788
move,1291,580,3845.0456837280367,,1736412830.6288016,,1736412788
move,1297,581,0,,1736412830.6288016,,1736412788
move,1306,583,5924.5552620501585,,1736412830.6303577,,1736412788
move,1312,585,4146.804389293379,,1736412830.631883,,1736412788
move,1318,586,0,,1736412830.631883,,1736412788
move,1324,588,4034.5410917581366,,1736412830.6340032,,1736412788
move,1332,588,7548.803599550056,,1736412830.6345103,,1736412788
move,1339,589,7013.054624634337,,1736412830.6355186,,1736412788
move,1345,591,12500.99325085285,,1736412830.6360245,,1736412788
move,1349,592,2655.2369749655545,,1736412830.6375773,,1736412788
move,1357,594,0,,1736412830.6375773,,1736412788
move,1362,594,3217.477753912243,,1736412830.6391313,,1736412788
move,1368,595,3896.892502196417,,1736412830.6406922,,1736412788
move,1374,597,0,,1736412830.6406922,,1736412788
move,1383,599,6050.629353059206,,1736412830.642216,,1736412788
move,1387,599,2465.424834680382,,1736412830.6438384,,1736412788
move,1391,600,0,,1736412830.6438384,,1736412788
move,1400,602,5890.262329840272,,1736412830.6454036,,1736412788
move,1404,602,0,,1736412830.6469724,,1736412788
move,1408,603,2628.200367469705,,1736412830.6469724,,1736412788
move,1414,605,4072.9475937831644,,1736412830.6485252,,1736412788
move,1420,605,0,,1736412830.6485252,,1736412788
move,1425,606,3300.437954003128,,1736412830.6500702,,1736412788
move,1431,608,4081.093488970731,,1736412830.65162,,1736412788
move,1435,608,3951.299105040038,,1736412830.6526322,,1736412788
move,1441,609,0,,1736412830.6526322,,1736412788
move,1446,611,3326.512266748671,,1736412830.654251,,1736412788
move,1450,612,0,,1736412830.6558223,,1736412788
move,1454,612,2545.8597875569044,,1736412830.6558223,,1736412788
move,1459,614,3420.2026485801753,,1736412830.6573968,,1736412788
move,1465,615,0,,1736412830.6590087,,1736412788
move,1467,615,1240.7348025440024,,1736412830.6590087,,1736412788
move,1472,617,3448.9262927505692,,1736412830.6605701,,1736412788
move,1476,618,3522.109657423759,,1736412830.6617408,,1736412788
move,1481,620,5276.1079867375565,,1736412830.6627614,,1736412788
move,1485,621,0,,1736412830.6627614,,1736412788
move,1489,621,2573.5873600245436,,1736412830.6643157,,1736412788
move,1494,623,4865.794547872356,,1736412830.6654224,,1736412788
move,1496,624,1427.9459290955053,,1736412830.6669884,,1736412788
move,1501,624,0,,1736412830.6669884,,1736412788
move,1503,625,1427.7285526410835,,1736412830.6685545,,1736412788
move,1510,627,0,,1736412830.6685545,,1736412788
move,1512,627,1270.4237467817659,,1736412830.6701288,,1736412788
move,1517,628,3282.7072819555287,,1736412830.6716821,,1736412788
move,1519,630,2704.8069318357147,,1736412830.6727278,,1736412788
move,1524,631,4458.377723981712,,1736412830.6738715,,1736412788
move,1526,631,0,,1736412830.6738715,,1736412788
move,1531,633,3448.3997391180883,,1736412830.6754332,,1736412788
move,1533,633,0,,1736412830.6769924,,1736412788
move,1538,634,3270.1587067186956,,1736412830.6769924,,1736412788
move,1540,635,1418.8727477003447,,1736412830.6785684,,1736412788
move,1545,635,0,,1736412830.6785684,,1736412788
move,1547,637,1807.0499928456122,,1736412830.6801336,,1736412788
move,1550,638,2023.1168150022688,,1736412830.6816967,,1736412788
move,1554,638,0,,1736412830.6816967,,1736412788
move,1555,639,678.7551895543795,,1736412830.6837802,,1736412788
move,1559,641,4282.533727077296,,1736412830.6848245,,1736412788
move,1562,641,0,,1736412830.6848245,,1736412788
move,1565,642,2184.7395551235177,,1736412830.686272,,1736412788
move,1567,643,0,,1736412830.6878352,,1736412788
move,1570,643,1919.0044227543083,,1736412830.6878352,,1736412788
move,1573,645,2319.4444995220415,,1736412830.6893897,,1736412788
move,1575,646,0,,1736412830.6910796,,1736412788
move,1578,646,1775.2415349887133,,1736412830.6910796,,1736412788
move,1581,646,1925.464728385616,,1736412830.6926377,,1736412788
move,1583,649,0,,1736412830.6926377,,1736412788
move,1586,649,1970.6988253719655,,1736412830.69416,,1736412788
move,1589,650,1998.1250134309844,,1736412830.6957426,,1736412788
move,1591,650,0,,1736412830.6957426,,1736412788
move,1592,651,907.2562865579264,,1736412830.6973014,,1736412788
move,1595,651,0,,1736412830.698866,,1736412788
move,1597,653,1807.8761357865658,,1736412830.698866,,1736412788
move,1600,654,2024.6609432384178,,1736412830.7004278,,1736412788
move,1603,654,0,,1736412830.7019854,,1736412788
move,1606,656,2314.8290428415294,,1736412830.7019854,,1736412788
move,1607,656,641.9198041016223,,1736412830.7035432,,1736412788
move,1609,657,2221.3995410467264,,1736412830.7045498,,1736412788
move,1612,658,0,,1736412830.7045498,,1736412788
move,1613,658,587.1086226203807,,1736412830.706253,,1736412788
move,1616,659,0,,1736412830.7078109,,1736412788
move,1618,659,1283.8396082032446,,1736412830.7078109,,1736412788
move,1619,661,1415.4465533201446,,1736412830.7093906,,1736412788
move,1622,661,0,,1736412830.7109392,,1736412788
move,1624,662,1443.9952058967326,,1736412830.7109392,,1736412788
move,1627,663,2028.3764855719337,,1736412830.7124982,,1736412788
move,1630,665,2718.9460871779415,,1736412830.7138243,,1736412788
move,1631,665,988.7562470532768,,1736412830.7148356,,1736412788
move,1632,666,2782.195873131202,,1736412830.715344,,1736412788
move,1636,667,4080.594246802892,,1736412830.7163544,,1736412788
move,1637,668,0,,1736412830.7179363,,1736412788
move,1640,669,1999.0284610632818,,1736412830.7179363,,1736412788
move,1642,669,1288.9686539643515,,1736412830.719488,,1736412788
move,1645,671,0,,1736412830.719488,,1736412788
move,1648,672,2039.919077077034,,1736412830.721038,,1736412788
move,1649,673,891.5739668594201,,1736412830.7226243,,1736412788
move,1651,673,0,,1736412830.7226243,,1736412788
move,1654,676,2673.5163468370138,,1736412830.7242112,,1736412788
move,1657,678,3557.4636878108004,,1736412830.7252247,,1736412788
move,1660,679,0,,1736412830.726903,,1736412788
move,1661,679,595.8664583037363,,1736412830.726903,,1736412788
move,1663,680,1428.163371752593,,1736412830.7284687,,1736412788
move,1665,683,0,,1736412830.7284687,,1736412788
move,1667,683,1272.3506749582891,,1736412830.7300406,,1736412788
move,1668,684,907.5339047606675,,1736412830.7315989,,1736412788
move,1672,685,0,,1736412830.7315989,,1736412788
move,1673,686,905.1795515818285,,1736412830.7331612,,1736412788
move,1676,688,2301.092230201417,,1736412830.734728,,1736412788
move,1677,689,1401.9479086541533,,1736412830.7357368,,1736412788
move,1679,690,4409.378872731208,,1736412830.736244,,1736412788
move,1682,691,3131.889926600915,,1736412830.7372537,,1736412788
move,1683,691,764.1289852432137,,1736412830.7385623,,1736412788
move,1685,694,0,,1736412830.7385623,,1736412788
move,1687,694,1249.4203157581173,,1736412830.740163,,1736412788
move,1690,695,2013.9012813779038,,1736412830.7417333,,1736412788
move,1693,697,0,,1736412830.7417333,,1736412788
move,1694,698,911.4384759550895,,1736412830.743285,,1736412788
move,1696,699,0,,1736412830.744835,,1736412788
move,1697,700,912.4198740987114,,1736412830.7458425,,1736412788
move,1700,701,2081.2103937164406,,1736412830.7463543,,1736412788
move,1701,703,2216.6742761284045,,1736412830.747363,,1736412788
move,1702,703,0,,1736412830.7489243,,1736412788
move,1705,704,2025.5885521006223,,1736412830.7489243,,1736412788
move,1706,705,909.3425726683615,,1736412830.7504795,,1736412788
move,1708,706,0,,1736412830.7504795,,1736412788
move,1711,708,2311.644472161986,,1736412830.7520392,,1736412788
move,1712,709,889.7017551396013,,1736412830.7536287,,1736412788
move,1713,709,0,,1736412830.7536287,,1736412788
move,1716,711,2297.9453178671497,,1736412830.7551978,,1736412788
move,1717,711,655.36,,1736412830.7567236,,1736412788
move,1720,714,4201.871264355883,,1736412830.7577333,,1736412788
move,1721,714,0,,1736412830.7577333,,1736412788
move,1723,715,1421.8843029562279,,1736412830.759306,,1736412788
move,1724,716,0,,1736412830.7608805,,1736412788
move,1725,717,898.1892188848763,,1736412830.7608805,,1736412788
move,1728,720,2723.8519523262153,,1736412830.762438,,1736412788
move,1731,720,0,,1736412830.762438,,1736412788
move,1732,721,908.7852920967861,,1736412830.7639942,,1736412788
move,1733,721,640.0585991149092,,1736412830.7655566,,1736412788
move,1734,724,3125.9848784244346,,1736412830.7665682,,1736412788
move,1735,725,2755.05880237609,,1736412830.7670815,,1736412788
move,1736,726,1402.2793384197926,,1736412830.76809,,1736412788
move,1739,726,2476.951181102362,,1736412830.7693012,,1736412788
move,1740,727,908.5069078749766,,1736412830.7708578,,1736412788
move,1741,727,0,,1736412830.7708578,,1736412788
move,1742,728,909.4819996190927,,1736412830.7724128,,1736412788
move,1743,729,0,,1736412830.773974,,1736412788
move,1745,730,1432.3074010841904,,1736412830.773974,,1736412788
move,1746,730,641.7233782129742,,1736412830.7755322,,1736412788
move,1748,732,0,,1736412830.7755322,,1736412788
move,1748,733,655.4624160025004,,1736412830.777058,,1736412788
move,1749,733,629.4918205012757,,1736412830.7786465,,1736412788
move,1749,734,0,,1736412830.7786465,,1736412788
move,1752,735,2032.4170761806429,,1736412830.7802024,,1736412788
move,1753,738,2036.1611665880987,,1736412830.7817554,,1736412788
move,1754,738,638.9859841560025,,1736412830.7833204,,1736412788
move,1754,739,0,,1736412830.7849295,,1736412788
move,1755,740,878.8919249541743,,1736412830.7849295,,1736412788
move,1757,741,870.0138091186715,,1736412830.7874997,,1736412788
move,1758,743,0,,1736412830.7874997,,1736412788
move,1758,744,319.5173306924659,,1736412830.7906294,,1736412788
move,1759,744,645.7742879137799,,1736412830.792178,,1736412788
move,1759,745,852.8474989833265,,1736412830.7949102,,1736412788
move,1759,746,320.95990205081114,,1736412830.7979844,,1736412788
move,1760,746,322.56433130815964,,1736412830.7995663,,1736412788
move,1760,747,629.3029257314329,,1736412830.8011553,,1736412788
move,1760,748,318.256620380909,,1736412830.8042974,,1736412788
move,1760,749,97.76020883833675,,1736412830.8145266,,1736412788
move,1760,749,0.0,,1736412830.8167033,,1736412788
move,1760,750,491.19381660616,,1736412830.8187392,,1736412788
move,1759,750,305.15125500181887,,1736412830.8220162,,1736412788
move,1759,752,1217.8583042973287,,1736412830.8236585,,1736412788
move,1758,752,187.11206281227695,,1736412830.8300097,,1736412788
move,1758,753,241.81631594119344,,1736412830.8331382,,1736412788
move,1756,753,767.274124211104,,1736412830.8357449,,1736412788
move,1755,753,480.6674306669723,,1736412830.8388383,,1736412788
move,1754,753,128.2975651535544,,1736412830.8456197,,1736412788
move,1753,753,327.3730877302529,,1736412830.8486743,,1736412788
move,1752,753,363.80466649319106,,1736412830.851423,,1736412788
move,1751,753,314.0859667515351,,1736412830.8546069,,1736412788
move,1750,753,623.8738658337052,,1736412830.8562098,,1736412788
move,1748,753,538.2142948800205,,1736412830.860932,,1736412788
move,1748,751,1318.756170413457,,1736412830.8614423,,1736412788
move,1747,751,992.969696969697,,1736412830.8624494,,1736412788
move,1746,751,593.9258000566412,,1736412830.8641331,,1736412788
move,1746,750,627.3263535746336,,1736412830.8657272,,1736412788
move,1746,749,627.5140634350688,,1736412830.8673208,,1736412788
move,1745,749,626.9512705530643,,1736412830.8689158,,1736412788
move,1744,748,931.0377651099863,,1736412830.8704348,,1736412788
move,1743,748,642.7067116150781,,1736412830.8719907,,1736412788
move,1743,747,645.8737295965507,,1736412830.873539,,1736412788
move,1742,747,635.9824109173617,,1736412830.8751113,,1736412788
move,1742,746,632.7204706592246,,1736412830.8766918,,1736412788
move,1741,746,631.482083709726,,1736412830.8782754,,1736412788
move,1739,746,1217.681521265786,,1736412830.8799179,,1736412788
move,1739,743,0,,1736412830.880927,,1736412788
move,1738,743,394.3868359191349,,1736412830.8824534,,1736412788
move,1737,743,321.6244153055747,,1736412830.8855627,,1736412788
move,1737,742,0,,1736412830.8871117,,1736412788
move,1736,742,645.575496382946,,1736412830.8871117,,1736412788
move,1735,742,318.4741078208049,,1736412830.8902516,,1736412788
move,1735,741,394.2015037593985,,1736412830.8927884,,1736412788
move,1734,741,650.0781153130812,,1736412830.8943267,,1736412788
move,1733,741,311.75144938308307,,1736412830.8975344,,1736412788
move,1731,741,1281.877750611247,,1736412830.8990946,,1736412788
move,1730,741,236.1391735164959,,1736412830.9048696,,1736412788
move,1729,741,214.03878342518883,,1736412830.9080014,,1736412788
move,1729,740,212.67133150796064,,1736412830.9127035,,1736412788
move,1728,740,985.0408642555191,,1736412830.9137187,,1736412788
move,1727,740,170.9797399209164,,1736412830.9195673,,1736412788
move,1726,740,211.81214018785982,,1736412830.9242885,,1736412788
move,1725,740,228.80933937046532,,1736412830.928659,,1736412788
move,1723,740,351.19350247006616,,1736412830.9343538,,1736412788
move,1722,740,213.79875624426546,,1736412830.9390311,,1736412788
move,1721,740,170.79175828650543,,1736412830.9448862,,1736412788
move,1721,740,0.0,,1736412830.95086,,1736412788
move,1720,740,602.197272074659,,1736412830.9525206,,1736412788
move,1719,740,232.7195250513233,,1736412830.9568176,,1736412788
move,1718,740,204.05273656044758,,1736412830.9617183,,1736412788
move,1717,740,168.5339333788725,,1736412830.9676518,,1736412788
move,1715,740,207.02899874133124,,1736412830.9773123,,1736412788
move,1715,741,635.6932403758715,,1736412830.9788854,,1736412788
move,1714,741,698.584943371086,,1736412830.9803169,,1736412788
move,1713,741,238.0692473606539,,1736412830.9845173,,1736412788
move,1712,741,313.3819485953377,,1736412830.9877083,,1736412788
move,1711,741,642.3130168453292,,1736412830.9892652,,1736412788
move,1711,742,613.112702821225,,1736412830.9908962,,1736412788
move,1710,742,606.8148148148148,,1736412830.9925442,,1736412788
move,1709,742,472.81073159733967,,1736412830.9946592,,1736412788
move,1708,742,658.6532663316583,,1736412830.9961774,,1736412788
move,1706,742,766.783180987203,,1736412830.9987857,,1736412788
move,1705,742,624.059514953132,,1736412831.0019753,,1736412788
move,1704,742,317.96709877947086,,1736412831.0035331,,1736412788
move,1703,742,658.5498508400062,,1736412831.0050516,,1736412788
move,1702,742,310.66617287608324,,1736412831.0082705,,1736412788
move,1701,742,0,,1736412831.0098767,,1736412788
move,1700,742,271.1250161603103,,1736412831.0129666,,1736412788
move,1698,742,565.9183701005195,,1736412831.0159998,,1736412788
move,1697,742,660.5203149606299,,1736412831.0170069,,1736412788
move,1696,742,625.9221011789285,,1736412831.0186045,,1736412788
move,1695,742,357.90630599880535,,1736412831.0213985,,1736412788
move,1694,742,241.39879136690647,,1736412831.025541,,1736412788
move,1693,742,1976.5805843543826,,1736412831.026047,,1736412788
move,1692,742,311.28870417099597,,1736412831.0292594,,1736412788
move,1692,744,1242.7567407407407,,1736412831.0308688,,1736412788
move,1690,744,1263.1543442252673,,1736412831.032452,,1736412788
move,1689,744,320.8616891064871,,1736412831.0355687,,1736412788
move,1688,745,1309.9915197693733,,1736412831.0366483,,1736412788
move,1687,746,430.1407977893925,,1736412831.039936,,1736412788
move,1686,746,647.1692640024687,,1736412831.0414813,,1736412788
move,1686,747,635.308088458043,,1736412831.0430553,,1736412788
move,1685,747,640.3517557251909,,1736412831.044617,,1736412788
move,1684,748,918.3529341253634,,1736412831.046157,,1736412788
move,1684,749,626.389486260454,,1736412831.0477533,,1736412788
move,1682,749,0,,1736412831.0477533,,1736412788
move,1681,750,867.5795819095689,,1736412831.0509288,,1736412788
move,1681,751,647.0694230175872,,1736412831.0509288,,1736412788
move,1680,753,1399.6043668555856,,1736412831.0525265,,1736412788
move,1679,755,704.057417783896,,1736412831.0557024,,1736412788
move,1679,756,993.4400757934628,,1736412831.056709,,1736412788
move,1678,756,1965.4657919400188,,1736412831.0572178,,1736412788
move,1678,757,931.8604754499,,1736412831.058291,,1736412788
move,1677,759,1408.432026174993,,1736412831.0598786,,1736412788
move,1677,761,0,,1736412831.0598786,,1736412788
move,1676,762,897.7813836106739,,1736412831.0614538,,1736412788
move,1674,763,1423.6109384182269,,1736412831.0630245,,1736412788
move,1674,764,0,,1736412831.0630245,,1736412788
move,1673,765,910.8786243113824,,1736412831.064577,,1736412788
move,1673,767,0,,1736412831.064577,,1736412788
move,1672,769,1415.8739224485626,,1736412831.0661564,,1736412788
move,1671,770,930.4535845514858,,1736412831.0676763,,1736412788
move,1671,771,944.8758729443568,,1736412831.0687346,,1736412788
move,1670,774,0,,1736412831.0687346,,1736412788
move,1670,775,626.4830470500374,,1736412831.0703309,,1736412788
move,1668,778,2312.7050216980747,,1736412831.0718899,,1736412788
move,1667,779,0,,1736412831.0718899,,1736412788
move,1667,781,1276.6105615583624,,1736412831.0734565,,1736412788
move,1666,784,0,,1736412831.0734565,,1736412788
move,1665,785,908.9245481942572,,1736412831.0750124,,1736412788
move,1665,787,1731.0375567478334,,1736412831.0761678,,1736412788
move,1664,789,1471.6379824728194,,1736412831.0776873,,1736412788
move,1662,791,0,,1736412831.0776873,,1736412788
move,1661,794,2016.657114057302,,1736412831.0792553,,1736412788
move,1661,795,891.0779689823667,,1736412831.0803776,,1736412788
move,1660,799,0,,1736412831.081941,,1736412788
move,1658,802,2306.356281360944,,1736412831.081941,,1736412788
move,1658,804,1238.3537053439622,,1736412831.083556,,1736412788
move,1657,805,0,,1736412831.083556,,1736412788
move,1656,809,2619.8391786018265,,1736412831.0851297,,1736412788
move,1656,812,1921.3486028401283,,1736412831.0866911,,1736412788
move,1655,814,0,,1736412831.0866911,,1736412788
move,1653,819,3549.1857780049463,,1736412831.0882084,,1736412788
move,1652,820,905.3177047490419,,1736412831.0897706,,1736412788
move,1652,822,0,,1736412831.0897706,,1736412788
move,1651,825,2317.5876007609427,,1736412831.091135,,1736412788
move,1649,830,3474.9258909574583,,1736412831.0926847,,1736412788
move,1649,831,0,,1736412831.0926847,,1736412788
move,1648,833,1424.908669446867,,1736412831.094254,,1736412788
move,1646,838,0,,1736412831.0958235,,1736412788
move,1645,839,901.0544738744832,,1736412831.0958235,,1736412788
move,1644,843,2630.599090044213,,1736412831.097391,,1736412788
move,1644,845,1974.719397363465,,1736412831.0989096,,1736412788
move,1643,848,6250.496625426425,,1736412831.0999196,,1736412788
move,1641,851,3570.0609388299604,,1736412831.0999196,,1736412788
move,1640,853,1419.08743566338,,1736412831.1014953,,1736412788
move,1638,856,0,,1736412831.1014953,,1736412788
move,1637,860,2641.851270692126,,1736412831.103056,,1736412788
move,1636,862,1434.498143514726,,1736412831.1046147,,1736412788
move,1635,866,0,,1736412831.1046147,,1736412788
move,1633,867,1440.446761219364,,1736412831.106167,,1736412788
move,1633,869,1281.6818945760122,,1736412831.1077275,,1736412788
move,1632,872,3128.1966601780364,,1736412831.1087384,,1736412788
move,1629,876,9892.22641509434,,1736412831.1092439,,1736412788
move,1629,879,2854.562613430127,,1736412831.1102948,,1736412788
move,1626,882,0,,1736412831.1119006,,1736412788
move,1625,884,1392.5388065774728,,1736412831.1119006,,1736412788
move,1624,886,1639.0683086856482,,1736412831.1132648,,1736412788
move,1622,888,0,,1736412831.114879,,1736412788
move,1621,891,1959.1660028293759,,1736412831.114879,,1736412788
move,1620,894,2031.4832040365868,,1736412831.1164355,,1736412788
move,1618,896,0,,1736412831.1180084,,1736412788
move,1617,899,2010.5432528656775,,1736412831.1190207,,1736412788
move,1616,900,931.6226796789261,,1736412831.1195264,,1736412788
move,1615,904,3895.8230272472756,,1736412831.1205847,,1736412788
move,1613,905,0,,1736412831.1205847,,1736412788
move,1612,909,2607.5932475800146,,1736412831.122166,,1736412788
move,1611,910,911.9990162232045,,1736412831.1237166,,1736412788
move,1610,913,0,,1736412831.1237166,,1736412788
move,1608,915,1813.9576763045022,,1736412831.1252759,,1736412788
move,1607,918,0,,1736412831.1268382,,1736412788
move,1606,921,2024.043009179746,,1736412831.1268382,,1736412788
move,1604,924,2313.41259551533,,1736412831.1283967,,1736412788
move,1603,926,2100.9742075043187,,1736412831.1299818,,1736412788
move,1602,928,4294.298929624211,,1736412831.1299818,,1736412788
move,1600,930,2648.6455019047658,,1736412831.1310496,,1736412788
move,1599,933,1992.1228355594585,,1736412831.132637,,1736412788
move,1598,935,2075.862961996299,,1736412831.1337142,,1736412788
move,1598,938,0,,1736412831.1337142,,1736412788
move,1596,941,2459.3882154632806,,1736412831.1351802,,1736412788
move,1596,942,647.3690384318568,,1736412831.136725,,1736412788
move,1595,944,0,,1736412831.136725,,1736412788
move,1594,947,2028.686729757552,,1736412831.1382837,,1736412788
move,1592,950,2382.6655328318434,,1736412831.139797,,1736412788
move,1592,951,0,,1736412831.139797,,1736412788
move,1591,954,2014.5130375387112,,1736412831.1413667,,1736412788
move,1590,956,0,,1736412831.142948,,1736412788
move,1590,959,1897.3027744270205,,1736412831.142948,,1736412788
move,1589,960,901.1913706344154,,1736412831.1445172,,1736412788
move,1587,962,0,,1736412831.1445172,,1736412788
move,1587,965,1896.4449133383573,,1736412831.146099,,1736412788
move,1586,966,904.7653449535879,,1736412831.1476622,,1736412788
move,1586,969,0,,1736412831.1476622,,1736412788
move,1585,971,1390.8866768944504,,1736412831.1492698,,1736412788
move,1584,972,1401.9479086541533,,1736412831.1507854,,1736412788
move,1584,975,5918.585136406397,,1736412831.1518364,,1736412788
move,1582,979,4255.330699772812,,1736412831.1518364,,1736412788
move,1582,980,627.6079604967829,,1736412831.1534297,,1736412788
move,1581,982,0,,1736412831.1549902,,1736412788
move,1580,984,1432.9639209013412,,1736412831.1549902,,1736412788
move,1580,987,1918.711802378774,,1736412831.1565537,,1736412788
move,1580,989,0,,1736412831.1565537,,1736412788
move,1579,990,906.0091036376542,,1736412831.1581147,,1736412788
move,1579,991,630.3432521791403,,1736412831.1607075,,1736412788
move,1577,995,2952.5417479298844,,1736412831.1612158,,1736412788
move,1576,996,0,,1736412831.1622813,,1736412788
move,1576,998,1877.0660102931304,,1736412831.1622813,,1736412788
move,1575,1000,1437.7968514946003,,1736412831.1638365,,1736412788
move,1575,1001,0,,1736412831.1638365,,1736412788
move,1574,1004,2026.8266869124197,,1736412831.1653967,,1736412788
move,1574,1006,0,,1736412831.166973,,1736412788
move,1573,1007,897.1024805680161,,1736412831.166973,,1736412788
move,1573,1009,1287.3861264579496,,1736412831.1685266,,1736412788
move,1571,1011,0,,1736412831.1685266,,1736412788
move,1571,1012,643.0022995554193,,1736412831.171094,,1736412788
move,1570,1015,2082.844509917537,,1736412831.1716,,1736412788
move,1570,1016,958.2599954306603,,1736412831.1726437,,1736412788
move,1570,1017,1960.871435250117,,1736412831.1731536,,1736412788
move,1570,1018,992.2649633309676,,1736412831.1741614,,1736412788
move,1569,1021,2041.1747982694483,,1736412831.1757107,,1736412788
move,1568,1021,0,,1736412831.1757107,,1736412788
move,1568,1023,1256.155735250075,,1736412831.1773028,,1736412788
move,1568,1024,0,,1736412831.1788828,,1736412788
move,1567,1025,895.0719181402931,,1736412831.1788828,,1736412788
move,1566,1027,1416.5154602475877,,1736412831.1804614,,1736412788
move,1566,1028,974.5130111524163,,1736412831.18201,,1736412788
move,1564,1029,4280.5791247372335,,1736412831.18201,,1736412788
move,1564,1030,940.0053787539221,,1736412831.1830738,,1736412788
move,1563,1031,886.3780038128695,,1736412831.1846693,,1736412788
move,1563,1032,0,,1736412831.1846693,,1736412788
move,1562,1033,908.367779711443,,1736412831.1862261,,1736412788
move,1562,1034,642.1163502755664,,1736412831.1877835,,1736412788
move,1561,1036,0,,1736412831.1877835,,1736412788
move,1560,1037,463.5181371818178,,1736412831.1908345,,1736412788
move,1560,1038,0,,1736412831.1918476,,1736412788
move,1559,1039,929.8701366226246,,1736412831.1923554,,1736412788
move,1558,1039,0,,1736412831.1941066,,1736412788
move,1558,1040,571.0420694349898,,1736412831.1941066,,1736412788
move,1556,1041,1406.5310231402636,,1736412831.1956964,,1736412788
move,1556,1042,0,,1736412831.1956964,,1736412788
move,1555,1042,639.8633104500382,,1736412831.1972592,,1736412788
move,1555,1044,1790.9069171648164,,1736412831.198376,,1736412788
move,1554,1045,909.2031884604112,,1736412831.1999314,,1736412788
move,1553,1045,636.7548201001973,,1736412831.2020273,,1736412788
move,1552,1046,2691.3074417040484,,1736412831.2020273,,1736412788
move,1551,1047,637.8795140892271,,1736412831.2042444,,1736412788
move,1550,1047,381.64731574158327,,1736412831.2068646,,1736412788
move,1550,1048,0,,1736412831.2068646,,1736412788
move,1548,1048,1266.9699441172029,,1736412831.2084432,,1736412788
move,1547,1048,0,,1736412831.2100034,,1736412788
move,1546,1049,453.55877057009656,,1736412831.2115612,,1736412788
move,1545,1049,319.03126188484066,,1736412831.2146957,,1736412788
move,1544,1049,0,,1736412831.2146957,,1736412788
move,1544,1050,278.4507734183098,,1736412831.218287,,1736412788
move,1543,1050,992.734674556213,,1736412831.2192943,,1736412788
move,1542,1050,637.7229740003041,,1736412831.2208624,,1736412788
move,1540,1050,636.9965828840459,,1736412831.2250264,,1736412788
move,1539,1050,394.0163457022076,,1736412831.22654,,1736412788
move,1538,1050,210.44122221664745,,1736412831.231292,,1736412788
move,1537,1050,659.4817610062893,,1736412831.2328084,,1736412788
move,1536,1050,268.38392628615304,,1736412831.2365344,,1736412788
move,1535,1050,307.2750183150183,,1736412831.2397888,,1736412788
move,1534,1050,213.6898308538822,,1736412831.2444685,,1736412788
move,1533,1050,627.8898203592814,,1736412831.246061,,1736412788
move,1531,1050,628.7369210013492,,1736412831.249242,,1736412788
move,1530,1050,615.3615023474179,,1736412831.2508671,,1736412788
move,1529,1050,621.1943127962086,,1736412831.2530117,,1736412788
move,1528,1049,441.67100532507243,,1736412831.255679,,1736412788
move,1527,1049,486.5217492170282,,1736412831.2577343,,1736412788
move,1526,1049,994.3821716453295,,1736412831.25874,,1736412788
move,1525,1049,638.4024353120244,,1736412831.2603064,,1736412788
move,1523,1049,1190.211123723042,,1736412831.2619867,,1736412788
move,1522,1049,388.39744420779704,,1736412831.2645614,,1736412788
move,1522,1048,1980.3135033050048,,1736412831.2650664,,1736412788
move,1521,1048,618.9940968122786,,1736412831.266682,,1736412788
move,1520,1048,0,,1736412831.266682,,1736412788
move,1519,1048,690.3067807768268,,1736412831.2681305,,1736412788
move,1518,1048,635.9824109173617,,1736412831.269703,,1736412788
move,1517,1048,620.3674012720012,,1736412831.2713149,,1736412788
move,1515,1048,0,,1736412831.2728739,,1736412788
move,1514,1048,641.4289646734975,,1736412831.2728739,,1736412788
move,1513,1048,474.36145668400815,,1736412831.2759895,,1736412788
move,1512,1048,656.8996084573218,,1736412831.2770107,,1736412788
move,1510,1048,950.2274580879022,,1736412831.278609,,1736412788
move,1508,1048,0,,1736412831.278609,,1736412788
move,1507,1048,321.89593246354565,,1736412831.2817156,,1736412788
move,1506,1047,0,,1736412831.2817156,,1736412788
move,1505,1047,642.1163502755664,,1736412831.283273,,1736412788
move,1504,1047,0,,1736412831.284839,,1736412788
move,1503,1047,638.5968331303288,,1736412831.284839,,1736412788
move,1502,1047,367.7601052170101,,1736412831.287558,,1736412788
move,1501,1047,0,,1736412831.287558,,1736412788
move,1499,1047,1258.2282885855707,,1736412831.2891476,,1736412788
move,1497,1047,1279.5314215985356,,1736412831.2907107,,1736412788
move,1496,1047,618.0819333922782,,1736412831.2923286,,1736412788
move,1495,1047,379.36903039073803,,1736412831.2949646,,1736412788
move,1495,1047,0.0,,1736412831.2954717,,1736412788
move,1494,1047,0,,1736412831.2954717,,1736412788
move,1492,1047,1277.971968312005,,1736412831.2980435,,1736412788
move,1491,1047,993.2048306890836,,1736412831.2980435,,1736412788
move,1490,1047,591.0800450958286,,1736412831.2997353,,1736412788
move,1489,1048,896.4246035236092,,1736412831.301313,,1736412788
move,1488,1048,622.4850103888394,,1736412831.3029194,,1736412788
move,1487,1048,635.5006060606061,,1736412831.3050344,,1736412788
move,1486,1048,473.61156278229447,,1736412831.3066044,,1736412788
move,1486,1049,1973.7901176470589,,1736412831.307111,,1736412788
move,1484,1049,1988.764343290659,,1736412831.3081167,,1736412788
move,1483,1050,894.9368740971216,,1736412831.309697,,1736412788
move,1482,1050,382.16892938496585,,1736412831.3123136,,1736412788
move,1481,1052,719.1189129197422,,1736412831.315423,,1736412788
move,1480,1053,446.02162580011446,,1736412831.3185937,,1736412788
move,1479,1053,321.64907975460125,,1736412831.3217027,,1736412788
move,1479,1054,628.9254760833708,,1736412831.3232927,,1736412788
move,1478,1055,338.6026716243705,,1736412831.3279755,,1736412788
move,1478,1056,330.5204097714736,,1736412831.3304949,,1736412788
move,1476,1056,1271.0012121212121,,1736412831.3320684,,1736412788
move,1476,1057,632.2435936086825,,1736412831.33365,,1736412788
move,1476,1058,175.09096222083073,,1736412831.3393614,,1736412788
move,1475,1058,304.707882310207,,1736412831.3426433,,1736412788
move,1475,1059,597.649472784269,,1736412831.345949,,1736412788
move,1475,1061,316.6707436768592,,1736412831.3506322,,1736412788
move,1475,1062,204.29126686474112,,1736412831.3555272,,1736412788
move,1475,1063,258.79582896279385,,1736412831.3599062,,1736412788
move,1475,1064,81.24245065566467,,1736412831.3717,,1736412788
move,1475,1064,0.0,,1736412831.37895,,1736412788
move,1477,1064,111.82723224998,,1736412831.3952415,,1736412788
move,1478,1064,128.03907442456804,,1736412831.4030516,,1736412788
move,1479,1064,209.88310648518814,,1736412831.4078162,,1736412788
move,1480,1064,603.5838250107929,,1736412831.409473,,1736412788
move,1481,1064,263.85908404630095,,1736412831.4132628,,1736412788
move,1482,1064,984.1163772876583,,1736412831.4158652,,1736412788
move,1483,1064,206.94217485691732,,1736412831.4191113,,1736412788
move,1485,1064,612.3071532846716,,1736412831.42296,,1736412788
move,1486,1064,1716.866148178469,,1736412831.4239678,,1736412788
move,1487,1064,354.9381399678429,,1736412831.4257774,,1736412788
move,1487,1063,461.1152154793316,,1736412831.4289522,,1736412788
move,1488,1063,395.95053337109414,,1736412831.4304717,,1736412788
move,1490,1063,1285.8074800735744,,1736412831.432027,,1736412788
move,1492,1063,708.4972972972973,,1736412831.43485,,1736412788
move,1493,1062,898.5974248622515,,1736412831.4369373,,1736412788
move,1494,1062,491.9427633122214,,1736412831.4384565,,1736412788
move,1495,1062,993.2048306890836,,1736412831.4394634,,1736412788
move,1496,1062,313.99191495732896,,1736412831.4426482,,1736412788
move,1497,1062,1749.0842368640533,,1736412831.4442272,,1736412788
move,1498,1062,658.3431172500392,,1736412831.4447389,,1736412788
move,1500,1062,762.8781375045471,,1736412831.4473605,,1736412788
move,1500,1060,1277.7773038842345,,1736412831.4489257,,1736412788
move,1501,1060,0,,1736412831.4489257,,1736412788
move,1502,1060,629.8699504430094,,1736412831.4505134,,1736412788
move,1503,1060,633.4849720586014,,1736412831.452092,,1736412788
move,1504,1060,659.5854694134298,,1736412831.453608,,1736412788
move,1505,1060,338.87888826048317,,1736412831.456559,,1736412788
move,1505,1059,0,,1736412831.456559,,1736412788
move,1506,1059,314.91132967940536,,1736412831.4597344,,1736412788
move,1507,1059,585.0612358766913,,1736412831.4614437,,1736412788
move,1509,1059,1285.6104214559386,,1736412831.4629993,,1736412788
move,1510,1058,346.5148733213998,,1736412831.4670806,,1736412788
move,1511,1058,642.1163502755664,,1736412831.468638,,1736412788
move,1512,1058,320.76353624961763,,1736412831.4717555,,1736412788
move,1513,1058,389.66034931252324,,1736412831.475928,,1736412788
move,1514,1057,220.91775052200083,,1736412831.4807234,,1736412788
move,1515,1057,623.7810826888757,,1736412831.4839442,,1736412788
move,1515,1056,131.90879642733591,,1736412831.4899075,,1736412788
move,1517,1056,1205.779502659192,,1736412831.4915662,,1736412788
move,1518,1056,149.1414145005867,,1736412831.4982712,,1736412788
move,1518,1055,210.45178123432012,,1736412831.503023,,1736412788
move,1519,1055,126.68934062282901,,1736412831.5109162,,1736412788
move,1519,1054,124.19104018002547,,1736412831.5189683,,1736412788
move,1520,1054,315.5510081251881,,1736412831.5221374,,1736412788
move,1520,1053,93.09710785075356,,1736412831.5328789,,1736412788
move,1521,1053,214.15899923410774,,1736412831.5375483,,1736412788
move,1521,1051,230.0770159078442,,1736412831.546241,,1736412788
move,1522,1051,384.9397944199706,,1736412831.5488389,,1736412788
move,1523,1051,205.26103552902026,,1736412831.5537107,,1736412788
move,1523,1050,311.450508650776,,1736412831.5579293,,1736412788
move,1525,1050,464.948897018069,,1736412831.561223,,1736412788
move,1525,1049,313.2649189633281,,1736412831.5660641,,1736412788
move,1526,1049,311.1732324356406,,1736412831.5676289,,1736412788
move,1526,1048,166.0847390512394,,1736412831.57365,,1736412788
move,1527,1048,319.7121731839317,,1736412831.5767777,,1736412788
move,1527,1047,124.77477316674104,,1736412831.5847921,,1736412788
move,1528,1047,462.9474613686534,,1736412831.5880058,,1736412788
move,1528,1046,232.965118862475,,1736412831.5912447,,1736412788
move,1529,1046,109.24658140806918,,1736412831.6003983,,1736412788
move,1529,1045,88.61455252260627,,1736412831.6116831,,1736412788
click_press,1529,1045,,Button.left,1736412831.6460414,,1736412788
click_release,1529,1045,,Button.left,1736412831.682932,,1736412788
move,1530,1045,10.821664464993395,,1736412831.7040904,,1736412788
move,1531,1045,210.3251429144519,,1736412831.708845,,1736412788
move,1533,1045,377.67808743415424,,1736412831.7141404,,1736412788
move,1534,1045,313.7570317175344,,1736412831.7173276,,1736412788
move,1534,1043,479.7328148232872,,1736412831.722007,,1736412788
move,1535,1043,92.98153361856836,,1736412831.7322514,,1736412788
move,1535,1044,8.221691224755023,,1736412831.853881,,1736412788
move,1535,1044,0.0,,1736412831.8690178,,1736412788
move,1534,1044,170.22337662337662,,1736412831.8748925,,1736412788
move,1534,1043,219.2183139079078,,1736412831.8794541,,1736412788
move,1532,1043,618.0819333922782,,1736412831.88269,,1736412788
move,1532,1042,343.42946041103744,,1736412831.8856018,,1736412788
move,1531,1042,258.9875887619636,,1736412831.889463,,1736412788
move,1530,1042,251.6683067322693,,1736412831.8939543,,1736412788
move,1529,1042,1931.0791896869246,,1736412831.894965,,1736412788
move,1529,1041,392.90903981264637,,1736412831.8964994,,1736412788
move,1528,1041,264.574780798587,,1736412831.900279,,1736412788
move,1527,1041,385.08116048475944,,1736412831.902876,,1736412788
move,1526,1040,889.968732410461,,1736412831.904465,,1736412788
move,1524,1040,420.27094188376753,,1736412831.9092238,,1736412788
move,1522,1040,476.30070406540995,,1736412831.9134228,,1736412788
move,1522,1040,0.0,,1736412831.9150395,,1736412788
move,1522,1043,628.4229136493033,,1736412831.9198134,,1736412788
move,1522,1042,1933.7501152604887,,1736412831.9203305,,1736412788
move,1522,1044,1986.4096613781671,,1736412831.9213374,,1736412788
move,1521,1044,0,,1736412831.9229321,,1736412788
move,1521,1046,1254.0899985050082,,1736412831.9229321,,1736412788
move,1521,1047,635.5006060606061,,1736412831.9245057,,1736412788
move,1521,1049,1274.8644376899697,,1736412831.9260745,,1736412788
move,1520,1050,906.9788381522511,,1736412831.9276338,,1736412788
move,1520,1051,0,,1736412831.9276338,,1736412788
move,1520,1052,641.9198041016223,,1736412831.9291916,,1736412788
move,1519,1053,926.8190002368316,,1736412831.9307175,,1736412788
move,1519,1054,620.8265245707519,,1736412831.9323282,,1736412788
move,1519,1055,0,,1736412831.9338937,,1736412788
move,1517,1055,1277.5826987511423,,1736412831.9338937,,1736412788
move,1517,1058,2146.5220061412488,,1736412831.9352913,,1736412788
move,1515,1059,1072.8378931936945,,1736412831.9373755,,1736412788
move,1515,1060,990.624468587624,,1736412831.938385,,1736412788
move,1514,1060,0,,1736412831.939904,,1736412788
move,1514,1063,1185.9483506126296,,1736412831.9409146,,1736412788
move,1514,1064,627.7958389462656,,1736412831.9425075,,1736412788
move,1512,1066,0,,1736412831.9425075,,1736412788
move,1512,1067,318.2083301722176,,1736412831.94565,,1736412788
move,1512,1069,0,,1736412831.94565,,1736412788
move,1512,1070,472.1188653759568,,1736412831.9477682,,1736412788
move,1512,1070,0.0,,1736412832.078633,,1736412788
move,1512,1068,0,,1736412832.078633,,1736412788
move,1512,1066,642.1163502755664,,1736412832.0817478,,1736412788
move,1512,1065,0,,1736412832.0817478,,1736412788
move,1512,1064,627.3263535746336,,1736412832.0833418,,1736412788
move,1515,1063,1987.3469941796336,,1736412832.0859468,,1736412788
move,1515,1061,1972.8617121354657,,1736412832.0859468,,1736412788
move,1515,1060,728.683808200139,,1736412832.0873191,,1736412788
move,1515,1059,0,,1736412832.0889256,,1736412788
move,1515,1058,622.4850103888394,,1736412832.0904992,,1736412788
move,1514,1053,1627.1179201110979,,1736412832.0920594,,1736412788
move,1512,1050,2311.9978805815185,,1736412832.0936189,,1736412788
move,1512,1049,0,,1736412832.0936189,,1736412788
move,1512,1048,643.0022995554193,,1736412832.095174,,1736412788
move,1511,1047,1404.271212480048,,1736412832.0961812,,1736412788
move,1511,1044,0,,1736412832.0961812,,1736412788
move,1511,1043,612.128429655575,,1736412832.0978148,,1736412788
move,1511,1042,0,,1736412832.0993774,,1736412788
move,1510,1041,905.0414405730428,,1736412832.0993774,,1736412788
move,1510,1039,1281.4860983806905,,1736412832.100938,,1736412788
move,1510,1036,1921.3486028401283,,1736412832.1024995,,1736412788
move,1509,1033,0,,1736412832.1024995,,1736412788
move,1507,1032,1420.1618507418652,,1736412832.104074,,1736412788
move,1507,1031,624.152380952381,,1736412832.1056762,,1736412788
move,1506,1028,3127.4590519110766,,1736412832.1066873,,1736412788
move,1506,1027,0,,1736412832.1066873,,1736412788
move,1505,1026,780.2738228776273,,1736412832.1084998,,1736412788
move,1504,1024,0,,1736412832.1100695,,1736412788
move,1504,1021,1911.134872417983,,1736412832.1100695,,1736412788
move,1501,1020,1961.4838567221052,,1736412832.1116817,,1736412788
move,1500,1019,0,,1736412832.1116817,,1736412788
move,1499,1016,1920.8622504206915,,1736412832.113328,,1736412788
move,1496,1012,3125.878670442689,,1736412832.1149275,,1736412788
move,1495,1011,668.655349060503,,1736412832.1170425,,1736412788
move,1494,1009,1476.0385367169151,,1736412832.1185575,,1736412788
move,1491,1005,4968.377161809997,,1736412832.1195638,,1736412788
move,1487,1000,2289.569445998427,,1736412832.1223605,,1736412788
move,1483,996,3617.9576709458506,,1736412832.123924,,1736412788
move,1482,993,1976.0956256190218,,1736412832.1255243,,1736412788
move,1481,992,0,,1736412832.1255243,,1736412788
move,1478,990,1747.0861988081922,,1736412832.127588,,1736412788
move,1476,987,0,,1736412832.127588,,1736412788
move,1474,984,2232.47389088924,,1736412832.129203,,1736412788
move,1469,980,4187.192017705262,,1736412832.1307323,,1736412788
move,1468,979,0,,1736412832.1307323,,1736412788
move,1465,976,2709.7494753383835,,1736412832.132298,,1736412788
move,1464,973,2009.324926398254,,1736412832.1338718,,1736412788
move,1461,970,0,,1736412832.1354418,,1736412788
move,1458,968,2296.549451311118,,1736412832.1354418,,1736412788
move,1457,966,1422.9629589287329,,1736412832.1375747,,1736412788
move,1454,965,2922.7751959354064,,1736412832.1380951,,1736412788
move,1451,962,0,,1736412832.1396616,,1736412788
move,1449,959,2301.7927148985864,,1736412832.1396616,,1736412788
move,1446,958,1970.5175812145112,,1736412832.1412663,,1736412788
move,1444,955,0,,1736412832.1412663,,1736412788
move,1440,952,3204.6943765281176,,1736412832.1428266,,1736412788
move,1439,951,0,,1736412832.1428266,,1736412788
move,1436,950,2041.4889701639026,,1736412832.1443756,,1736412788
move,1432,947,3192.4980971228497,,1736412832.1459417,,1736412788
move,1431,944,0,,1736412832.1459417,,1736412788
move,1428,943,2016.9637833264712,,1736412832.1475096,,1736412788
move,1425,940,4199.8878462466755,,1736412832.1485198,,1736412788
move,1424,939,1304.8045757843647,,1736412832.1496036,,1736412788
move,1420,936,0,,1736412832.1496036,,1736412788
move,1419,935,909.4819996190927,,1736412832.1511586,,1736412788
move,1418,934,903.5249964228061,,1736412832.1527238,,1736412788
move,1414,930,0,,1736412832.1527238,,1736412788
move,1411,929,1936.5679426419733,,1736412832.1543567,,1736412788
move,1408,927,0,,1736412832.1559255,,1736412788
move,1407,925,1425.3417723859086,,1736412832.1559255,,1736412788
move,1404,923,2293.762799466663,,1736412832.1574974,,1736412788
move,1401,920,2764.4748803087095,,1736412832.159032,,1736412788
move,1398,917,0,,1736412832.159032,,1736412788
move,1396,916,1402.744370669949,,1736412832.1606262,,1736412788
move,1393,915,2150.033042495522,,1736412832.162097,,1736412788
move,1390,912,0,,1736412832.162097,,1736412788
move,1387,911,2022.4998229879345,,1736412832.1636605,,1736412788
move,1386,909,1430.5596190206343,,1736412832.1652236,,1736412788
move,1384,907,0,,1736412832.1652236,,1736412788
move,1381,904,2700.701897791344,,1736412832.1667945,,1736412788
move,1378,901,0,,1736412832.1667945,,1736412788
move,1375,900,2022.4998229879345,,1736412832.1693654,,1736412788
move,1371,897,4963.673372781065,,1736412832.1693654,,1736412788
move,1368,894,2611.5240394110897,,1736412832.17099,,1736412788
move,1365,893,1986.454072061536,,1736412832.172582,,1736412788
move,1361,889,0,,1736412832.172582,,1736412788
move,1359,888,1426.6426623515788,,1736412832.1741493,,1736412788
move,1357,885,2298.99333184611,,1736412832.1757176,,1736412788
move,1355,883,0,,1736412832.1772978,,1736412788
move,1352,881,2281.6502922274763,,1736412832.1772978,,1736412788
move,1349,879,2293.0671928557563,,1736412832.1788702,,1736412788
move,1346,878,3094.622920941408,,1736412832.179892,,1736412788
move,1342,875,0,,1736412832.179892,,1736412788
move,1341,874,892.9160923552193,,1736412832.1814759,,1736412788
move,1337,871,0,,1736412832.1814759,,1736412788
move,1335,870,1414.5925885820932,,1736412832.1830566,,1736412788
move,1333,867,2314.4747684241984,,1736412832.1846144,,1736412788
move,1330,865,2105.063771837933,,1736412832.1863272,,1736412788
move,1326,862,3198.340704590514,,1736412832.1878905,,1736412788
move,1322,859,0,,1736412832.1894484,,1736412788
move,1321,858,680.1561290581037,,1736412832.1899698,,1736412788
move,1318,856,3304.8029145287833,,1736412832.1910608,,1736412788
move,1315,854,3145.9908751578346,,1736412832.1922069,,1736412788
move,1310,849,5394.363042484288,,1736412832.1935177,,1736412788
move,1308,848,1878.3795037651269,,1736412832.194708,,1736412788
move,1306,847,2059.905306896393,,1736412832.1957936,,1736412788
move,1302,847,0,,1736412832.1957936,,1736412788
move,1300,844,2310.5848948638213,,1736412832.197354,,1736412788
move,1298,843,0,,1736412832.1989243,,1736412788
move,1295,841,2296.20074960275,,1736412832.1989243,,1736412788
move,1294,840,922.3513608327978,,1736412832.2004576,,1736412788
move,1291,839,0,,1736412832.2004576,,1736412788
move,1288,836,2417.4602369986637,,1736412832.2022126,,1736412788
move,1284,835,2643.466587886068,,1736412832.2037723,,1736412788
move,1283,834,0,,1736412832.2037723,,1736412788
move,1280,834,1927.5294117647059,,1736412832.2053287,,1736412788
move,1278,831,0,,1736412832.2069244,,1736412788
move,1276,830,1401.2772840728042,,1736412832.2069244,,1736412788
move,1273,828,2291.6772445648903,,1736412832.2084978,,1736412788
move,1271,827,0,,1736412832.210055,,1736412788
move,1269,826,988.6937447079147,,1736412832.2107594,,1736412788
move,1266,825,4605.400638595443,,1736412832.211965,,1736412788
move,1263,823,6946.613751439463,,1736412832.212978,,1736412788
move,1261,822,2207.8034044960636,,1736412832.212978,,1736412788
move,1258,821,2018.8057593843037,,1736412832.2145443,,1736412788
move,1255,819,3214.8763046096324,,1736412832.2163045,,1736412788
move,1252,818,2711.828632008766,,1736412832.216832,,1736412788
move,1250,816,0,,1736412832.216832,,1736412788
move,1247,816,1920.1757973447277,,1736412832.2183943,,1736412788
move,1244,815,0,,1736412832.2199562,,1736412788
move,1242,812,2308.4686516384845,,1736412832.2209663,,1736412788
move,1239,811,2084.1536516585284,,1736412832.2214735,,1736412788
move,1236,811,2973.9806192389506,,1736412832.2224822,,1736412788
move,1232,808,4529.48596112311,,1736412832.223586,,1736412788
move,1229,808,2699.616391332332,,1736412832.2246974,,1736412788
move,1227,806,0,,1736412832.2246974,,1736412788
move,1224,805,2009.0205754551462,,1736412832.2262714,,1736412788
move,1221,804,2021.8832071882432,,1736412832.2278354,,1736412788
move,1217,802,0,,1736412832.2278354,,1736412788
move,1214,801,1993.3203846039787,,1736412832.2294219,,1736412788
move,1213,800,0,,1736412832.2309773,,1736412788
move,1209,798,2110.429536971035,,1736412832.231541,,1736412788
move,1206,797,3125.2483127132127,,1736412832.2325528,,1736412788
move,1203,796,2456.668612549523,,1736412832.23384,,1736412788
move,1199,794,0,,1736412832.23384,,1736412788
move,1196,794,1919.0044227543083,,1736412832.2354033,,1736412788
move,1194,793,0,,1736412832.236969,,1736412788
move,1188,791,3025.7907697399055,,1736412832.2374935,,1736412788
move,1185,790,3140.0458899514383,,1736412832.2385006,,1736412788
move,1182,789,0,,1736412832.2385006,,1736412788
move,1178,787,2277.224441495515,,1736412832.2404644,,1736412788
move,1175,787,0,,1736412832.2420173,,1736412788
move,1169,784,4320.013294472261,,1736412832.2420173,,1736412788
move,1166,783,1941.9551741075952,,1736412832.2436457,,1736412788
move,1164,783,0,,1736412832.2452018,,1736412788
move,1157,779,5180.873283701486,,1736412832.2452018,,1736412788
move,1155,779,1283.2504206822703,,1736412832.2467604,,1736412788
move,1150,778,0,,1736412832.2467604,,1736412788
move,1147,777,1973.155882052198,,1736412832.248363,,1736412788
move,1143,775,0,,1736412832.2499428,,1736412788
move,1137,775,3798.0416540899487,,1736412832.2499428,,1736412788
move,1134,774,2019.4204992623136,,1736412832.2515087,,1736412788
move,1130,772,4327.9874768340005,,1736412832.252542,,1736412788
move,1124,771,0,,1736412832.2541435,,1736412788
move,1119,769,3362.664625759041,,1736412832.2541435,,1736412788
move,1115,768,2634.2053949658275,,1736412832.2557087,,1736412788
move,1109,766,0,,1736412832.2557087,,1736412788
move,1105,765,2675.364854262168,,1736412832.2572498,,1736412788
move,1098,763,4677.541977489098,,1736412832.2588062,,1736412788
move,1094,763,0,,1736412832.2588062,,1736412788
move,1088,760,4203.831852218413,,1736412832.260402,,1736412788
move,1082,759,0,,1736412832.2619793,,1736412788
move,1075,757,4615.32557875587,,1736412832.2619793,,1736412788
move,1071,756,3119.8914699532124,,1736412832.263301,,1736412788
move,1067,754,2805.488741339898,,1736412832.264895,,1736412788
move,1062,753,0,,1736412832.264895,,1736412788
move,1056,751,4038.840998524627,,1736412832.266461,,1736412788
move,1047,749,5958.331617165082,,1736412832.2680082,,1736412788
move,1043,748,0,,1736412832.2680082,,1736412788
move,1039,748,2548.1798298906438,,1736412832.269578,,1736412788
move,1031,746,0,,1736412832.269578,,1736412788
move,1026,745,3264.6676754602763,,1736412832.2711399,,1736412788
move,1020,743,4021.696130732224,,1736412832.2727125,,1736412788
move,1014,743,5617.371428571429,,1736412832.2737806,,1736412788
move,1010,742,0,,1736412832.2737806,,1736412788
move,1004,742,3811.8485307482583,,1736412832.2753546,,1736412788
move,999,740,3422.794103837472,,1736412832.276928,,1736412788
move,993,739,9491.426790133908,,1736412832.278116,,1736412788
move,987,739,10965.50065359477,,1736412832.278116,,1736412788
move,983,739,2559.0628431970713,,1736412832.279679,,1736412788
move,977,737,5451.522334219019,,1736412832.2808392,,1736412788
move,971,736,0,,1736412832.2824008,,1736412788
move,966,736,3201.758778625954,,1736412832.2824008,,1736412788
move,960,736,3835.6689529035207,,1736412832.283965,,1736412788
move,956,734,0,,1736412832.283965,,1736412788
move,952,734,2549.341437471509,,1736412832.2855341,,1736412788
move,946,734,3819.369251783275,,1736412832.287105,,1736412788
move,941,733,0,,1736412832.287105,,1736412788
move,937,733,2490.3096333679678,,1736412832.2887113,,1736412788
move,929,733,7006.563374399666,,1736412832.289853,,1736412788
move,926,733,0,,1736412832.289853,,1736412788
move,922,733,2560.2343964596366,,1736412832.2914155,,1736412788
move,916,731,5027.882425759998,,1736412832.2926733,,1736412788
move,912,731,0,,1736412832.2938988,,1736412788
move,907,731,2773.643697923555,,1736412832.2950406,,1736412788
move,903,731,7084.972972972973,,1736412832.2950406,,1736412788
move,897,731,3871.069681587448,,1736412832.2965906,,1736412788
move,895,731,0,,1736412832.2981558,,1736412788
move,890,731,3194.4432597105865,,1736412832.2981558,,1736412788
move,886,731,2535.4716638960253,,1736412832.2997334,,1736412788
move,882,731,0,,1736412832.2997334,,1736412788
move,878,731,2557.112635269014,,1736412832.3012977,,1736412788
move,875,731,1970.0817285110381,,1736412832.3028204,,1736412788
move,871,731,0,,1736412832.3028204,,1736412788
move,865,731,3819.369251783275,,1736412832.3049543,,1736412788
move,862,731,1906.5018181818182,,1736412832.305965,,1736412788
move,860,731,0,,1736412832.305965,,1736412788
move,855,731,2687.278318810866,,1736412832.3078256,,1736412788
move,853,731,0,,1736412832.3078256,,1736412788
move,850,732,1802.1132933634342,,1736412832.3095803,,1736412788
move,848,732,0,,1736412832.3095803,,1736412788
move,843,732,3210.581751377832,,1736412832.3111377,,1736412788
move,841,733,1355.3105292339997,,1736412832.3127875,,1736412788
move,838,733,5740.379562043796,,1736412832.3133101,,1736412788
move,835,734,3133.369676152817,,1736412832.3143194,,1736412788
move,833,734,1725.695947335939,,1736412832.3154783,,1736412788
move,830,736,0,,1736412832.3170483,,1736412788
move,827,736,1910.8446469248292,,1736412832.3170483,,1736412788
move,826,736,623.8738658337052,,1736412832.3186512,,1736412788
move,824,738,0,,1736412832.3186512,,1736412788
move,821,738,1864.1351111111112,,1736412832.3202605,,1736412788
move,818,740,2247.7375352086374,,1736412832.3218646,,1736412788
move,817,741,894.6669082225826,,1736412832.3234453,,1736412788
move,813,742,0,,1736412832.3234453,,1736412788
move,813,743,438.7347280334728,,1736412832.3257246,,1736412788
move,811,744,3984.1753875527947,,1736412832.3262858,,1736412788
move,811,746,1280.5080140436576,,1736412832.3278477,,1736412788
move,810,747,0,,1736412832.3290322,,1736412788
move,810,747,0.0,,1736412832.4388504,,1736412788
move,810,744,5929.741753063148,,1736412832.440927,,1736412788
move,810,743,380.60834845735025,,1736412832.4419837,,1736412788
move,810,741,1697.0681772203116,,1736412832.4431622,,1736412788
move,810,738,1493.3434607168288,,1736412832.445171,,1736412788
move,810,735,3293.9560209424085,,1736412832.4460819,,1736412788
move,810,731,3971.878787878788,,1736412832.447089,,1736412788
move,810,729,1259.9291078401923,,1736412832.4492004,,1736412788
move,811,726,6034.3739031641835,,1736412832.4502103,,1736412788
move,811,723,1977.2017598994344,,1736412832.4507177,,1736412788
move,813,722,1038.1612643678634,,1736412832.4528716,,1736412788
move,813,714,0,,1736412832.4543338,,1736412788
move,814,710,1568.4344656222254,,1736412832.4555004,,1736412788
move,814,707,1888.1920768307323,,1736412832.4570892,,1736412788
move,814,704,947.936718396866,,1736412832.460254,,1736412788
move,814,699,3257.96489047693,,1736412832.4622962,,1736412788
move,815,698,930.8916512108792,,1736412832.4633079,,1736412788
move,815,696,1249.60643527484,,1736412832.4649084,,1736412788
move,815,691,4509.0346162115675,,1736412832.4660172,,1736412788
move,816,688,1875.5025225049314,,1736412832.4677033,,1736412788
move,816,685,0,,1736412832.469289,,1736412788
move,818,680,3396.033422225752,,1736412832.469289,,1736412788
move,818,676,2508.555023923445,,1736412832.4708836,,1736412788
move,818,673,1902.1786848072563,,1736412832.4724607,,1736412788
move,819,668,3124.4467409700906,,1736412832.4740927,,1736412788
move,819,664,0,,1736412832.4756837,,1736412788
move,820,661,1494.3165659255155,,1736412832.476209,,1736412788
move,822,658,3566.692956812196,,1736412832.4772198,,1736412788
move,823,654,2455.7737032023083,,1736412832.4788988,,1736412788
move,823,653,0,,1736412832.4788988,,1736412788
move,826,649,3153.612030075188,,1736412832.4804842,,1736412788
move,827,646,0,,1736412832.4804842,,1736412788
move,829,643,2292.0245736410598,,1736412832.4820573,,1736412788
move,831,640,0,,1736412832.4820573,,1736412788
move,833,638,1640.8413835451515,,1736412832.483781,,1736412788
move,834,633,3991.571097786538,,1736412832.4850585,,1736412788
move,837,631,0,,1736412832.4850585,,1736412788
move,840,629,2365.891448198328,,1736412832.4865825,,1736412788
move,841,625,0,,1736412832.4865825,,1736412788
move,844,622,2693.344150832021,,1736412832.4881577,,1736412788
move,847,617,3698.2889545376115,,1736412832.4897344,,1736412788
move,850,616,2871.5206406483817,,1736412832.4908357,,1736412788
move,853,613,0,,1736412832.4908357,,1736412788
move,856,610,2693.344150832021,,1736412832.492411,,1736412788
move,859,606,3185.708643475619,,1736412832.4939804,,1736412788
move,863,603,0,,1736412832.4939804,,1736412788
move,868,600,2782.3418494149287,,1736412832.496076,,1736412788
move,872,597,8905.104033970276,,1736412832.4966376,,1736412788
move,875,594,0,,1736412832.4980183,,1736412788
move,878,590,3621.3987221550683,,1736412832.4980183,,1736412788
move,882,588,2801.2989433390917,,1736412832.4996147,,1736412788
move,887,583,0,,1736412832.5011895,,1736412788
move,890,579,3175.09765329296,,1736412832.5011895,,1736412788
move,893,578,2005.9821293337682,,1736412832.502766,,1736412788
move,899,574,0,,1736412832.502766,,1736412788
move,902,572,2303.5457938893696,,1736412832.504331,,1736412788
move,906,567,4051.9990346351155,,1736412832.5059114,,1736412788
move,911,564,5769.470360074834,,1736412832.506922,,1736412788
move,915,561,4302.732868280673,,1736412832.508084,,1736412788
move,920,556,0,,1736412832.5096574,,1736412788
move,925,553,3706.13499869029,,1736412832.5096574,,1736412788
move,929,549,3583.5321561792616,,1736412832.511236,,1736412788
move,934,546,0,,1736412832.511236,,1736412788
move,938,543,3179.4299575500304,,1736412832.5128086,,1736412788
move,943,538,0,,1736412832.514414,,1736412788
move,949,535,3510.4487319897485,,1736412832.5147195,,1736412788
move,954,530,6999.813077077793,,1736412832.5157297,,1736412788
move,958,527,0,,1736412832.517254,,1736412788
move,963,524,3824.958532429969,,1736412832.517254,,1736412788
move,967,521,3176.0593669544146,,1736412832.5188284,,1736412788
move,974,516,0,,1736412832.5188284,,1736412788
move,978,513,3177.0216633843356,,1736412832.5204022,,1736412788
move,985,508,5490.909644933489,,1736412832.5219688,,1736412788
move,990,505,0,,1736412832.5219688,,1736412788
move,996,501,4574.3430541088055,,1736412832.5235453,,1736412788
move,1003,497,0,,1736412832.525128,,1736412788
move,1007,494,3159.3130460982225,,1736412832.525128,,1736412788
move,1012,490,4058.1217288548723,,1736412832.5267057,,1736412788
move,1018,486,7060.120512083899,,1736412832.5277271,,1736412788
move,1025,481,0,,1736412832.5277271,,1736412788
move,1032,478,4772.578455254357,,1736412832.5293229,,1736412788
move,1036,475,0,,1736412832.5308852,,1736412788
move,1041,470,3596.242028322858,,1736412832.5322964,,1736412788
move,1048,467,7560.442035743767,,1736412832.5322964,,1736412788
move,1055,462,5500.116962935665,,1736412832.5338604,,1736412788
move,1061,458,0,,1736412832.5354536,,1736412788
move,1066,454,4019.253157970899,,1736412832.5354536,,1736412788
move,1072,451,4263.06766468149,,1736412832.5370271,,1736412788
move,1077,448,0,,1736412832.5380595,,1736412788
move,1081,445,4843.307159353349,,1736412832.5380595,,1736412788
move,1090,438,7202.172208125022,,1736412832.5396426,,1736412788
move,1097,434,0,,1736412832.5396426,,1736412788
move,1103,431,4317.361759536265,,1736412832.5411963,,1736412788
move,1108,428,3728.1684232251864,,1736412832.5427604,,1736412788
move,1116,423,0,,1736412832.5427604,,1736412788
move,1121,420,3710.6334177449894,,1736412832.5443318,,1736412788
move,1127,417,4243.1377751316295,,1736412832.5459127,,1736412788
move,1134,413,0,,1736412832.5459127,,1736412788
move,1141,408,5458.512447331007,,1736412832.5474887,,1736412788
move,1145,405,4943.781235266384,,1736412832.5485,,1736412788
move,1152,400,0,,1736412832.5485,,1736412788
move,1161,397,5987.1594218273585,,1736412832.5500846,,1736412788
move,1165,394,3147.4591025063787,,1736412832.5516732,,1736412788
move,1172,390,0,,1736412832.5516732,,1736412788
move,1176,387,3121.690979458172,,1736412832.5532749,,1736412788
move,1183,384,4867.855471048067,,1736412832.5548394,,1736412788
move,1190,379,0,,1736412832.5548394,,1736412788
move,1196,376,4263.06766468149,,1736412832.556413,,1736412788
move,1203,372,5150.88498442035,,1736412832.5579782,,1736412788
move,1207,368,5584.035397990795,,1736412832.5589912,,1736412788
move,1216,366,0,,1736412832.5589912,,1736412788
move,1221,361,4519.001677217524,,1736412832.560556,,1736412788
move,1225,358,3342.0749003984065,,1736412832.562052,,1736412788
move,1232,355,0,,1736412832.562052,,1736412788
move,1238,352,4286.448291727275,,1736412832.563617,,1736412788
move,1243,349,0,,1736412832.563617,,1736412788
move,1249,346,3993.7894374588836,,1736412832.5652966,,1736412788
move,1256,340,6002.727754641631,,1736412832.5668325,,1736412788
move,1261,337,0,,1736412832.5668325,,1736412788
move,1269,334,5364.692976796452,,1736412832.5684252,,1736412788
move,1276,331,7531.918792977462,,1736412832.5694363,,1736412788
move,1280,326,0,,1736412832.5711977,,1736412788
move,1287,323,4323.614997430619,,1736412832.5711977,,1736412788
move,1296,319,6295.200194072631,,1736412832.5727623,,1736412788
move,1302,316,0,,1736412832.5727623,,1736412788
move,1312,310,7408.901804409944,,1736412832.5743363,,1736412788
move,1318,307,4277.325416068385,,1736412832.5759046,,1736412788
move,1323,306,4743.144365034435,,1736412832.5769796,,1736412788
move,1333,300,0,,1736412832.5769796,,1736412788
move,1340,297,4843.497740866932,,1736412832.5791144,,1736412788
move,1349,291,10099.807304241127,,1736412832.579623,,1736412788
move,1356,290,0,,1736412832.579623,,1736412788
move,1362,286,4568.12509798632,,1736412832.5812016,,1736412788
move,1372,281,7123.461083320127,,1736412832.582771,,1736412788
move,1378,278,6095.374043955337,,1736412832.5838716,,1736412788
move,1385,274,0,,1736412832.5838716,,1736412788
move,1397,268,8517.102039321277,,1736412832.5854468,,1736412788
move,1403,267,5341.908545200993,,1736412832.5865855,,1736412788
move,1410,262,0,,1736412832.58793,,1736412788
move,1416,260,4704.221968134377,,1736412832.58793,,1736412788
move,1422,257,3187.1597855570726,,1736412832.5900347,,1736412788
move,1432,253,10681.966560048937,,1736412832.591043,,1736412788
move,1438,250,0,,1736412832.591043,,1736412788
move,1445,247,4155.98069229995,,1736412832.5928755,,1736412788
move,1451,243,0,,1736412832.5928755,,1736412788
move,1458,240,4864.149170247817,,1736412832.5944412,,1736412788
move,1464,238,0,,1736412832.596042,,1736412788
move,1473,235,5926.520929023625,,1736412832.596042,,1736412788
move,1480,232,4718.296543724877,,1736412832.597656,,1736412788
move,1484,229,0,,1736412832.597656,,1736412788
move,1491,225,5079.699552759441,,1736412832.5992432,,1736412788
move,1495,224,4087.3454072206705,,1736412832.600252,,1736412788
move,1504,219,6507.384370533807,,1736412832.601834,,1736412788
move,1510,217,0,,1736412832.601834,,1736412788
move,1514,214,3165.5124528301885,,1736412832.6034136,,1736412788
move,1520,213,3880.8876196957626,,1736412832.604981,,1736412788
move,1527,209,0,,1736412832.604981,,1736412788
move,1531,206,3175.578437310721,,1736412832.6065555,,1736412788
move,1538,205,0,,1736412832.6081345,,1736412788
move,1542,202,3166.46836780915,,1736412832.6081345,,1736412788
move,1546,200,2845.4941936587616,,1736412832.6097062,,1736412788
move,1553,197,7542.589752306356,,1736412832.6107159,,1736412788
move,1557,194,4898.743284279374,,1736412832.6117365,,1736412788
move,1564,191,14440.717721978941,,1736412832.612264,,1736412788
move,1566,190,0,,1736412832.6138453,,1736412788
move,1571,187,3687.137774213361,,1736412832.6138453,,1736412788
move,1577,183,4574.3430541088055,,1736412832.6154218,,1736412788
move,1582,182,3246.3324137735685,,1736412832.6169925,,1736412788
move,1584,181,0,,1736412832.6169925,,1736412788
move,1589,178,3723.0605657416995,,1736412832.6185586,,1736412788
move,1593,175,0,,1736412832.6185586,,1736412788
move,1596,173,2298.99333184611,,1736412832.621138,,1736412788
move,1601,170,5766.749553491446,,1736412832.621138,,1736412788
move,1602,169,904.2136587676406,,1736412832.6227021,,1736412788
move,1607,166,0,,1736412832.6227021,,1736412788
move,1610,163,2706.0408766038877,,1736412832.62427,,1736412788
move,1613,162,2014.5130375387112,,1736412832.6258397,,1736412788
move,1616,159,7201.507407748752,,1736412832.6264288,,1736412788
move,1619,158,2084.4811942723363,,1736412832.627946,,1736412788
move,1621,155,3578.5087877150286,,1736412832.6289535,,1736412788
move,1624,155,0,,1736412832.6289535,,1736412788
move,1627,152,2675.9285420371675,,1736412832.630539,,1736412788
move,1628,151,1401.9479086541533,,1736412832.6315477,,1736412788
move,1630,149,0,,1736412832.6315477,,1736412788
move,1633,147,1948.0585001782445,,1736412832.6333985,,1736412788
move,1636,146,2005.9821293337682,,1736412832.634975,,1736412788
move,1637,143,0,,1736412832.634975,,1736412788
move,1640,140,3866.7807050298056,,1736412832.6360722,,1736412788
move,1643,139,2018.8057593843037,,1736412832.6381636,,1736412788
move,1644,138,2693.7518626320266,,1736412832.6381636,,1736412788
move,1645,137,1397.6535347586528,,1736412832.6391754,,1736412788
move,1648,134,2684.40561239209,,1736412832.640756,,1736412788
move,1649,133,1378.4897981677254,,1736412832.6417818,,1736412788
move,1651,130,7260.095120923529,,1736412832.6422784,,1736412788
move,1653,129,2222.4523370377437,,1736412832.6432846,,1736412788
move,1654,128,895.0719181402931,,1736412832.6448646,,1736412788
move,1655,126,0,,1736412832.6448646,,1736412788
move,1658,124,2310.231918252935,,1736412832.6464252,,1736412788
move,1659,123,1400.6237547852945,,1736412832.647435,,1736412788
move,1660,121,2233.567245129621,,1736412832.648436,,1736412788
move,1661,119,2238.8992270945996,,1736412832.6494348,,1736412788
move,1662,118,1067.6100794664728,,1736412832.6507595,,1736412788
move,1663,117,0,,1736412832.6507595,,1736412788
move,1665,116,1482.8061442370401,,1736412832.6522675,,1736412788
move,1666,113,3126.721791408504,,1736412832.6532788,,1736412788
move,1667,112,1416.3423117277275,,1736412832.6542773,,1736412788
move,1668,110,2237.830795108394,,1736412832.6552765,,1736412788
move,1670,107,1801.8322574626131,,1736412832.6572776,,1736412788
move,1671,106,1412.6319603514462,,1736412832.659278,,1736412788
move,1672,105,1415.328466121623,,1736412832.659278,,1736412788
move,1672,104,1000.5496183206106,,1736412832.6602774,,1736412788
move,1673,101,3160.2463281283954,,1736412832.661278,,1736412788
move,1673,100,940.4269058295964,,1736412832.6623414,,1736412788
move,1674,99,1430.6902077944337,,1736412832.6633298,,1736412788
move,1675,98,1412.6319603514462,,1736412832.664331,,1736412788
move,1675,97,1000.7883560009544,,1736412832.6653302,,1736412788
move,1677,95,2827.9578553114293,,1736412832.6663303,,1736412788
move,1678,94,1414.9908400562315,,1736412832.6673298,,1736412788
move,1678,93,999.5958055290753,,1736412832.6683302,,1736412788
move,1678,92,1000.3109945146673,,1736412832.66933,,1736412788
move,1679,91,706.7367570017541,,1736412832.671331,,1736412788
move,1679,90,999.1195807527394,,1736412832.6733325,,1736412788
move,1679,89,999.3576364069573,,1736412832.6733325,,1736412788
move,1679,88,1000.7883560009544,,1736412832.6743317,,1736412788
move,1680,86,2236.230057772837,,1736412832.6753316,,1736412788
move,1680,85,999.8340882002384,,1736412832.6763318,,1736412788
move,1680,84,1001.5052531041069,,1736412832.6773303,,1736412788
move,1680,83,1001.2661733110527,,1736412832.678329,,1736412788
move,1681,82,1413.3051230678395,,1736412832.6793296,,1736412788
move,1681,81,402.7562896101402,,1736412832.6818125,,1736412788
move,1681,80,1001.0272076372315,,1736412832.6828115,,1736412788
move,1681,78,1894.874181161057,,1736412832.683867,,1736412788
move,1681,77,999.8340882002384,,1736412832.6848671,,1736412788
move,1682,76,1414.3160709384174,,1736412832.685867,,1736412788
move,1682,75,499.1436391764846,,1736412832.6878705,,1736412788
move,1682,74,1002.9421329507413,,1736412832.6888676,,1736412788
move,1682,73,0,,1736412832.6900556,,1736412788
move,1682,72,395.8757904672015,,1736412832.6913936,,1736412788
move,1682,70,1997.287619047619,,1736412832.692395,,1736412788
move,1682,69,1002.702366722448,,1736412832.6940124,,1736412788
move,1682,68,604.2794986313212,,1736412832.696049,,1736412788
move,1682,67,608.840760632893,,1736412832.6966896,,1736412788
move,1682,66,993.9109004739337,,1736412832.6976957,,1736412788
move,1682,65,345.7223870755028,,1736412832.7005882,,1736412788
move,1682,64,1002.2231780167264,,1736412832.701586,,1736412788
move,1682,62,1366.890663190484,,1736412832.7040522,,1736412788
move,1682,61,661.979797979798,,1736412832.7059062,,1736412788
move,1682,60,426.6406265893602,,1736412832.7069037,,1736412788
move,1682,59,876.5525600835946,,1736412832.7090461,,1736412788
move,1683,59,998.4060937871935,,1736412832.7100434,,1736412788
move,1683,58,1002.702366722448,,1736412832.7110436,,1736412788
move,1683,57,280.34917452041975,,1736412832.7136104,,1736412788
move,1683,56,988.9893892949776,,1736412832.7146215,,1736412788
move,1683,55,249.94362672069602,,1736412832.7186224,,1736412788
move,1683,53,2003.0105062082139,,1736412832.719621,,1736412788
move,1683,52,234.71203133743705,,1736412832.7238815,,1736412788
move,1683,51,299.72159496927253,,1736412832.727218,,1736412788
move,1683,50,250.04793132228448,,1736412832.7312171,,1736412788
move,1685,50,210.04602248541454,,1736412832.7407389,,1736412788
move,1685,49,166.65225683407502,,1736412832.7467394,,1736412788
move,1686,49,150.733271041472,,1736412832.7533736,,1736412788
move,1687,49,74.85818311618776,,1736412832.7667322,,1736412788
move,1688,49,288.7644750430293,,1736412832.7701952,,1736412788
move,1689,49,344.8412398257009,,1736412832.7730951,,1736412788
move,1690,49,321.4765080095041,,1736412832.7762058,,1736412788
move,1691,49,651.3905886007144,,1736412832.777741,,1736412788
move,1693,49,776.004440333025,,1736412832.7818584,,1736412788
move,1694,49,316.790332326284,,1736412832.783475,,1736412788
move,1695,49,643.890696960393,,1736412832.785028,,1736412788
move,1696,49,644.6824469720258,,1736412832.7865791,,1736412788
move,1697,49,592.3321564750742,,1736412832.7882674,,1736412788
move,1698,49,397.67744382288805,,1736412832.790782,,1736412788
move,1699,49,0,,1736412832.7917905,,1736412788
move,1700,49,991.5612293144208,,1736412832.792791,,1736412788
move,1702,49,846.4791120080727,,1736412832.7941532,,1736412788
move,1703,49,993.9109004739337,,1736412832.7951593,,1736412788
move,1704,49,991.3268730796502,,1736412832.796168,,1736412788
move,1705,49,1001.2661733110527,,1736412832.7971668,,1736412788
move,1706,49,639.8633104500382,,1736412832.7987297,,1736412788
move,1707,49,993.4400757934628,,1736412832.7997363,,1736412788
move,1708,49,992.0302743614002,,1736412832.8007443,,1736412788
move,1710,49,1998.7152728139147,,1736412832.801745,,1736412788
move,1711,49,1000.072484501669,,1736412832.8027449,,1736412788
move,1713,49,0,,1736412832.8027449,,1736412788
move,1714,49,493.0414952392148,,1736412832.804773,,1736412788
move,1715,49,991.5612293144208,,1736412832.8057816,,1736412788
move,1717,50,2236.230057772837,,1736412832.8067815,,1736412788
move,1718,50,1001.0272076372315,,1736412832.8077805,,1736412788
move,1719,50,999.5958055290753,,1736412832.808781,,1736412788
move,1721,50,1998.2391615054787,,1736412832.8097818,,1736412788
move,1724,50,1500.1087267525036,,1736412832.8117816,,1736412788
move,1725,50,1974.719397363465,,1736412832.812288,,1736412788
move,1726,50,992.0302743614002,,1736412832.813296,,1736412788
move,1727,50,994.3821716453295,,1736412832.8143017,,1736412788
move,1730,50,3018.208683137443,,1736412832.8152957,,1736412788
move,1731,50,0,,1736412832.8168159,,1736412788
move,1732,50,657.8268506900878,,1736412832.8178236,,1736412788
move,1733,50,992.2649633309676,,1736412832.818824,,1736412788
move,1734,50,999.5958055290753,,1736412832.8198242,,1736412788
move,1735,50,999.8340882002384,,1736412832.8208244,,1736412788
move,1736,50,999.8340882002384,,1736412832.8218246,,1736412788
move,1738,50,1999.6681764004768,,1736412832.822824,,1736412788
move,1740,50,2001.0992366412213,,1736412832.8238313,,1736412788
move,1740,50,0.0,,1736412832.8248315,,1736412788
move,1741,50,999.8340882002384,,1736412832.825831,,1736412788
move,1744,50,3001.648854961832,,1736412832.826831,,1736412788
move,1745,50,615.8132432829246,,1736412832.8274548,,1736412788
move,1746,50,496.6024153445418,,1736412832.8294685,,1736412788
move,1747,49,1411.9594385897935,,1736412832.83047,,1736412788
move,1748,49,1000.3109945146673,,1736412832.8314698,,1736412788
move,1749,49,0,,1736412832.8314698,,1736412788
move,1750,49,360.67624043339924,,1736412832.8342423,,1736412788
move,1752,49,2001.5767120019088,,1736412832.8352416,,1736412788
move,1753,49,399.0015220700152,,1736412832.8377478,,1736412788
move,1754,48,2713.468253209388,,1736412832.838269,,1736412788
move,1755,48,465.36158881615444,,1736412832.8409362,,1736412788
move,1756,47,2728.445998857278,,1736412832.8409362,,1736412788
move,1757,47,640.4495342800427,,1736412832.8424976,,1736412788
move,1758,47,330.5985654607078,,1736412832.8455224,,1736412788
move,1759,47,497.426944971537,,1736412832.8475327,,1736412788
move,1761,47,796.034162080091,,1736412832.8510582,,1736412788
move,1762,47,249.26035538123253,,1736412832.8550537,,1736412788
move,1763,47,200.06219890293346,,1736412832.8600566,,1736412788
move,1764,47,133.08913215928922,,1736412832.8665693,,1736412788
move,1765,47,153.44079019571979,,1736412832.8740869,,1736412788
move,1766,47,83.35759286125962,,1736412832.886085,,1736412788
move,1767,47,166.65225683407502,,1736412832.8920853,,1736412788
move,1769,47,333.34424796344126,,1736412832.898085,,1736412788
move,1770,47,249.5421227986673,,1736412832.9010906,,1736412788
move,1771,47,249.973419154896,,1736412832.9060917,,1736412788
move,1772,47,250.04793132228448,,1736412832.9090903,,1736412788
move,1773,47,333.3310021457522,,1736412832.9120903,,1736412788
move,1773,48,998.8816384853536,,1736412832.9130914,,1736412788
move,1774,48,998.6438095238095,,1736412832.9140928,,1736412788
move,1775,48,284.6877078666938,,1736412832.9176054,,1736412788
move,1775,49,499.67881820347867,,1736412832.9196067,,1736412788
move,1777,49,2000.144969003338,,1736412832.9206066,,1736412788
move,1777,50,348.7696657242641,,1736412832.9234738,,1736412788
move,1778,50,499.4408192426768,,1736412832.925476,,1736412788
move,1779,50,1000.5496183206106,,1736412832.9264755,,1736412788
move,1779,51,297.80630502698097,,1736412832.9298334,,1736412788
move,1780,51,0,,1736412832.9298334,,1736412788
move,1780,52,315.2189989478431,,1736412832.934005,,1736412788
move,1781,52,333.38399173356646,,1736412832.9370058,,1736412788
move,1781,54,1999.1916110581506,,1736412832.9370058,,1736412788
move,1782,54,663.026240910528,,1736412832.938514,,1736412788
move,1783,54,454.5685488241032,,1736412832.940714,,1736412788
move,1783,55,988.2902921771913,,1736412832.9417257,,1736412788
move,1785,56,761.5093262665864,,1736412832.944662,,1736412788
move,1785,57,449.83955383955384,,1736412832.946885,,1736412788
move,1786,57,1525.7562750090942,,1736412832.9475405,,1736412788
move,1786,58,790.6322337417531,,1736412832.9488053,,1736412788
move,1787,58,998.6438095238095,,1736412832.9498067,,1736412788
move,1788,59,752.3644852252312,,1736412832.9516864,,1736412788
move,1788,60,496.7788700698804,,1736412832.9536994,,1736412788
move,1789,61,1418.0352860424869,,1736412832.956063,,1736412788
move,1790,61,422.8555297913096,,1736412832.9580622,,1736412788
move,1790,63,1998.7152728139147,,1736412832.9590604,,1736412788
move,1791,63,1001.744447098161,,1736412832.9600616,,1736412788
move,1791,64,998.8816384853536,,1736412832.9610608,,1736412788
move,1792,64,397.30074831865113,,1736412832.9625785,,1736412788
move,1792,65,1001.2661733110527,,1736412832.9635773,,1736412788
move,1792,66,499.7383533897295,,1736412832.9655783,,1736412788
move,1794,67,2235.6969874372535,,1736412832.9665785,,1736412788
move,1795,67,500.0362422508345,,1736412832.9685783,,1736412788
move,1795,68,1000.7883560009544,,1736412832.9695776,,1736412788
move,1795,69,333.19860184302513,,1736412832.9725788,,1736412788
move,1796,69,1000.3109945146673,,1736412832.9735785,,1736412788
move,1796,71,869.1056775797762,,1736412832.9758797,,1736412788
move,1797,71,0,,1736412832.9768815,,1736412788
move,1797,72,309.7713441654357,,1736412832.9791079,,1736412788
move,1798,72,579.0038652678079,,1736412832.9821503,,1736412788
move,1798,73,188.44875769420855,,1736412832.9871407,,1736412788
move,1799,73,23.187426404329774,,1736412833.0292683,,1736412788
move,1800,73,45.642352685129765,,1736412833.0511777,,1736412788
move,1800,73,0.0,,1736412833.1077442,,1736412788
move,1800,73,0.0,,1736412833.1238108,,1736412788
move,1799,73,67.71668900046821,,1736412833.1385782,,1736412788
move,1799,72,217.6259015202615,,1736412833.1431732,,1736412788
move,1798,72,130.32264479244344,,1736412833.1508465,,1736412788
move,1798,70,186.47981504534945,,1736412833.1615715,,1736412788
move,1797,70,204.0130356534851,,1736412833.166982,,1736412788
move,1797,69,384.23451813851227,,1736412833.1690757,,1736412788
move,1796,69,172.67616303005352,,1736412833.174867,,1736412788
move,1796,68,256.39122195733233,,1736412833.1787672,,1736412788
move,1795,68,279.28512451724595,,1736412833.1823478,,1736412788
move,1795,67,322.2916858767481,,1736412833.1854506,,1736412788
move,1795,66,160.47381107242606,,1736412833.191682,,1736412788
move,1793,66,621.1023248926404,,1736412833.1959226,,1736412788
move,1793,65,57.76800815359612,,1736412833.2122128,,1736412788
move,1792,65,123.56176167329504,,1736412833.220306,,1736412788
move,1792,64,75.09272222719542,,1736412833.2336228,,1736412788
move,1791,64,128.31719032031083,,1736412833.2419226,,1736412788
move,1791,62,1933.7501152604887,,1736412833.2424502,,1736412788
move,1791,61,70.74337566833645,,1736412833.2565858,,1736412788
move,1790,61,0,,1736412833.2565858,,1736412788
move,1789,61,127.04237467817659,,1736412833.2644572,,1736412788
move,1789,60,625.8287078484035,,1736412833.266055,,1736412788
move,1789,59,53.079017970134146,,1736412833.284895,,1736412788
move,1789,58,26.55009273501839,,1736412833.3225596,,1736412788
click_press,1789,58,,Button.left,1736412833.3297749,,1736412788
click_release,1789,58,,Button.left,1736412833.4057755,,1736412788
click_press,1789,58,,Button.left,1736412833.4446576,,1736412788
click_release,1789,58,,Button.left,1736412833.5292811,,1736412788
