event,x,y,speed,button,time,scroll,session_id
move,1171,523,0,,1736412742.519608,,1736412742
move,1170,524,860.9058928179568,,1736412742.5212507,,1736412742
move,1168,525,2093.0035399016465,,1736412742.522319,,1736412742
move,1166,528,0,,1736412742.5238824,,1736412742
move,1164,530,1038.4526613297833,,1736412742.5250428,,1736412742
move,1162,532,4134.988917055227,,1736412742.5267646,,1736412742
move,1159,535,4087.968023098361,,1736412742.5283291,,1736412742
move,1158,536,903.9380678932829,,1736412742.5283291,,1736412742
move,1157,538,1435.596029741203,,1736412742.5298867,,1736412742
move,1154,541,2699.8823857604557,,1736412742.5314581,,1736412742
move,1151,542,3138.5598294261417,,1736412742.5324657,,1736412742
move,1150,544,1475.5740815448833,,1736412742.533981,,1736412742
move,1147,546,0,,1736412742.533981,,1736412742
move,1144,549,2696.2007279616914,,1736412742.5355546,,1736412742
move,1143,550,899.4149509500717,,1736412742.537127,,1736412742
move,1141,553,2274.4439971249376,,1736412742.5387123,,1736412742
move,1139,555,0,,1736412742.5387123,,1736412742
move,1135,558,3199.316552250191,,1736412742.540275,,1736412742
move,1133,561,2113.3004663057172,,1736412742.5419812,,1736412742
move,1131,562,2155.0433966680325,,1736412742.5430188,,1736412742
move,1129,565,2243.7356286177614,,1736412742.5446258,,1736412742
move,1127,568,0,,1736412742.5446258,,1736412742
move,1124,571,2789.1731668569223,,1736412742.5461469,,1736412742
move,1121,574,2676.3309978263146,,1736412742.547732,,1736412742
move,1115,581,7293.3934732933585,,1736412742.5489962,,1736412742
move,1114,585,0,,1736412742.550517,,1736412742
move,1111,588,2789.6104098678734,,1736412742.55209,,1736412742
move,1108,591,2697.426831066722,,1736412742.55209,,1736412742
move,1107,593,1398.3522979423406,,1736412742.553689,,1736412742
move,1104,598,0,,1736412742.553689,,1736412742
move,1102,601,2286.1342610557385,,1736412742.5552661,,1736412742
move,1100,603,1724.0638283725395,,1736412742.5569067,,1736412742
move,1098,606,0,,1736412742.5569067,,1736412742
move,1097,611,3216.54954759216,,1736412742.558492,,1736412742
move,1094,613,1707.052504445616,,1736412742.560604,,1736412742
move,1092,618,6314.514478955403,,1736412742.561457,,1736412742
move,1091,621,0,,1736412742.5630236,,1736412742
move,1088,625,3191.5264038959062,,1736412742.5641174,,1736412742
move,1087,628,2890.922807139249,,1736412742.5641174,,1736412742
move,1085,632,2833.8869503850365,,1736412742.5656955,,1736412742
move,1084,637,3701.4257428072465,,1736412742.567073,,1736412742
move,1081,639,2356.6741681289873,,1736412742.568603,,1736412742
move,1079,642,0,,1736412742.570171,,1736412742
move,1078,648,3879.1174109593953,,1736412742.570171,,1736412742
move,1075,651,2628.1088176852995,,1736412742.5717854,,1736412742
move,1068,672,16505.755888726064,,1736412742.5731266,,1736412742
move,1065,679,4867.113759106722,,1736412742.5746913,,1736412742
move,1063,684,4197.55032358734,,1736412742.5759742,,1736412742
move,1062,690,5770.856189070333,,1736412742.5770283,,1736412742
move,1062,694,2570.0392156862745,,1736412742.5785847,,1736412742
move,1060,697,2300.392171719457,,1736412742.5806713,,1736412742
move,1059,702,3330.764357878877,,1736412742.581683,,1736412742
move,1058,704,1895.4625833264508,,1736412742.5828626,,1736412742
move,1056,710,4048.7038581058837,,1736412742.5844247,,1736412742
move,1055,713,2797.0379247479705,,1736412742.5855553,,1736412742
move,1053,720,4618.117669245135,,1736412742.5871317,,1736412742
move,1050,734,9116.94157537335,,1736412742.5887022,,1736412742
move,1049,743,5751.217157242629,,1736412742.5902767,,1736412742
move,1049,747,0,,1736412742.591741,,1736412742
move,1048,750,2159.484506537752,,1736412742.5933118,,1736412742
move,1046,754,2847.2218768364537,,1736412742.5933118,,1736412742
move,1045,764,3772.6871491246607,,1736412742.5959756,,1736412742
move,1045,766,1291.150992765892,,1736412742.5975246,,1736412742
move,1043,773,4580.707175074833,,1736412742.599114,,1736412742
move,1042,778,3229.6644430595393,,1736412742.6006927,,1736412742
move,1042,780,1198.2013998000286,,1736412742.602362,,1736412742
move,1041,790,6419.773609072469,,1736412742.6039274,,1736412742
move,1041,796,3782.059513074842,,1736412742.6060376,,1736412742
move,1039,797,1448.2317576126125,,1736412742.6070578,,1736412742
move,1039,799,1272.5436893203882,,1736412742.6086295,,1736412742
move,1039,810,6957.825968933796,,1736412742.6102104,,1736412742
move,1038,813,0,,1736412742.6117373,,1736412742
move,1038,816,1964.8519675203,,1736412742.6117373,,1736412742
move,1038,822,3742.1299628252787,,1736412742.6133406,,1736412742
move,1037,825,2010.2385327606662,,1736412742.6158283,,1736412742
move,1037,829,2483.3060982830075,,1736412742.6165245,,1736412742
move,1035,836,4611.840209794417,,1736412742.618103,,1736412742
move,1035,838,1279.1412015858493,,1736412742.6196666,,1736412742
move,1034,840,1433.621042846114,,1736412742.6212263,,1736412742
move,1034,844,0,,1736412742.6212263,,1736412742
move,1033,847,2016.657114057302,,1736412742.6227944,,1736412742
move,1033,850,1054.1983914209115,,1736412742.6256402,,1736412742
move,1031,852,5351.052414538315,,1736412742.6261687,,1736412742
move,1030,857,4695.2443341251965,,1736412742.6272547,,1736412742
move,1030,859,1269.4624697336562,,1736412742.6288302,,1736412742
move,1028,864,3461.0815646986634,,1736412742.630386,,1736412742
move,1027,873,5786.264184404376,,1736412742.631951,,1736412742
move,1025,876,2211.5791367188813,,1736412742.6335814,,1736412742
move,1024,883,0,,1736412742.6351523,,1736412742
move,1023,886,2012.9843434747115,,1736412742.6351523,,1736412742
move,1021,888,1862.6602611134315,,1736412742.6366708,,1736412742
move,1021,893,3138.9791947313274,,1736412742.6382637,,1736412742
move,1020,895,1414.8059831496876,,1736412742.6398442,,1736412742
move,1019,898,2169.019434040045,,1736412742.641302,,1736412742
move,1017,903,0,,1736412742.6428692,,1736412742
move,1016,905,1426.8597082457445,,1736412742.6428692,,1736412742
move,1014,908,2263.211334463291,,1736412742.6444623,,1736412742
move,1011,915,4885.724625423281,,1736412742.6460211,,1736412742
move,1010,918,3122.3055176918256,,1736412742.647034,,1736412742
move,1006,928,6723.327367531918,,1736412742.6486359,,1736412742
move,1004,930,1689.9263821982115,,1736412742.6503096,,1736412742
move,1003,933,2011.1529703039992,,1736412742.651882,,1736412742
move,1002,934,889.4349379990587,,1736412742.653472,,1736412742
move,1001,938,0,,1736412742.653472,,1736412742
move,998,943,3693.2625877917885,,1736412742.6550508,,1736412742
move,996,944,1511.7261222274788,,1736412742.65653,,1736412742
move,995,946,2221.3995410467264,,1736412742.6575365,,1736412742
move,992,949,2632.3853261164445,,1736412742.6591482,,1736412742
move,991,954,3261.182973763384,,1736412742.6607118,,1736412742
move,990,956,0,,1736412742.6622825,,1736412742
move,987,959,2701.1118403987803,,1736412742.6622825,,1736412742
move,985,962,2533.977569853169,,1736412742.6637053,,1736412742
move,982,965,2726.7736445827713,,1736412742.6652613,,1736412742
move,981,969,2522.7656335449533,,1736412742.6668956,,1736412742
move,980,972,2870.277827127218,,1736412742.6679974,,1736412742
move,977,975,2660.724402593775,,1736412742.669592,,1736412742
move,974,977,2268.983966524188,,1736412742.671181,,1736412742
move,972,982,0,,1736412742.6727533,,1736412742
move,970,985,2293.0671928557563,,1736412742.6727533,,1736412742
move,969,986,902.4253159159779,,1736412742.6758912,,1736412742
move,964,990,4076.60133599902,,1736412742.6758912,,1736412742
move,963,993,1976.0956256190218,,1736412742.6774914,,1736412742
move,960,995,3530.884458763416,,1736412742.6785126,,1736412742
move,957,1000,3713.4504792525395,,1736412742.6800828,,1736412742
move,955,1001,0,,1736412742.6816983,,1736412742
move,953,1004,2231.814955266191,,1736412742.6816983,,1736412742
move,949,1009,3926.4107604622145,,1736412742.683329,,1736412742
move,947,1011,1927.1090323312937,,1736412742.6847968,,1736412742
move,944,1013,2298.643887655223,,1736412742.6863654,,1736412742
move,941,1017,0,,1736412742.6879356,,1736412742
move,939,1019,1801.2880660539697,,1736412742.6889431,,1736412742
move,936,1023,4962.498816848083,,1736412742.6889431,,1736412742
move,933,1024,1891.8205447375374,,1736412742.6906147,,1736412742
move,930,1027,0,,1736412742.6922097,,1736412742
move,929,1030,1982.5939968841367,,1736412742.6922097,,1736412742
move,926,1033,2699.8823857604557,,1736412742.6937811,,1736412742
move,923,1036,0,,1736412742.6953604,,1736412742
move,922,1038,1415.8739224485626,,1736412742.6953604,,1736412742
move,917,1041,3628.6030944150184,,1736412742.6969674,,1736412742
move,916,1043,0,,1736412742.698559,,1736412742
move,914,1044,1057.4753481000428,,1736412742.699082,,1736412742
move,911,1047,4042.4636084841354,,1736412742.7001314,,1736412742
move,908,1050,0,,1736412742.7001314,,1736412742
move,905,1051,2020.6511028572327,,1736412742.7016964,,1736412742
move,904,1054,2004.1634691983795,,1736412742.7032743,,1736412742
move,901,1055,0,,1736412742.7048647,,1736412742
move,898,1058,2667.504842534427,,1736412742.7048647,,1736412742
move,895,1061,0,,1736412742.7048647,,1736412742
move,894,1062,0,,1736412742.7048647,,1736412742
move,892,1063,1512.2136185584131,,1736412742.7063434,,1736412742
move,889,1066,0,,1736412742.7063434,,1736412742
move,884,1069,0,,1736412742.7079172,,1736412742
move,878,1074,4962.666483359185,,1736412742.7079172,,1736412742
move,874,1078,4751.966033659702,,1736412742.7091076,,1736412742
move,871,1079,6039.869689961236,,1736412742.7096312,,1736412742
move,870,1082,0,,1736412742.7096312,,1736412742
move,869,1080,2219.8222159288234,,1736412742.7106385,,1736412742
move,866,1082,7096.564118669034,,1736412742.711713,,1736412742
move,866,1079,14.165064741204045,,1736412742.9229352,,1736412742
move,867,1079,385.25801414531094,,1736412742.925531,,1736412742
move,869,1079,628.1248970423062,,1736412742.928715,,1736412742
move,870,1079,0,,1736412742.928715,,1736412742
move,872,1079,416.4114172251179,,1736412742.9352202,,1736412742
move,873,1079,587.4375350140056,,1736412742.9352202,,1736412742
move,874,1079,385.8605335786568,,1736412742.9378119,,1736412742
move,874,1079,0.0,,1736412742.9389641,,1736412742
move,876,1079,0,,1736412742.9389641,,1736412742
move,878,1079,634.2513231513685,,1736412742.9421175,,1736412742
move,878,1079,0.0,,1736412742.94368,,1736412742
move,878,1079,0,,1736412742.94368,,1736412742
move,885,1079,4391.941361256545,,1736412742.9452739,,1736412742
move,882,1079,1887.342432878356,,1736412742.9468634,,1736412742
move,882,1072,2207.362453950831,,1736412742.9500346,,1736412742
move,882,1070,0,,1736412742.9500346,,1736412742
move,883,1070,549.2802514405448,,1736412742.9518552,,1736412742
move,884,1070,643.9895593428528,,1736412742.953408,,1736412742
move,886,1070,1271.7719830200122,,1736412742.9549806,,1736412742
move,887,1070,0,,1736412742.9549806,,1736412742
move,888,1070,635.6932403758715,,1736412742.9565537,,1736412742
move,889,1070,0,,1736412742.9581215,,1736412742
move,890,1070,463.1008060064039,,1736412742.958713,,1736412742
move,891,1070,471.53501967397415,,1736412742.9608338,,1736412742
move,892,1070,0,,1736412742.9608338,,1736412742
move,894,1070,1275.4459480006083,,1736412742.9624019,,1736412742
move,896,1070,1224.9719626168223,,1736412742.9640346,,1736412742
move,896,1071,342.7559042248917,,1736412742.966952,,1736412742
move,897,1071,362.13987221550684,,1736412742.9697134,,1736412742
move,898,1071,325.5941623971433,,1736412742.9727848,,1736412742
move,898,1070,316.1932906143988,,1736412742.9759474,,1736412742
move,901,1070,0,,1736412742.9759474,,1736412742
move,902,1070,625.1757340885378,,1736412742.977547,,1736412742
move,902,1069,601.9380022962113,,1736412742.9792082,,1736412742
move,902,1068,616.1751138533862,,1736412742.9808311,,1736412742
move,902,1067,322.44034440344404,,1736412742.9839325,,1736412742
move,902,1066,0,,1736412742.9839325,,1736412742
move,902,1065,504.4868895838345,,1736412742.9859147,,1736412742
move,902,1064,631.5771721126337,,1736412742.989106,,1736412742
move,902,1062,916.9881941407958,,1736412742.989679,,1736412742
move,902,1063,186.77876736729604,,1736412742.995033,,1736412742
move,902,1064,12.461425562194169,,1736412743.0752807,,1736412742
move,902,1065,143.14542165796388,,1736412743.0832887,,1736412742
move,902,1065,0.0,,1736412743.0871072,,1736412742
move,902,1066,207.63881188118813,,1736412743.090365,,1736412742
move,902,1067,23.172182137608697,,1736412743.1335201,,1736412742
move,902,1067,0.0,,1736412743.1453059,,1736412742
move,902,1067,0.0,,1736412743.1453059,,1736412742
move,902,1066,226.5844092701637,,1736412743.1497192,,1736412742
move,903,1065,444.01838472308725,,1736412743.1529043,,1736412742
move,903,1064,374.15735950044603,,1736412743.1571906,,1736412742
move,904,1062,1385.748945375189,,1736412743.1571906,,1736412742
move,904,1061,322.8125913953667,,1736412743.1602883,,1736412742
move,904,1060,641.0368332569158,,1736412743.1618483,,1736412742
move,905,1060,623.1323726043679,,1736412743.163453,,1736412742
move,906,1059,894.6669082225826,,1736412743.1650338,,1736412742
move,906,1058,837.0193574136899,,1736412743.1662285,,1736412742
move,906,1057,727.5462272333044,,1736412743.1692045,,1736412742
move,908,1057,635.6932403758715,,1736412743.1707492,,1736412742
move,908,1056,0,,1736412743.1707492,,1736412742
move,908,1054,1363.1147221319468,,1736412743.1722164,,1736412742
move,909,1054,632.0530440024111,,1736412743.1737986,,1736412742
move,909,1053,0,,1736412743.1753743,,1736412742
move,910,1052,503.9627528900359,,1736412743.1766047,,1736412742
move,911,1051,447.4346836777342,,1736412743.1797655,,1736412742
move,911,1050,658.0332601192343,,1736412743.1812851,,1736412742
move,911,1049,369.8028566390407,,1736412743.1839893,,1736412742
move,912,1049,0,,1736412743.1839893,,1736412742
move,912,1048,635.7896013339397,,1736412743.187136,,1736412742
move,913,1046,471.6968698033133,,1736412743.1903026,,1736412742
move,913,1045,240.0036621652552,,1736412743.1944692,,1736412742
move,913,1044,90.39448275862068,,1736412743.2070732,,1736412742
move,913,1044,0.0,,1736412743.2080836,,1736412742
move,911,1044,209.3540642391874,,1736412743.2166264,,1736412742
move,910,1044,161.3628284538145,,1736412743.2228236,,1736412742
move,910,1044,0.0,,1736412743.2244315,,1736412742
move,908,1044,914.1900610287707,,1736412743.2271287,,1736412742
move,909,1044,1962.706598034628,,1736412743.2271287,,1736412742
move,910,1047,2082.1905555973117,,1736412743.2286475,,1736412742
move,904,1052,5379.957539276397,,1736412743.2300992,,1736412742
move,903,1052,0,,1736412743.2300992,,1736412742
move,902,1052,135.25213633871851,,1736412743.2374928,,1736412742
move,902,1052,0.0,,1736412743.2421246,,1736412742
move,901,1052,643.5942918520792,,1736412743.2421246,,1736412742
move,900,1052,619.9089565474432,,1736412743.2437377,,1736412742
move,900,1052,0,,1736412743.2437377,,1736412742
move,900,1051,624.3381958916344,,1736412743.2453394,,1736412742
move,897,1051,926.303886925795,,1736412743.249098,,1736412742
move,897,1051,0.0,,1736412743.2501698,,1736412742
move,897,1050,382.0992985332969,,1736412743.2517152,,1736412742
move,897,1050,0.0,,1736412743.2548275,,1736412742
move,897,1049,0,,1736412743.2548275,,1736412742
move,896,1049,639.2781588172535,,1736412743.2563918,,1736412742
move,898,1049,1276.6105615583624,,1736412743.2579584,,1736412742
move,897,1046,0,,1736412743.2579584,,1736412742
move,893,1046,2638.341877653719,,1736412743.2594745,,1736412742
move,894,1046,0,,1736412743.2610846,,1736412742
move,894,1046,0.0,,1736412743.2610846,,1736412742
move,890,1043,3013.5824112659866,,1736412743.2627437,,1736412742
move,890,1042,3.7557960340450682,,1736412743.5289989,,1736412742
move,890,1041,100.48162522159934,,1736412743.538951,,1736412742
move,890,1040,166.30204987906902,,1736412743.544964,,1736412742
move,889,1039,149.3363948015036,,1736412743.554434,,1736412742
move,889,1039,0.0,,1736412743.556042,,1736412742
move,889,1038,464.6398582031683,,1736412743.559204,,1736412742
move,889,1036,260.8803607526046,,1736412743.5658605,,1736412742
move,889,1035,142.52766073127634,,1736412743.5728767,,1736412742
move,889,1034,309.4057244024786,,1736412743.5761087,,1736412742
move,889,1034,0.0,,1736412743.5772579,,1736412742
move,889,1033,317.84662018793574,,1736412743.580404,,1736412742
move,889,1032,225.9740315715748,,1736412743.5848293,,1736412742
move,890,1031,293.4567655229665,,1736412743.5896485,,1736412742
move,890,1031,0.0,,1736412743.5906682,,1736412742
move,890,1031,0.0,,1736412743.5922925,,1736412742
move,890,1031,0.0,,1736412743.593907,,1736412742
move,890,1030,309.2916451589116,,1736412743.5971403,,1736412742
move,890,1030,0.0,,1736412743.5986817,,1736412742
move,890,1028,0,,1736412743.6002533,,1736412742
move,890,1029,478.2558722919042,,1736412743.6007726,,1736412742
move,890,1028,985.5037593984962,,1736412743.6017873,,1736412742
move,890,1027,629.3973589435774,,1736412743.6033762,,1736412742
move,890,1026,312.7277065314644,,1736412743.6081388,,1736412742
move,893,1025,2020.6511028572327,,1736412743.6081388,,1736412742
move,892,1022,1987.0492642928652,,1736412743.6097302,,1736412742
move,892,1022,0.0,,1736412743.6117988,,1736412742
move,892,1023,994.6179748636472,,1736412743.6128042,,1736412742
move,892,1023,0.0,,1736412743.6174154,,1736412742
move,892,1022,0,,1736412743.6190498,,1736412742
move,892,1021,168.40536416927648,,1736412743.6233535,,1736412742
move,892,1020,629.5863104172921,,1736412743.6249418,,1736412742
move,892,1020,0.0,,1736412743.6265147,,1736412742
move,892,1019,709.5760446624937,,1736412743.627924,,1736412742
move,892,1018,634.3472474289172,,1736412743.6310668,,1736412742
move,892,1016,776.7229629629629,,1736412743.6320753,,1736412742
move,892,1015,258.31766952023156,,1736412743.6359465,,1736412742
move,892,1014,481.6610013780432,,1736412743.6380227,,1736412742
move,892,1013,317.60593669544147,,1736412743.6421826,,1736412742
move,892,1012,389.91391651947566,,1736412743.643736,,1736412742
move,892,1011,0,,1736412743.643736,,1736412742
move,892,1010,317.26959152798787,,1736412743.6468878,,1736412742
move,892,1009,628.0778676250375,,1736412743.6500545,,1736412742
move,892,1007,350.89969045427927,,1736412743.6541796,,1736412742
move,892,1006,643.9895593428528,,1736412743.6557324,,1736412742
move,892,1005,211.73729113029432,,1736412743.6604552,,1736412742
move,894,1004,1442.2188009071626,,1736412743.6620057,,1736412742
move,894,1003,975.873429502094,,1736412743.6630304,,1736412742
move,895,1000,1996.621080709751,,1736412743.66619,,1736412742
move,895,999,318.11179370496774,,1736412743.6677577,,1736412742
move,895,998,0,,1736412743.6677577,,1736412742
move,895,997,316.62293349437607,,1736412743.670916,,1736412742
move,896,996,548.4643182168953,,1736412743.6734946,,1736412742
move,896,995,620.6427937259544,,1736412743.6751058,,1736412742
move,896,993,1279.9218797680805,,1736412743.6766684,,1736412742
move,897,992,901.7393739002315,,1736412743.6782367,,1736412742
move,897,991,212.10134007585336,,1736412743.6829515,,1736412742
move,897,990,387.64362292051754,,1736412743.6855311,,1736412742
move,897,989,643.4955507824486,,1736412743.6870852,,1736412742
move,897,988,318.13592233009706,,1736412743.6902285,,1736412742
move,898,988,637.6260261477653,,1736412743.6917968,,1736412742
move,898,987,645.575496382946,,1736412743.6933458,,1736412742
move,898,986,238.85558086560366,,1736412743.699104,,1736412742
move,898,984,422.9621338173751,,1736412743.702261,,1736412742
move,898,983,220.9621746918133,,1736412743.7067866,,1736412742
move,898,982,213.9732680338741,,1736412743.71146,,1736412742
move,898,981,232.60337178349602,,1736412743.7157593,,1736412742
move,898,980,194.14478800222182,,1736412743.72091,,1736412742
move,898,980,0.0,,1736412743.7271593,,1736412742
move,898,979,322.06895492590036,,1736412743.72871,,1736412742
move,898,978,210.03024536805208,,1736412743.7334712,,1736412742
move,897,978,233.31501362852535,,1736412743.7377572,,1736412742
move,897,976,1258.4170417041705,,1736412743.7393465,,1736412742
move,897,975,115.59014495948851,,1736412743.7479978,,1736412742
move,897,974,160.59055057814535,,1736412743.7542248,,1736412742
move,897,973,175.3911516266622,,1736412743.7599263,,1736412742
move,896,973,623.6883271375465,,1736412743.7631402,,1736412742
move,896,972,159.78909672749438,,1736412743.767788,,1736412742
move,896,971,136.0461887771651,,1736412743.7751384,,1736412742
move,896,970,173.46170388751034,,1736412743.7809033,,1736412742
move,896,968,193.04126107467496,,1736412743.7912638,,1736412742
move,895,968,313.71009723261034,,1736412743.7944515,,1736412742
move,895,967,642.6082426842347,,1736412743.7960076,,1736412742
move,895,966,174.4138389886893,,1736412743.8017411,,1736412742
move,895,965,212.93044979185703,,1736412743.8064375,,1736412742
move,894,965,191.44205577616503,,1736412743.812171,,1736412742
move,894,964,1960.871435250117,,1736412743.812171,,1736412742
move,894,963,335.2493006154584,,1736412743.8151538,,1736412742
move,894,962,177.9736071625578,,1736412743.8207726,,1736412742
move,894,959,959.2096356151852,,1736412743.8239002,,1736412742
move,892,959,641.2818591850776,,1736412743.827019,,1736412742
move,892,958,632.7204706592246,,1736412743.8285995,,1736412742
move,892,957,419.64022011005505,,1736412743.8309824,,1736412742
move,892,956,637.916958174905,,1736412743.834133,,1736412742
move,892,955,316.7424860293007,,1736412743.8357072,,1736412742
move,892,954,344.52965335961886,,1736412743.8401887,,1736412742
move,891,952,705.805904748591,,1736412743.8417778,,1736412742
move,891,951,317.72623286114685,,1736412743.8449252,,1736412742
move,891,950,624.9894203546417,,1736412743.8465252,,1736412742
move,891,949,183.55816192560175,,1736412743.851973,,1736412742
move,890,948,909.6214693322685,,1736412743.8535278,,1736412742
move,890,947,314.9349752215047,,1736412743.856703,,1736412742
move,890,946,237.06008025772906,,1736412743.8609214,,1736412742
move,890,944,1259.9291078401923,,1736412743.8630626,,1736412742
move,890,943,173.16092808190902,,1736412743.8682837,,1736412742
move,890,942,324.56117000696435,,1736412743.8713648,,1736412742
move,890,941,174.9813934084272,,1736412743.8770797,,1736412742
move,890,940,215.18079211984403,,1736412743.881727,,1736412742
move,890,939,214.02786140735827,,1736412743.8880408,,1736412742
move,890,938,135.20417768035588,,1736412743.8937955,,1736412742
move,890,938,0.0,,1736412743.9347658,,1736412742
move,889,938,113.73766846543916,,1736412743.9442089,,1736412742
move,888,939,612.8362022435915,,1736412743.9458656,,1736412742
move,887,939,357.570673486786,,1736412743.9486623,,1736412742
move,887,940,606.0257188267591,,1736412743.9503124,,1736412742
move,886,941,484.3342534102819,,1736412743.9532323,,1736412742
move,884,941,3419.734203016714,,1736412743.9538171,,1736412742
move,883,942,515.5707606706408,,1736412743.9565601,,1736412742
move,882,942,472.8640360766629,,1736412743.958675,,1736412742
move,881,942,1972.8617121354657,,1736412743.9591818,,1736412742
move,881,943,637.7229740003041,,1736412743.9607499,,1736412742
move,880,943,0,,1736412743.9607499,,1736412742
move,879,943,635.9824109173617,,1736412743.9623222,,1736412742
move,878,945,1430.1233397833605,,1736412743.9638858,,1736412742
move,876,945,1229.4603546826909,,1736412743.9655125,,1736412742
move,875,946,0,,1736412743.9670951,,1736412742
move,874,946,631.8626092196445,,1736412743.9670951,,1736412742
move,873,946,640.0585991149092,,1736412743.9686575,,1736412742
move,873,947,0,,1736412743.9702241,,1736412742
move,872,947,638.3052807791812,,1736412743.9702241,,1736412742
move,871,947,641.3308868501529,,1736412743.9717834,,1736412742
move,870,948,901.602310611905,,1736412743.973352,,1736412742
move,868,948,1987.3508647239992,,1736412743.9743583,,1736412742
move,867,948,620.9184307920059,,1736412743.9759688,,1736412742
move,866,948,0,,1736412743.9770713,,1736412742
move,865,949,1282.7944639956147,,1736412743.9770713,,1736412742
move,863,950,1386.3634681891026,,1736412743.9786842,,1736412742
move,861,950,1271.9648218347234,,1736412743.9802566,,1736412742
move,860,951,868.9776738229889,,1736412743.981884,,1736412742
move,859,951,359.0091586065223,,1736412743.9846694,,1736412742
move,858,953,713.9729645477527,,1736412743.9878013,,1736412742
move,857,954,0,,1736412743.9878013,,1736412742
move,856,954,641.9198041016223,,1736412743.9893591,,1736412742
move,856,955,638.7913493755711,,1736412743.9909246,,1736412742
move,853,955,0,,1736412743.992238,,1736412742
move,853,956,761.3548738428027,,1736412743.992238,,1736412742
move,853,956,0.0,,1736412743.9937973,,1736412742
move,853,957,990.3905548996458,,1736412743.994807,,1736412742
move,853,958,907.8580086580087,,1736412743.9959085,,1736412742
move,853,959,631.1969902182092,,1736412743.9974928,,1736412742
move,852,961,1429.4694196462854,,1736412743.999057,,1736412742
move,852,962,641.1348211556099,,1736412744.0006168,,1736412742
move,852,963,637.1417286951238,,1736412744.0021863,,1736412742
move,852,964,323.6845192159284,,1736412744.0052757,,1736412742
move,852,965,12.387889456289633,,1736412744.0859997,,1736412742
move,851,965,325.3668450857187,,1736412744.0890732,,1736412742
move,851,965,0.0,,1736412744.0906436,,1736412742
move,851,964,311.3118088027908,,1736412744.0938559,,1736412742
move,851,961,957.1665905979005,,1736412744.0980031,,1736412742
move,852,961,356.38575919789275,,1736412744.099796,,1736412742
move,852,960,211.38514262675133,,1736412744.1045268,,1736412742
move,852,959,0,,1736412744.1060739,,1736412742
move,854,957,447.0637324024512,,1736412744.1108534,,1736412742
move,854,956,214.56435440965828,,1736412744.115514,,1736412742
move,855,956,637.8199513381995,,1736412744.1170819,,1736412742
move,857,956,1305.213629998444,,1736412744.1186142,,1736412742
move,857,954,0,,1736412744.1202004,,1736412742
move,857,953,316.7424860293007,,1736412744.1217713,,1736412742
move,858,953,316.7185683002341,,1736412744.1249287,,1736412742
move,858,952,0,,1736412744.1249287,,1736412742
move,860,952,1288.1769041769041,,1736412744.1264813,,1736412742
move,860,951,186.65408749054336,,1736412744.1318388,,1736412742
move,860,950,238.71963574274332,,1736412744.1360278,,1736412742
move,860,949,167.73190434295768,,1736412744.1419897,,1736412742
move,861,949,0,,1736412744.1419897,,1736412742
move,862,948,301.32799601299075,,1736412744.146683,,1736412742
move,862,948,0.0,,1736412744.1482458,,1736412742
move,862,948,0.0,,1736412744.1529117,,1736412742
move,862,946,314.8167830068303,,1736412744.1592646,,1736412742
move,864,946,144.16883786477848,,1736412744.1731372,,1736412742
move,864,946,0.0,,1736412744.1746688,,1736412742
move,864,946,0,,1736412744.1762595,,1736412742
move,864,946,0.0,,1736412744.1762595,,1736412742
move,864,946,0.0,,1736412744.1778204,,1736412742
move,865,946,686.8026854429344,,1736412744.1792765,,1736412742
move,867,946,327.60321799578224,,1736412744.1853814,,1736412742
move,868,946,317.94299575500304,,1736412744.1885266,,1736412742
move,868,947,178.9760614465543,,1736412744.194114,,1736412742
move,869,947,644.3853126440314,,1736412744.1956658,,1736412742
move,870,947,319.5416730153893,,1736412744.1987953,,1736412742
move,870,947,0.0,,1736412744.200418,,1736412742
move,870,947,0.0,,1736412744.201427,,1736412742
move,870,947,0,,1736412744.2030854,,1736412742
move,867,947,672.7031275060144,,1736412744.2058866,,1736412742
move,877,946,0,,1736412744.2058866,,1736412742
move,878,946,175.14945504656114,,1736412744.211596,,1736412742
move,878,945,212.12279370859252,,1736412744.2163103,,1736412742
move,879,945,108.86943882053679,,1736412744.2254956,,1736412742
move,879,945,0.0,,1736412744.2354963,,1736412742
move,879,945,0.0,,1736412744.237046,,1736412742
move,878,945,640.5473427000611,,1736412744.2386072,,1736412742
move,877,945,84.45020738533402,,1736412744.2504485,,1736412742
move,877,946,42.177547162221956,,1736412744.2741578,,1736412742
move,877,946,0.0,,1736412744.289977,,1736412742
move,877,946,0.0,,1736412744.3125803,,1736412742
move,877,945,138.68677049234535,,1736412744.3197908,,1736412742
move,877,945,0.0,,1736412744.3305278,,1736412742
move,877,945,0,,1736412744.3320944,,1736412742
move,877,944,101.8529383195726,,1736412744.3403459,,1736412742
move,877,942,183.29745438653993,,1736412744.351257,,1736412742
move,878,942,632.148304446119,,1736412744.352839,,1736412742
move,878,941,239.78412988794878,,1736412744.3570094,,1736412742
move,882,939,702.4753847876023,,1736412744.3633757,,1736412742
move,880,939,1252.4048969841745,,1736412744.3649726,,1736412742
move,880,939,0.0,,1736412744.372272,,1736412742
move,880,938,174.27614575975403,,1736412744.37801,,1736412742
move,880,937,211.8228372304429,,1736412744.382731,,1736412742
move,880,935,346.3361545766071,,1736412744.390158,,1736412742
move,880,934,154.61731853872524,,1736412744.3949733,,1736412742
move,880,933,209.84110466279768,,1736412744.3997388,,1736412742
move,881,933,166.5067090115125,,1736412744.4057446,,1736412742
move,881,929,2589.476153727427,,1736412744.4072893,,1736412742
move,881,928,174.66805480364803,,1736412744.4130144,,1736412742
move,883,928,4.15113017066005,,1736412744.894811,,1736412742
move,884,928,306.98265388274905,,1736412744.8980684,,1736412742
move,885,928,314.91132967940536,,1736412744.901244,,1736412742
move,885,928,0.0,,1736412744.9028556,,1736412742
move,886,928,0,,1736412744.9028556,,1736412742
move,886,929,474.5224572915488,,1736412744.904963,,1736412742
move,887,929,927.5329500221142,,1736412744.9060411,,1736412742
move,888,929,0,,1736412744.9075952,,1736412742
move,889,930,910.0401352432835,,1736412744.9091704,,1736412742
move,891,930,1269.6546087482973,,1736412744.9091704,,1736412742
move,892,931,897.6455208104907,,1736412744.9107459,,1736412742
move,893,931,620.1839420375572,,1736412744.9123583,,1736412742
move,894,931,0,,1736412744.9140477,,1736412742
move,895,932,523.6265538061195,,1736412744.915059,,1736412742
move,896,932,0,,1736412744.915059,,1736412742
move,897,934,1429.687326570012,,1736412744.916623,,1736412742
move,899,935,1590.696889806526,,1736412744.9180288,,1736412742
move,900,935,638.4996194245699,,1736412744.919595,,1736412742
move,901,936,1011.5350616500209,,1736412744.920993,,1736412742
move,902,936,0,,1736412744.920993,,1736412742
move,902,937,798.1549000951475,,1736412744.922246,,1736412742
move,903,937,638.4996194245699,,1736412744.9238122,,1736412742
move,904,938,0,,1736412744.9238122,,1736412742
move,905,938,655.6673440675316,,1736412744.9253373,,1736412742
move,907,939,1422.531300212237,,1736412744.9269092,,1736412742
move,907,940,818.5604996096799,,1736412744.9281309,,1736412742
move,908,940,0,,1736412744.9281309,,1736412742
move,909,942,1687.1287753731388,,1736412744.9294562,,1736412742
move,910,942,638.208155812538,,1736412744.9310231,,1736412742
move,910,943,0,,1736412744.9310231,,1736412742
move,911,943,638.5968331303288,,1736412744.932589,,1736412742
move,912,944,0,,1736412744.9341521,,1736412742
move,913,945,471.5886151626429,,1736412744.935588,,1736412742
move,914,946,1020.7609019989197,,1736412744.9369733,,1736412742
move,916,946,1226.9428111744917,,1736412744.9386034,,1736412742
move,917,947,906.9788381522511,,1736412744.9401627,,1736412742
move,917,948,629.3029257314329,,1736412744.9417517,,1736412742
move,918,948,0,,1736412744.9433162,,1736412742
move,918,950,1278.361475160012,,1736412744.9433162,,1736412742
move,919,950,616.9001323724077,,1736412744.9449372,,1736412742
move,919,951,992.734674556213,,1736412744.9459445,,1736412742
move,920,951,1970.0817285110381,,1736412744.9464521,,1736412742
move,920,952,990.3905548996458,,1736412744.9474618,,1736412742
move,921,953,906.1475101612775,,1736412744.9490225,,1736412742
move,922,954,902.8373822702774,,1736412744.950589,,1736412742
move,924,955,761.8186063113702,,1736412744.953524,,1736412742
move,924,956,944.8758729443568,,1736412744.9545825,,1736412742
move,925,956,0,,1736412744.9561028,,1736412742
move,925,958,1315.4473890544143,,1736412744.9561028,,1736412742
move,925,959,637.7229740003041,,1736412744.957671,,1736412742
move,926,959,0,,1736412744.957671,,1736412742
move,926,960,637.4322188449848,,1736412744.9592397,,1736412742
move,927,960,555.3162981596716,,1736412744.9610405,,1736412742
move,927,961,0,,1736412744.9610405,,1736412742
move,928,962,898.1892188848763,,1736412744.962615,,1736412742
move,928,964,633.1980676328502,,1736412744.9657736,,1736412742
move,929,964,1927.5294117647059,,1736412744.9673042,,1736412742
move,930,964,988.2902921771913,,1736412744.9673042,,1736412742
move,930,966,1637.1209992193599,,1736412744.968526,,1736412742
move,930,967,639.4730904101235,,1736412744.9700897,,1736412742
move,932,967,0,,1736412744.9700897,,1736412742
move,932,968,636.0788595693055,,1736412744.9716618,,1736412742
move,932,969,0,,1736412744.9732301,,1736412742
move,933,969,637.6260261477653,,1736412744.9732301,,1736412742
move,933,970,637.3353593678772,,1736412744.9747992,,1736412742
move,934,971,1225.2926258037023,,1736412744.9759533,,1736412742
move,934,972,633.0069423483247,,1736412744.977533,,1736412742
move,935,974,1441.7753823672988,,1736412744.979084,,1736412742
move,935,975,636.7548201001973,,1736412744.9806545,,1736412742
move,935,976,640.3517557251909,,1736412744.9822161,,1736412742
move,936,976,633.9637243047158,,1736412744.9837935,,1736412742
move,936,977,0,,1736412744.9853554,,1736412742
move,936,978,313.3117203256891,,1736412744.9869852,,1736412742
move,937,979,0,,1736412744.9869852,,1736412742
move,937,980,639.5706007929247,,1736412744.9900444,,1736412742
move,937,982,635.6932403758715,,1736412744.991695,,1736412742
move,938,983,0,,1736412744.9932628,,1736412742
move,938,984,345.4376544226651,,1736412744.9961574,,1736412742
move,938,985,637.916958174905,,1736412744.9971704,,1736412742
move,940,985,1974.2546481525064,,1736412744.9971704,,1736412742
move,940,986,618.4464759657918,,1736412744.9987874,,1736412742
move,940,987,639.180737580006,,1736412745.000352,,1736412742
move,941,988,904.2136587676406,,1736412745.001916,,1736412742
move,941,990,1279.3362818362057,,1736412745.0050538,,1736412742
move,941,991,317.67810346133456,,1736412745.006627,,1736412742
move,941,992,659.4817610062893,,1736412745.0091505,,1736412742
move,941,993,388.0381163844944,,1736412745.0107205,,1736412742
move,941,994,660.3123425692695,,1736412745.012235,,1736412742
move,941,995,775.717403366007,,1736412745.015102,,1736412742
move,941,996,317.12566157568426,,1736412745.0166774,,1736412742
move,941,997,658.4464678178964,,1736412745.018196,,1736412742
move,941,999,793.1739788199698,,1736412745.0207176,,1736412742
move,942,999,0,,1736412745.0223026,,1736412742
move,942,1000,307.477750898028,,1736412745.02397,,1736412742
move,942,1001,540.712130978471,,1736412745.0258193,,1736412742
move,942,1002,476.51715519200184,,1736412745.0279179,,1736412742
move,942,1003,660.2084054777271,,1736412745.0294325,,1736412742
move,942,1004,988.9893892949776,,1736412745.0320091,,1736412742
move,942,1005,238.78758895530885,,1736412745.0346315,,1736412742
move,942,1007,0,,1736412745.0361996,,1736412742
move,943,1007,637.7229740003041,,1736412745.0361996,,1736412742
move,943,1008,636.6581663630844,,1736412745.038331,,1736412742
move,943,1009,883.1973046957254,,1736412745.0389025,,1736412742
move,943,1010,352.9667592358832,,1736412745.0417356,,1736412742
move,943,1011,0,,1736412745.0432959,,1736412742
move,943,1012,319.98046994202014,,1736412745.0448608,,1736412742
move,943,1013,622.0234317069553,,1736412745.0464685,,1736412742
move,943,1015,0,,1736412745.0480564,,1736412742
move,943,1016,312.77434750186427,,1736412745.0496657,,1736412742
move,943,1017,621.6546613309619,,1736412745.0512743,,1736412742
move,943,1018,637.916958174905,,1736412745.052842,,1736412742
move,943,1019,583.5147468002226,,1736412745.0545557,,1736412742
move,943,1020,885.9957752429235,,1736412745.0556843,,1736412742
move,943,1021,639.0833460307786,,1736412745.057249,,1736412742
move,943,1023,1314.4167972422438,,1736412745.0587707,,1736412742
move,943,1025,634.155427880254,,1736412745.0619245,,1736412742
move,943,1026,0,,1736412745.0619245,,1736412742
move,943,1027,637.7229740003041,,1736412745.0650585,,1736412742
move,943,1028,379.19754090950187,,1736412745.0661297,,1736412742
move,943,1029,640.2540070218288,,1736412745.0676916,,1736412742
move,943,1031,1306.6367601246106,,1736412745.0692222,,1736412742
move,943,1032,910.024734215665,,1736412745.070321,,1736412742
move,944,1032,637.7229740003041,,1736412745.0718892,,1736412742
move,944,1033,930.2071412730095,,1736412745.0729642,,1736412742
move,944,1034,0,,1736412745.0729642,,1736412742
move,944,1035,636.2718446601941,,1736412745.0761034,,1736412742
move,944,1036,637.916958174905,,1736412745.0761034,,1736412742
move,944,1037,628.3601498127341,,1736412745.0791442,,1736412742
move,945,1039,1138.4740061057632,,1736412745.079659,,1736412742
move,945,1040,987.8247762600095,,1736412745.0806713,,1736412742
move,945,1041,728.4307051059395,,1736412745.0820441,,1736412742
move,945,1042,718.5718691108447,,1736412745.0834358,,1736412742
move,945,1043,947.4370905805285,,1736412745.0844913,,1736412742
move,945,1044,631.5771721126337,,1736412745.0860746,,1736412742
move,945,1045,635.308088458043,,1736412745.0876486,,1736412742
move,945,1047,954.6612040514397,,1736412745.0897436,,1736412742
move,946,1048,0,,1736412745.0897436,,1736412742
move,946,1049,305.84103835496575,,1736412745.0930133,,1736412742
move,946,1050,0,,1736412745.0930133,,1736412742
move,946,1051,635.2118733908829,,1736412745.0945876,,1736412742
move,946,1052,640.1562881562882,,1736412745.0973144,,1736412742
move,946,1053,362.2962771011488,,1736412745.0989099,,1736412742
move,946,1055,1321.8733060195398,,1736412745.1004229,,1736412742
move,947,1056,1396.6662588923293,,1736412745.1014354,,1736412742
move,947,1057,459.09632224168126,,1736412745.1041195,,1736412742
move,947,1058,479.7328148232872,,1736412745.105698,,1736412742
move,947,1059,875.8204217999582,,1736412745.10684,,1736412742
move,947,1060,369.54220264317183,,1736412745.109546,,1736412742
move,949,1060,1965.4657919400188,,1736412745.1121507,,1736412742
move,949,1061,630.0591858194382,,1736412745.1121507,,1736412742
move,949,1062,260.920933125972,,1736412745.1159832,,1736412742
move,949,1064,964.6513339466421,,1736412745.1180565,,1736412742
move,949,1065,234.20090457311966,,1736412745.1223264,,1736412742
move,949,1066,160.2408404966571,,1736412745.130162,,1736412742
move,949,1067,67.7965926356965,,1736412745.143317,,1736412742
move,948,1067,317.2455941305499,,1736412745.146469,,1736412742
move,948,1068,307.9970627111176,,1736412745.149716,,1736412742
move,947,1068,321.9700621785522,,1736412745.1528218,,1736412742
move,946,1068,211.6304556233917,,1736412745.1591804,,1736412742
move,945,1068,307.38761451080984,,1736412745.1608002,,1736412742
move,945,1069,656.3856025039123,,1736412745.1623237,,1736412742
move,944,1069,305.5959198542805,,1736412745.165596,,1736412742
move,943,1069,619.817348899069,,1736412745.1672094,,1736412742
move,942,1069,208.65107949457766,,1736412745.172002,,1736412742
move,941,1069,638.8886519421172,,1736412745.1751544,,1736412742
move,939,1069,626.6702525026146,,1736412745.1767588,,1736412742
move,938,1069,309.31445427728613,,1736412745.1799917,,1736412742
move,937,1069,0,,1736412745.1799917,,1736412742
move,936,1069,643.890696960393,,1736412745.1830633,,1736412742
move,935,1069,321.59975463885905,,1736412745.1846542,,1736412742
move,934,1069,317.077713940127,,1736412745.187808,,1736412742
move,933,1069,0,,1736412745.187808,,1736412742
move,931,1069,1241.6530491415037,,1736412745.1910017,,1736412742
move,930,1069,631.7674348546468,,1736412745.1910017,,1736412742
move,929,1069,385.8250390948395,,1736412745.1941004,,1736412742
move,928,1069,1972.8617121354657,,1736412745.1951077,,1736412742
move,927,1069,387.2499307543163,,1736412745.1966827,,1736412742
move,926,1069,0,,1736412745.198249,,1736412742
move,925,1069,317.3175972159177,,1736412745.199834,,1736412742
move,923,1069,0,,1736412745.2013004,,1736412742
move,922,1069,352.81830417227457,,1736412745.2026684,,1736412742
move,921,1069,981.353299017314,,1736412745.2042062,,1736412742
move,920,1069,489.531279178338,,1736412745.2057302,,1736412742
move,919,1069,988.9893892949776,,1736412745.2067413,,1736412742
move,918,1069,0,,1736412745.2067413,,1736412742
move,917,1068,886.1131762049182,,1736412745.2083373,,1736412742
move,915,1068,1262.3939804364184,,1736412745.2099216,,1736412742
move,914,1068,604.8023071377073,,1736412745.211575,,1736412742
move,912,1068,833.8576540755467,,1736412745.2139735,,1736412742
move,911,1068,656.8996084573218,,1736412745.2154958,,1736412742
move,910,1068,703.3882274023143,,1736412745.2169175,,1736412742
move,909,1067,931.3301305567157,,1736412745.218436,,1736412742
move,907,1067,1258.4170417041705,,1736412745.2200253,,1736412742
move,906,1067,1857.5305580159434,,1736412745.2205637,,1736412742
move,905,1067,992.969696969697,,1736412745.2215707,,1736412742
move,904,1067,531.530097579521,,1736412745.223452,,1736412742
move,903,1067,395.2788615587598,,1736412745.225982,,1736412742
move,902,1067,630.0591858194382,,1736412745.2280774,,1736412742
move,901,1067,1967.3095684803002,,1736412745.2290916,,1736412742
move,899,1067,770.9409061667126,,1736412745.2306716,,1736412742
move,899,1066,0,,1736412745.2322485,,1736412742
move,898,1066,634.155427880254,,1736412745.2322485,,1736412742
move,897,1066,638.5968331303288,,1736412745.2338145,,1736412742
move,896,1066,315.31378740039094,,1736412745.236986,,1736412742
move,895,1066,615.903671071953,,1736412745.2386096,,1736412742
move,894,1066,319.7121731839317,,1736412745.2417374,,1736412742
move,893,1066,599.7860717860718,,1736412745.2434046,,1736412742
move,891,1066,357.4183212611845,,1736412745.2490003,,1736412742
move,890,1066,646.2718027734977,,1736412745.2505476,,1736412742
move,889,1066,215.8452037875669,,1736412745.2562304,,1736412742
move,889,1066,0.0,,1736412745.2625704,,1736412742
move,888,1066,637.916958174905,,1736412745.264138,,1736412742
move,887,1066,52.35419527173777,,1736412745.2832386,,1736412742
move,886,1066,65.78062168689816,,1736412745.2984407,,1736412742
move,886,1067,642.6082426842347,,1736412745.2999969,,1736412742
move,885,1067,206.8095261574873,,1736412745.3048322,,1736412742
move,883,1068,351.85701978237773,,1736412745.3111873,,1736412742
move,882,1068,309.56557679533546,,1736412745.3144176,,1736412742
move,881,1068,314.60426042604263,,1736412745.3181098,,1736412742
move,880,1069,644.463450838301,,1736412745.3197906,,1736412742
move,879,1069,380.64288955440605,,1736412745.3224177,,1736412742
move,878,1069,305.41789849268184,,1736412745.325692,,1736412742
move,877,1070,822.8105980740356,,1736412745.3274107,,1736412742
move,876,1070,385.01046447585827,,1736412745.330008,,1736412742
move,874,1070,0,,1736412745.330008,,1736412742
move,873,1070,325.0390576565406,,1736412745.3330846,,1736412742
move,872,1070,645.1782802645747,,1736412745.3346345,,1736412742
move,871,1070,0,,1736412745.3346345,,1736412742
move,870,1070,319.12835730046413,,1736412745.337768,,1736412742
move,869,1070,0,,1736412745.337768,,1736412742
move,868,1070,0,,1736412745.337768,,1736412742
move,868,1072,791.2288247500471,,1736412745.3402958,,1736412742
move,866,1072,1264.8685162846803,,1736412745.341877,,1736412742
move,865,1072,660.3123425692695,,1736412745.3433914,,1736412742
move,864,1072,637.916958174905,,1736412745.344959,,1736412742
move,863,1072,638.4024353120244,,1736412745.3465254,,1736412742
move,862,1073,903.3873898135429,,1736412745.348091,,1736412742
move,861,1073,627.7958389462656,,1736412745.3496838,,1736412742
move,860,1073,426.38040052861646,,1736412745.3530564,,1736412742
move,858,1073,1946.7644465073104,,1736412745.3530564,,1736412742
move,857,1073,350.8116426898628,,1736412745.355907,,1736412742
move,857,1074,316.1217968043413,,1736412745.3590703,,1736412742
move,856,1074,366.41076264523457,,1736412745.3617995,,1736412742
move,856,1075,324.05964614077106,,1736412745.3648853,,1736412742
move,855,1075,7.907708608672208,,1736412745.4913442,,1736412742
move,854,1075,67.81413096200485,,1736412745.5060904,,1736412742
move,853,1075,120.44637165092037,,1736412745.5143929,,1736412742
move,852,1075,207.41291662545743,,1736412745.5192142,,1736412742
move,850,1075,1194.9584045584045,,1736412745.5208879,,1736412742
move,849,1075,128.30541449984705,,1736412745.5286818,,1736412742
move,848,1075,212.00485240598462,,1736412745.5333986,,1736412742
move,847,1075,209.16092355258564,,1736412745.5381796,,1736412742
move,846,1075,310.43623714010806,,1736412745.541401,,1736412742
move,845,1075,235.04085177920987,,1736412745.5456555,,1736412742
move,845,1075,0.0,,1736412745.5472662,,1736412742
move,844,1075,992.4997633696166,,1736412745.5482738,,1736412742
move,843,1075,305.9079571147254,,1736412745.5531075,,1736412742
move,841,1075,644.5833717534962,,1736412745.5546455,,1736412742
move,840,1075,629.4918205012757,,1736412745.5562341,,1736412742
move,839,1075,237.01989150090415,,1736412745.5604532,,1736412742
move,839,1074,627.0449992525041,,1736412745.562048,,1736412742
move,838,1074,640.8409472880061,,1736412745.5651877,,1736412742
move,837,1074,317.8225354247177,,1736412745.5667548,,1736412742
move,836,1074,245.49628328943518,,1736412745.5708282,,1736412742
move,836,1073,309.56557679533546,,1736412745.5740585,,1736412742
move,835,1073,353.6512647554806,,1736412745.5768862,,1736412742
move,833,1073,352.3884898130645,,1736412745.5841417,,1736412742
move,832,1073,60.32886485242506,,1736412745.5991375,,1736412742
move,832,1071,620.0922531046718,,1736412745.6023629,,1736412742
move,831,1071,14.65474060822898,,1736412745.6711168,,1736412742
move,831,1070,75.65892815267782,,1736412745.6838174,,1736412742
move,830,1070,133.52553164395772,,1736412745.6913066,,1736412742
move,830,1069,49.4914806249115,,1736412745.7130582,,1736412742
move,830,1068,12.782484937326478,,1736412745.7897441,,1736412742
move,830,1068,0.0,,1736412745.7907636,,1736412742
move,831,1068,202.74091260634185,,1736412745.7972186,,1736412742
move,831,1067,320.1758778625954,,1736412745.7988193,,1736412742
move,832,1067,312.5412816691505,,1736412745.802019,,1736412742
move,834,1066,409.6060122417469,,1736412745.807478,,1736412742
move,835,1066,304.3982872487118,,1736412745.8107631,,1736412742
move,836,1066,159.39439081857566,,1736412745.8170369,,1736412742
move,837,1065,934.1167876402712,,1736412745.8190641,,1736412742
move,838,1065,253.5088546388637,,1736412745.8224955,,1736412742
move,839,1065,315.12426746806915,,1736412745.8262467,,1736412742
move,840,1063,710.6189469843368,,1736412745.8288155,,1736412742
move,842,1063,1288.1769041769041,,1736412745.830368,,1736412742
move,843,1063,381.43906875227356,,1736412745.8329897,,1736412742
move,844,1063,308.3593589178062,,1736412745.8362327,,1736412742
move,844,1062,632.7204706592246,,1736412745.8378131,,1736412742
move,845,1062,991.7956963821234,,1736412745.8388214,,1736412742
move,846,1062,481.6056952577793,,1736412745.8408978,,1736412742
move,847,1062,852.6741207562512,,1736412745.8420706,,1736412742
move,848,1062,656.180225281602,,1736412745.8435946,,1736412742
move,849,1062,347.87293688313844,,1736412745.8464692,,1736412742
move,851,1062,1280.7035114503817,,1736412745.8480308,,1736412742
move,852,1062,659.7929841120025,,1736412745.8495464,,1736412742
move,854,1062,639.716922138336,,1736412745.8526728,,1736412742
move,855,1062,368.6004042534493,,1736412745.8553858,,1736412742
move,856,1062,610.8802796387998,,1736412745.858226,,1736412742
move,858,1062,732.7575122292103,,1736412745.8597522,,1736412742
move,859,1062,638.5968331303288,,1736412745.861318,,1736412742
move,859,1061,622.0234317069553,,1736412745.8629258,,1736412742
move,860,1061,623.59559916741,,1736412745.8645294,,1736412742
move,861,1061,367.7601052170101,,1736412745.8672485,,1736412742
move,862,1061,272.1453412924993,,1736412745.870923,,1736412742
move,863,1061,990.1567516525024,,1736412745.871933,,1736412742
move,864,1061,211.0660225442834,,1736412745.8766708,,1736412742
move,866,1061,315.0177625896579,,1736412745.8830197,,1736412742
move,866,1060,657.6205707118219,,1736412745.8845403,,1736412742
move,867,1060,21.165501824218968,,1736412745.931787,,1736412742
move,868,1060,65.01486522096322,,1736412745.947168,,1736412742
move,868,1059,228.49771191980824,,1736412745.9531395,,1736412742
move,869,1059,154.28176267196352,,1736412745.9580262,,1736412742
move,870,1059,78.29430102107483,,1736412745.9707985,,1736412742
move,870,1058,38.13801067495931,,1736412745.997019,,1736412742
move,870,1057,1.4714837367926015,,1736412746.6772137,,1736412742
move,870,1056,167.81243498439625,,1736412746.6825643,,1736412742
move,870,1054,345.29546390055157,,1736412746.6883564,,1736412742
move,870,1053,317.26959152798787,,1736412746.6915083,,1736412742
move,870,1052,600.731022629619,,1736412746.693173,,1736412742
move,870,1051,614.7301773413454,,1736412746.6947997,,1736412742
move,870,1050,303.2757772957339,,1736412746.698097,,1736412742
move,870,1049,587.3552723708165,,1736412746.701343,,1736412742
move,870,1048,336.0012817431707,,1736412746.7041636,,1736412742
move,870,1046,432.82637634796964,,1736412746.7073965,,1736412742
move,870,1045,274.9101396080488,,1736412746.711034,,1736412742
move,870,1044,488.27753201396973,,1736412746.7140892,,1736412742
move,870,1043,249.23073266385407,,1736412746.7170944,,1736412742
move,870,1042,273.31578261436204,,1736412746.7207532,,1736412742
move,870,1041,261.98026233603997,,1736412746.7245703,,1736412742
move,870,1040,339.4548397539657,,1736412746.7275162,,1736412742
move,870,1038,635.4524657222937,,1736412746.7311773,,1736412742
move,870,1037,234.38412964515229,,1736412746.73493,,1736412742
move,870,1036,625.6420047732697,,1736412746.7382252,,1736412742
move,870,1035,224.75104490408316,,1736412746.7409778,,1736412742
move,870,1034,318.6192646611972,,1736412746.7441163,,1736412742
move,870,1033,321.52579532387887,,1736412746.7472265,,1736412742
move,870,1032,346.407664354146,,1736412746.7501132,,1736412742
move,870,1030,613.5611468695143,,1736412746.753373,,1736412742
move,870,1029,316.0979727183661,,1736412746.7565365,,1736412742
move,870,1028,326.5574587355964,,1736412746.7595987,,1736412742
move,870,1027,390.0226892319137,,1736412746.7621627,,1736412742
move,870,1026,594.599376240431,,1736412746.7638445,,1736412742
move,871,1026,630.532772098617,,1736412746.7654305,,1736412742
move,871,1025,485.45185185185187,,1736412746.7684984,,1736412742
move,871,1024,385.32880110243457,,1736412746.7700856,,1736412742
move,871,1023,625.082563338301,,1736412746.7716854,,1736412742
move,871,1021,614.9104236915408,,1736412746.7749379,,1736412742
move,871,1020,321.0581751377832,,1736412746.7780526,,1736412742
move,872,1020,632.2435936086825,,1736412746.7796342,,1736412742
move,872,1019,441.6916596461668,,1736412746.7818983,,1736412742
move,872,1018,457.7934948701157,,1736412746.7840827,,1736412742
move,872,1017,172.85406964764064,,1736412746.7898679,,1736412742
move,872,1016,231.55040300320195,,1736412746.7941866,,1736412742
move,872,1015,112.36047041174422,,1736412746.8030865,,1736412742
move,872,1013,294.9892042057882,,1736412746.8098664,,1736412742
move,872,1012,134.1833770554738,,1736412746.817319,,1736412742
move,872,1011,100.71083151247389,,1736412746.8272483,,1736412742
move,874,1011,265.56312523743196,,1736412746.8347795,,1736412742
move,874,1010,0,,1736412746.8347795,,1736412742
move,874,1009,145.05633754106864,,1736412746.8416734,,1736412742
move,874,1008,111.69619983489122,,1736412746.8506262,,1736412742
move,874,1007,86.829603560708,,1736412746.862143,,1736412742
move,874,1005,122.27400335252533,,1736412746.8784997,,1736412742
move,874,1004,27.85968874334943,,1736412746.914394,,1736412742
move,874,1004,0.0,,1736412747.433993,,1736412742
move,874,1006,170.29940314263672,,1736412747.4457371,,1736412742
move,874,1007,169.0024981867999,,1736412747.4532394,,1736412742
move,874,1008,135.6414203479723,,1736412747.4590266,,1736412742
move,874,1009,239.20976388730466,,1736412747.463207,,1736412742
move,874,1010,360.05700060090993,,1736412747.4659843,,1736412742
move,874,1011,169.88553606869456,,1736412747.4718707,,1736412742
move,874,1012,308.38203073303436,,1736412747.4761195,,1736412742
move,874,1014,778.9588634042158,,1736412747.477681,,1736412742
move,874,1015,321.52579532387887,,1736412747.480791,,1736412742
move,874,1016,250.99060499072468,,1736412747.4847753,,1736412742
move,874,1017,322.93686479827534,,1736412747.487872,,1736412742
move,874,1018,0,,1736412747.487872,,1736412742
move,875,1018,589.9991559994373,,1736412747.4895668,,1736412742
move,875,1019,331.4607238817765,,1736412747.494148,,1736412742
move,875,1020,369.9006967104683,,1736412747.4952872,,1736412742
move,876,1022,1473.950787725802,,1736412747.4968042,,1736412742
move,876,1023,319.41999847688675,,1736412747.499935,,1736412742
move,877,1023,313.1012242460436,,1736412747.5031288,,1736412742
move,877,1024,611.7712952158693,,1736412747.5047634,,1736412742
move,878,1024,950.8737247789617,,1736412747.505815,,1736412742
move,878,1025,641.9198041016223,,1736412747.5073729,,1736412742
move,878,1026,470.4771733034212,,1736412747.5100038,,1736412742
move,878,1027,483.66051660516604,,1736412747.5131433,,1736412742
move,879,1027,319.32272554244383,,1736412747.5146976,,1736412742
move,879,1028,644.7815526518064,,1736412747.5162485,,1736412742
move,880,1028,655.4624160025004,,1736412747.517774,,1736412742
move,880,1029,605.3260210708615,,1736412747.519426,,1736412742
move,880,1031,868.5657486021951,,1736412747.5217288,,1736412742
move,881,1031,990.8584927947082,,1736412747.522738,,1736412742
move,883,1031,612.217778426507,,1736412747.5260048,,1736412742
move,883,1032,1930.1905200184078,,1736412747.5265229,,1736412742
move,883,1033,596.2900199033267,,1736412747.5282,,1736412742
move,884,1033,0,,1736412747.5292084,,1736412742
move,884,1034,419.2626949220312,,1736412747.530585,,1736412742
move,885,1034,0,,1736412747.5320137,,1736412742
move,886,1035,989.926836033999,,1736412747.5320137,,1736412742
move,887,1036,446.32367204783463,,1736412747.5351822,,1736412742
move,888,1036,597.3941034040735,,1736412747.5368562,,1736412742
move,888,1037,0,,1736412747.5384345,,1736412742
move,889,1037,633.580664652568,,1736412747.5384345,,1736412742
move,889,1039,1638.0800624877954,,1736412747.5396554,,1736412742
move,891,1040,1425.991920678011,,1736412747.5412235,,1736412742
move,892,1040,821.2852946935578,,1736412747.5424411,,1736412742
move,894,1041,1423.178886540103,,1736412747.5440123,,1736412742
move,895,1042,0,,1736412747.5440123,,1736412742
move,897,1042,755.3221681973708,,1736412747.5466602,,1736412742
move,899,1043,1987.4441327186435,,1736412747.5477853,,1736412742
move,899,1044,0,,1736412747.5477853,,1736412742
move,900,1044,314.98227696004807,,1736412747.551304,,1736412742
move,901,1044,2906.6555786555787,,1736412747.551304,,1736412742
move,904,1046,3563.3313234881507,,1736412747.552316,,1736412742
move,905,1047,0,,1736412747.552316,,1736412742
move,906,1047,630.4379978956862,,1736412747.5539021,,1736412742
move,909,1048,0,,1736412747.5539021,,1736412742
move,910,1048,476.4089050431622,,1736412747.5560012,,1736412742
move,911,1049,1388.492884249935,,1736412747.5570197,,1736412742
move,913,1049,3505.4776431257837,,1736412747.5575902,,1736412742
move,914,1050,2460.2412283350154,,1736412747.558165,,1736412742
move,917,1050,2019.0808729139924,,1736412747.559651,,1736412742
move,918,1050,0,,1736412747.559651,,1736412742
move,920,1052,1798.012004096915,,1736412747.561224,,1736412742
move,922,1052,1270.2313749242883,,1736412747.5627985,,1736412742
move,924,1053,1979.0565229582778,,1736412747.5639284,,1736412742
move,925,1053,0,,1736412747.5639284,,1736412742
move,928,1053,1923.1104997707473,,1736412747.5654883,,1736412742
move,930,1054,1421.0225548938301,,1736412747.567062,,1736412742
move,932,1054,0,,1736412747.567062,,1736412742
move,934,1054,1266.2049811320755,,1736412747.5686414,,1736412742
move,937,1056,3116.1710564359596,,1736412747.5697985,,1736412742
move,938,1056,773.8568265682657,,1736412747.5710907,,1736412742
move,940,1057,0,,1736412747.5710907,,1736412742
move,941,1057,630.6275748007819,,1736412747.5726764,,1736412742
move,944,1057,2389.916809116809,,1736412747.5739317,,1736412742
move,947,1058,0,,1736412747.5739317,,1736412742
move,948,1058,640.8409472880061,,1736412747.5754921,,1736412742
move,949,1059,1152.4463962532975,,1736412747.5767193,,1736412742
move,951,1059,1946.7644465073104,,1736412747.5777466,,1736412742
move,954,1059,2720.6296216216215,,1736412747.5788493,,1736412742
move,955,1059,1752.0066833751043,,1736412747.57942,,1736412742
move,958,1061,3130.3618581833393,,1736412747.580572,,1736412742
move,960,1061,0,,1736412747.5821269,,1736412742
move,961,1061,643.1008892977615,,1736412747.5821269,,1736412742
move,964,1061,2417.9308224442734,,1736412747.5833676,,1736412742
move,965,1062,817.2556629258366,,1736412747.585098,,1736412742
move,967,1062,0,,1736412747.585098,,1736412742
move,970,1062,1878.6073454762616,,1736412747.586695,,1736412742
move,971,1062,0,,1736412747.586695,,1736412742
move,973,1062,1316.6862345000784,,1736412747.588214,,1736412742
move,974,1062,910.6174554928355,,1736412747.589312,,1736412742
move,977,1063,2748.923075472513,,1736412747.5904624,,1736412742
move,978,1063,905.7015763334053,,1736412747.5915666,,1736412742
move,980,1063,0,,1736412747.5915666,,1736412742
move,983,1063,1915.207305936073,,1736412747.593133,,1736412742
move,984,1063,640.2540070218288,,1736412747.5946949,,1736412742
move,987,1064,0,,1736412747.5961516,,1736412742
move,988,1064,686.4654664484452,,1736412747.5961516,,1736412742
move,990,1064,1277.1936662606577,,1736412747.5977175,,1736412742
move,991,1064,988.5232147065756,,1736412747.5987291,,1736412742
move,993,1064,1551.7217906030337,,1736412747.600018,,1736412742
move,995,1064,0,,1736412747.6014326,,1736412742
move,996,1064,706.9448845440755,,1736412747.6014326,,1736412742
move,997,1064,639.9609398840403,,1736412747.6029952,,1736412742
move,1000,1064,0,,1736412747.6029952,,1736412742
move,1001,1065,893.9927055788579,,1736412747.604577,,1736412742
move,1003,1065,1258.6058514628658,,1736412747.6061661,,1736412742
move,1004,1065,0,,1736412747.6061661,,1736412742
move,1005,1065,626.1089714882818,,1736412747.6077633,,1736412742
move,1008,1065,2551.7972013790304,,1736412747.608939,,1736412742
move,1009,1065,876.7357859531772,,1736412747.6100795,,1736412742
move,1010,1065,0,,1736412747.6100795,,1736412742
move,1011,1065,539.3215893017873,,1736412747.6119337,,1736412742
move,1012,1065,991.0926275992439,,1736412747.6129427,,1736412742
move,1015,1065,0,,1736412747.6129427,,1736412742
move,1016,1065,304.66361589307763,,1736412747.616225,,1736412742
move,1018,1065,1319.585968224005,,1736412747.6177406,,1736412742
move,1019,1065,654.541822721598,,1736412747.6192684,,1736412742
move,1021,1065,1917.3961142857142,,1736412747.6203115,,1736412742
move,1022,1065,0,,1736412747.6203115,,1736412742
move,1023,1065,553.7766041721679,,1736412747.6221173,,1736412742
move,1024,1065,625.9221011789285,,1736412747.623715,,1736412742
move,1025,1065,0,,1736412747.6249878,,1736412742
move,1026,1065,353.68108609494897,,1736412747.6265423,,1736412742
move,1027,1065,643.3968400061359,,1736412747.6280966,,1736412742
move,1029,1065,783.3231861051452,,1736412747.6306498,,1736412742
move,1030,1065,660.0006294256491,,1736412747.632165,,1736412742
move,1031,1065,246.34699870785857,,1736412747.6362243,,1736412742
move,1032,1065,212.6497667815859,,1736412747.6409268,,1736412742
move,1033,1065,18.242925615664987,,1736412747.6957426,,1736412742
move,1034,1065,168.62879427491657,,1736412747.7016728,,1736412742
move,1035,1065,236.4853405502932,,1736412747.7059014,,1736412742
move,1036,1065,441.4127552094296,,1736412747.7081668,,1736412742
move,1038,1065,621.6546613309619,,1736412747.711384,,1736412742
move,1039,1067,1077.3979164042823,,1736412747.7134595,,1736412742
move,1040,1067,344.9263157894737,,1736412747.7163587,,1736412742
move,1041,1067,315.5510081251881,,1736412747.7195277,,1736412742
move,1042,1067,0,,1736412747.7211277,,1736412742
move,1043,1067,337.95052775763435,,1736412747.7224867,,1736412742
move,1044,1067,401.2152286206237,,1736412747.7249792,,1736412742
move,1046,1067,1281.877750611247,,1736412747.7265394,,1736412742
move,1047,1067,311.2656029684601,,1736412747.729752,,1736412742
move,1048,1067,0,,1736412747.729752,,1736412742
move,1049,1067,318.6434703335106,,1736412747.7328904,,1736412742
move,1050,1067,399.07745004757373,,1736412747.7353961,,1736412742
move,1051,1067,0,,1736412747.7369535,,1736412742
move,1052,1067,316.5273564259301,,1736412747.7385554,,1736412742
move,1054,1067,1776.4947056332062,,1736412747.7396812,,1736412742
move,1055,1067,237.58377704769458,,1736412747.7438903,,1736412742
move,1056,1067,1975.649552520019,,1736412747.7443964,,1736412742
move,1057,1067,993.9109004739337,,1736412747.7454026,,1736412742
move,1057,1068,635.8859915100061,,1736412747.7469752,,1736412742
move,1058,1068,638.4024353120244,,1736412747.7485416,,1736412742
move,1059,1068,468.79445624231585,,1736412747.7506747,,1736412742
move,1060,1068,0,,1736412747.7506747,,1736412742
move,1062,1068,633.4849720586014,,1736412747.7538319,,1736412742
move,1063,1068,639.180737580006,,1736412747.7553964,,1736412742
move,1064,1068,288.62537847508946,,1736412747.758861,,1736412742
move,1065,1068,629.2085208520853,,1736412747.7604504,,1736412742
move,1066,1068,641.2328390154411,,1736412747.7620099,,1736412742
move,1067,1068,387.2499307543163,,1736412747.7645922,,1736412742
move,1068,1068,319.6878048780488,,1736412747.7677202,,1736412742
move,1069,1068,0,,1736412747.7677202,,1736412742
move,1071,1068,1252.9660941000748,,1736412747.7693164,,1736412742
move,1072,1068,310.3213968629772,,1736412747.772539,,1736412742
move,1073,1068,401.5993872079663,,1736412747.775029,,1736412742
move,1074,1068,688.154881050041,,1736412747.776482,,1736412742
move,1075,1068,899.4861677031954,,1736412747.7791529,,1736412742
move,1076,1068,315.17162608957017,,1736412747.7807667,,1736412742
move,1077,1068,319.7121731839317,,1736412747.7838945,,1736412742
move,1079,1068,0,,1736412747.7838945,,1736412742
move,1080,1068,315.5747498307125,,1736412747.7870634,,1736412742
move,1081,1068,582.5422222222222,,1736412747.78878,,1736412742
move,1082,1068,0,,1736412747.78878,,1736412742
move,1083,1068,317.077713940127,,1736412747.7919338,,1736412742
move,1084,1068,628.9254760833708,,1736412747.7935238,,1736412742
move,1084,1068,0.0,,1736412747.7956808,,1736412742
move,1085,1068,899.8721304441107,,1736412747.796792,,1736412742
move,1087,1068,0,,1736412747.796792,,1736412742
move,1088,1068,321.30412134211736,,1736412747.7999043,,1736412742
move,1089,1068,370.48882607543504,,1736412747.8026035,,1736412742
move,1090,1068,591.8306758854241,,1736412747.8042932,,1736412742
move,1091,1068,700.9197860962566,,1736412747.8057199,,1736412742
move,1092,1068,313.92141306788415,,1736412747.8089054,,1736412742
move,1093,1068,630.7224060150376,,1736412747.8120244,,1736412742
move,1094,1068,323.6845192159284,,1736412747.8135803,,1736412742
move,1096,1066,1325.2103667372035,,1736412747.816224,,1736412742
move,1097,1066,539.7380002573672,,1736412747.8175673,,1736412742
move,1098,1066,364.69037475002176,,1736412747.8203094,,1736412742
move,1099,1066,659.8967904342354,,1736412747.8218248,,1736412742
move,1100,1066,638.4024353120244,,1736412747.8233912,,1736412742
move,1101,1066,321.7477753912243,,1736412747.8264992,,1736412742
move,1102,1066,314.8404143521994,,1736412747.8296754,,1736412742
move,1104,1066,1685.813504823151,,1736412747.8308618,,1736412742
move,1105,1066,379.19754090950187,,1736412747.833499,,1736412742
move,1106,1066,632.0530440024111,,1736412747.835081,,1736412742
move,1107,1066,312.86767119200357,,1736412747.8382773,,1736412742
move,1108,1066,629.3973589435774,,1736412747.8398662,,1736412742
move,1109,1066,318.49829144202295,,1736412747.843006,,1736412742
move,1110,1066,268.3495841330774,,1736412747.8467324,,1736412742
move,1112,1066,916.3871531570898,,1736412747.8489149,,1736412742
move,1112,1067,640.0585991149092,,1736412747.8504772,,1736412742
move,1113,1067,0,,1736412747.8521187,,1736412742
move,1114,1067,609.1944807552651,,1736412747.8521187,,1736412742
move,1115,1067,332.19578647235863,,1736412747.855129,,1736412742
move,1116,1067,640.0585991149092,,1736412747.8566914,,1736412742
move,1117,1067,475.16755409538916,,1736412747.858796,,1736412742
move,1118,1068,1407.9377169512752,,1736412747.8598003,,1736412742
move,1120,1068,751.196203098415,,1736412747.8624628,,1736412742
move,1121,1068,0,,1736412747.86407,,1736412742
move,1122,1068,622.2079810117193,,1736412747.86407,,1736412742
move,1123,1069,445.7534832430843,,1736412747.8672426,,1736412742
move,1124,1069,0,,1736412747.8672426,,1736412742
move,1125,1070,1061.116565566319,,1736412747.8685753,,1736412742
move,1126,1071,1271.2476642768372,,1736412747.8712645,,1736412742
move,1127,1071,634.2513231513685,,1736412747.8712645,,1736412742
move,1127,1072,367.56673385329947,,1736412747.873985,,1736412742
move,1130,1072,0,,1736412747.873985,,1736412742
move,1130,1073,609.106012198664,,1736412747.8756268,,1736412742
move,1131,1073,0,,1736412747.8771799,,1736412742
move,1132,1075,1080.3765536573296,,1736412747.8776965,,1736412742
move,1133,1076,1400.2931070622574,,1736412747.8787065,,1736412742
move,1133,1077,0,,1736412747.8787065,,1736412742
move,1134,1077,638.8886519421172,,1736412747.8802717,,1736412742
move,1136,1078,1914.0303800610773,,1736412747.88144,,1736412742
move,1136,1080,0,,1736412747.8830364,,1736412742
move,1137,1079,885.8485067974495,,1736412747.8830364,,1736412742
move,1137,1081,1255.0281268701376,,1736412747.88463,,1736412742
move,1138,1080,0,,1736412747.88463,,1736412742
move,1138,1080,0.0,,1736412747.8862038,,1736412742
move,1140,1079,1319.2782194822448,,1736412747.8878987,,1736412742
move,1140,1080,0,,1736412747.8889685,,1736412742
move,1140,1080,0.0,,1736412747.8889685,,1736412742
move,1141,1080,642.5098039215686,,1736412747.8905249,,1736412742
move,1141,1080,0,,1736412747.8920906,,1736412742
move,1143,1080,1277.3881528856402,,1736412747.8920906,,1736412742
move,1144,1079,892.5130306222875,,1736412747.893675,,1736412742
move,1144,1081,0,,1736412747.893675,,1736412742
move,1144,1080,626.8575698699746,,1736412747.8952703,,1736412742
move,1145,1080,642.1163502755664,,1736412747.8968277,,1736412742
move,1145,1080,0,,1736412747.8968277,,1736412742
move,1145,1080,0.0,,1736412747.8984098,,1736412742
move,1146,1079,0,,1736412747.899984,,1736412742
move,1148,1080,1420.5920724476339,,1736412747.899984,,1736412742
move,1150,1081,1362.5960863430594,,1736412747.901625,,1736412742
move,1150,1080,633.4849720586014,,1736412747.9032035,,1736412742
move,1150,1080,0,,1736412747.9032035,,1736412742
move,1152,1079,1427.5112423590988,,1736412747.90477,,1736412742
move,1152,1081,0,,1736412747.90477,,1736412742
move,1152,1079,12.3304400742595,,1736412748.06697,,1736412742
move,1152,1079,0.0,,1736412748.0702877,,1736412742
move,1148,1078,1255.2484879110586,,1736412748.0735724,,1736412742
move,1147,1078,355.5398830211071,,1736412748.076385,,1736412742
move,1146,1078,975.419534883721,,1736412748.0774102,,1736412742
move,1146,1077,576.6951739309776,,1736412748.0791442,,1736412742
move,1145,1077,332.8284399301698,,1736412748.0821488,,1736412742
move,1145,1076,630.3432521791403,,1736412748.0837352,,1736412742
move,1144,1076,0,,1736412748.0853162,,1736412742
move,1144,1075,311.1732324356406,,1736412748.0869489,,1736412742
move,1141,1073,867.5794926787742,,1736412748.0911047,,1736412742
move,1140,1073,637.4322188449848,,1736412748.0926735,,1736412742
move,1139,1073,312.40160881871,,1736412748.0958745,,1736412742
move,1139,1072,639.2781588172535,,1736412748.0974388,,1736412742
move,1138,1072,936.646717284502,,1736412748.10023,,1736412742
move,1137,1071,499.96979109201976,,1736412748.1031137,,1736412742
move,1136,1071,297.70061750301653,,1736412748.1046941,,1736412742
move,1136,1070,352.3144897102058,,1736412748.1075325,,1736412742
move,1135,1070,0,,1736412748.1075325,,1736412742
move,1133,1069,1424.2595083218341,,1736412748.1091025,,1736412742
move,1132,1069,209.34883953082107,,1736412748.1138792,,1736412742
move,1132,1068,0,,1736412748.1138792,,1736412742
move,1131,1068,628.5484789450022,,1736412748.1154702,,1736412742
move,1130,1068,394.4610175867582,,1736412748.1180053,,1736412742
move,1128,1067,0,,1736412748.1180053,,1736412742
move,1128,1067,0.0,,1736412748.1195862,,1736412742
move,1128,1065,1404.186139939739,,1736412748.1210105,,1736412742
move,1128,1065,0.0,,1736412748.1220183,,1736412742
move,1126,1065,3960.6270066100096,,1736412748.1240842,,1736412742
move,1126,1064,640.6451809989308,,1736412748.1240842,,1736412742
move,1125,1064,743.8028019152332,,1736412748.1254287,,1736412742
move,1125,1063,854.237067209776,,1736412748.127114,,1736412742
move,1124,1063,1942.706808707735,,1736412748.1281204,,1736412742
move,1123,1062,518.3642053234049,,1736412748.1298423,,1736412742
move,1122,1062,0,,1736412748.1298423,,1736412742
move,1122,1061,635.5969086225185,,1736412748.1314156,,1736412742
move,1121,1061,598.2461845671088,,1736412748.1330872,,1736412742
move,1120,1061,926.5085045283853,,1736412748.1341665,,1736412742
move,1120,1060,771.4371896266323,,1736412748.1354628,,1736412742
move,1118,1059,1533.7283503351232,,1736412748.1369207,,1736412742
move,1117,1059,0,,1736412748.1369207,,1736412742
move,1116,1057,1420.1618507418652,,1736412748.1384952,,1736412742
move,1115,1057,637.0449574726609,,1736412748.1410742,,1736412742
move,1115,1056,659.7929841120025,,1736412748.1421025,,1736412742
move,1114,1055,923.7878214477064,,1736412748.1431115,,1736412742
move,1113,1055,1972.8617121354657,,1736412748.1436183,,1736412742
move,1113,1054,990.624468587624,,1736412748.1446278,,1736412742
move,1112,1053,897.6455208104907,,1736412748.1462033,,1736412742
move,1110,1052,1421.8843029562279,,1736412748.147776,,1736412742
move,1110,1051,308.9271562200781,,1736412748.151013,,1736412742
move,1109,1051,569.8782608695652,,1736412748.1527677,,1736412742
move,1109,1049,1250.5378652355396,,1736412748.154367,,1736412742
move,1108,1048,867.3258665763594,,1736412748.1559975,,1736412742
move,1107,1048,0,,1736412748.1559975,,1736412742
move,1107,1047,633.6763861610515,,1736412748.1580942,,1736412742
move,1106,1047,384.6926533981473,,1736412748.160175,,1736412742
move,1106,1046,949.5820692777903,,1736412748.1612282,,1736412742
move,1105,1045,857.2975287636541,,1736412748.1628778,,1736412742
move,1105,1044,637.6260261477653,,1736412748.164446,,1736412742
move,1104,1044,0,,1736412748.1661115,,1736412742
move,1103,1043,436.3105260401414,,1736412748.1676874,,1736412742
move,1101,1041,1780.7389977531438,,1736412748.1692758,,1736412742
move,1100,1041,363.23755087901617,,1736412748.1720288,,1736412742
move,1100,1040,0,,1736412748.1720288,,1736412742
move,1099,1040,648.9716849760173,,1736412748.1735697,,1736412742
move,1099,1039,0,,1736412748.1750896,,1736412742
move,1098,1038,930.4535845514858,,1736412748.1750896,,1736412742
move,1097,1038,636.3683811257775,,1736412748.176661,,1736412742
move,1097,1037,813.1647925552539,,1736412748.1778908,,1736412742
move,1096,1037,0,,1736412748.1778908,,1736412742
move,1096,1036,627.3263535746336,,1736412748.1794848,,1736412742
move,1095,1035,843.8812920067894,,1736412748.1811607,,1736412742
move,1093,1035,1692.6166263115415,,1736412748.1823423,,1736412742
move,1092,1034,0,,1736412748.1823423,,1736412742
move,1092,1032,1276.0279890477639,,1736412748.1839097,,1736412742
move,1091,1032,0,,1736412748.1839097,,1736412742
move,1091,1031,648.9716849760173,,1736412748.1854506,,1736412742
move,1090,1030,900.3706134662602,,1736412748.1870213,,1736412742
move,1089,1030,0,,1736412748.1881604,,1736412742
move,1089,1029,877.836751778987,,1736412748.1881604,,1736412742
move,1086,1029,1951.4441687344913,,1736412748.1896977,,1736412742
move,1086,1026,0,,1736412748.1896977,,1736412742
move,1085,1026,636.5615419638792,,1736412748.1912687,,1736412742
move,1085,1025,641.7233782129742,,1736412748.192827,,1736412742
move,1084,1025,0,,1736412748.192827,,1736412742
move,1083,1024,888.1032492163082,,1736412748.1944194,,1736412742
move,1083,1023,658.1365134159737,,1736412748.1959388,,1736412742
move,1082,1023,0,,1736412748.1959388,,1736412742
move,1081,1022,964.3377664632942,,1736412748.1974053,,1736412742
move,1080,1021,904.0758423282613,,1736412748.1989696,,1736412742
move,1077,1019,2282.6834923598053,,1736412748.2005491,,1736412742
move,1077,1018,0,,1736412748.2021282,,1736412742
move,1076,1018,633.29367356183,,1736412748.2021282,,1736412742
move,1076,1017,903.1662360034453,,1736412748.2032354,,1736412742
move,1075,1017,639.5706007929247,,1736412748.204799,,1736412742
move,1074,1017,0,,1736412748.204799,,1736412742
move,1073,1016,922.4948058344825,,1736412748.206332,,1736412742
move,1070,1013,2708.512146810832,,1736412748.2078984,,1736412742
move,1069,1013,652.5052893590541,,1736412748.2109947,,1736412742
move,1069,1012,639.4730904101235,,1736412748.2120016,,1736412742
move,1068,1012,658.7567143081515,,1736412748.2125127,,1736412742
move,1067,1011,1405.2692730432889,,1736412748.213519,,1736412742
move,1067,1010,0,,1736412748.2151113,,1736412742
move,1065,1010,1256.155735250075,,1736412748.2151113,,1736412742
move,1064,1009,803.6365806145133,,1736412748.216871,,1736412742
move,1063,1009,986.8950588235294,,1736412748.2178843,,1736412742
move,1062,1009,506.0694980694981,,1736412748.2198603,,1736412742
move,1062,1008,0,,1736412748.2210512,,1736412742
move,1061,1008,839.7005005005005,,1736412748.2220728,,1736412742
move,1060,1007,916.6499152396418,,1736412748.222594,,1736412742
move,1059,1007,992.734674556213,,1736412748.2236013,,1736412742
move,1057,1004,1089.7728714335744,,1736412748.2269099,,1736412742
move,1056,1004,640.0585991149092,,1736412748.2284722,,1736412742
move,1055,1003,0,,1736412748.2300372,,1736412742
move,1054,1003,318.44992787183963,,1736412748.2316124,,1736412742
move,1054,1001,0,,1736412748.2331815,,1736412742
move,1053,1001,309.88577761359437,,1736412748.2348394,,1736412742
move,1052,999,1439.120586512088,,1736412748.2363932,,1736412742
move,1052,998,639.7657107992678,,1736412748.2379563,,1736412742
move,1051,998,991.0926275992439,,1736412748.2389653,,1736412742
move,1051,997,1974.719397363465,,1736412748.2410276,,1736412742
move,1049,997,1285.4134232301562,,1736412748.2410276,,1736412742
move,1049,996,636.3683811257775,,1736412748.242599,,1736412742
move,1049,995,689.7391876336129,,1736412748.2440488,,1736412742
move,1048,994,865.0490887437251,,1736412748.2456837,,1736412742
move,1048,993,641.2328390154411,,1736412748.2472432,,1736412742
move,1047,993,479.4586191129401,,1736412748.2493289,,1736412742
move,1047,991,1981.248937175248,,1736412748.2503383,,1736412742
move,1047,990,601.851628641125,,1736412748.2519999,,1736412742
move,1046,989,548.6672464633912,,1736412748.2545774,,1736412742
move,1046,988,333.86165724747275,,1736412748.2575727,,1736412742
move,1046,987,0,,1736412748.2591195,,1736412742
move,1045,987,646.4710234278668,,1736412748.2591195,,1736412742
move,1045,986,639.7657107992678,,1736412748.2606826,,1736412742
move,1045,985,598.2461845671088,,1736412748.2623541,,1736412742
move,1045,984,325.0390576565406,,1736412748.2654307,,1736412742
move,1044,984,993.9109004739337,,1736412748.2680311,,1736412742
move,1044,982,1254.4650815014206,,1736412748.2680311,,1736412742
move,1044,981,213.4614484197669,,1736412748.2727158,,1736412742
move,1044,980,635.1156874621441,,1736412748.2742903,,1736412742
move,1043,979,549.4804633178067,,1736412748.2780526,,1736412742
move,1043,978,111.21049980114013,,1736412748.285856,,1736412742
move,1043,977,61.348037853413096,,1736412748.3021564,,1736412742
move,1043,977,0.0,,1736412748.363889,,1736412742
move,1043,977,0.0,,1736412748.3669999,,1736412742
move,1044,977,626.6702525026146,,1736412748.3685956,,1736412742
move,1045,977,908.8416034669556,,1736412748.369696,,1736412742
move,1046,977,296.6898210369951,,1736412748.3730664,,1736412742
move,1046,978,0,,1736412748.3730664,,1736412742
move,1047,978,320.56741057780494,,1736412748.376186,,1736412742
move,1048,979,902.2880440395076,,1736412748.3777533,,1736412742
move,1048,980,916.7877595628415,,1736412748.3800704,,1736412742
move,1051,980,2446.133748055988,,1736412748.381301,,1736412742
move,1052,980,362.39018489718336,,1736412748.38283,,1736412742
move,1053,981,0,,1736412748.38283,,1736412742
move,1054,981,574.798410305605,,1736412748.3845696,,1736412742
move,1054,983,0,,1736412748.3861384,,1736412742
move,1055,983,637.4322188449848,,1736412748.3861384,,1736412742
move,1057,983,1277.1936662606577,,1736412748.3877044,,1736412742
move,1057,984,0,,1736412748.3877044,,1736412742
move,1058,985,875.0024489623429,,1736412748.3893206,,1736412742
move,1059,985,973.6081708449397,,1736412748.3903477,,1736412742
move,1060,986,891.1721156123381,,1736412748.3919346,,1736412742
move,1061,986,0,,1736412748.3919346,,1736412742
move,1064,987,1119.0039516708744,,1736412748.3947606,,1736412742
move,1066,989,1805.1252591344255,,1736412748.3963275,,1736412742
move,1066,990,655.8724003127443,,1736412748.3978522,,1736412742
move,1067,990,0,,1736412748.3978522,,1736412742
move,1070,991,2025.897943967447,,1736412748.399413,,1736412742
move,1070,992,779.4655268537447,,1736412748.400696,,1736412742
move,1072,992,0,,1736412748.4023154,,1736412742
move,1074,993,1380.8523059922377,,1736412748.4023154,,1736412742
move,1075,993,636.8515031885819,,1736412748.4038856,,1736412742
move,1076,994,0,,1736412748.4038856,,1736412742
move,1077,996,1290.239216164435,,1736412748.4056187,,1736412742
move,1079,997,1424.4758296323328,,1736412748.4071884,,1736412742
move,1082,998,2011.7630576603783,,1736412748.4087603,,1736412742
move,1085,1001,0,,1736412748.4100535,,1736412742
move,1086,1002,596.3246809606637,,1736412748.4111319,,1736412742
move,1089,1005,8215.57008520183,,1736412748.4116483,,1736412742
move,1090,1005,993.6754323619996,,1736412748.4126546,,1736412742
move,1091,1006,0,,1736412748.4126546,,1736412742
move,1094,1008,2331.603166340381,,1736412748.414201,,1736412742
move,1096,1008,1282.6617737003057,,1736412748.4157603,,1736412742
move,1099,1011,0,,1736412748.4173322,,1736412742
move,1100,1012,899.687790310287,,1736412748.4173322,,1736412742
move,1103,1014,2280.274146092236,,1736412748.4189134,,1736412742
move,1104,1015,903.8003354435049,,1736412748.420478,,1736412742
move,1106,1017,2277.021728029068,,1736412748.4217203,,1736412742
move,1109,1019,6937.05419123106,,1736412748.42224,,1736412742
move,1110,1020,1406.2687533228361,,1736412748.4232457,,1736412742
move,1113,1021,2979.904255033672,,1736412748.4243069,,1736412742
move,1116,1024,0,,1736412748.4243069,,1736412742
move,1118,1025,1417.800281526724,,1736412748.425884,,1736412742
move,1121,1028,0,,1736412748.425884,,1736412742
move,1124,1029,2007.1964042304592,,1736412748.4274595,,1736412742
move,1127,1032,2684.0007246677474,,1736412748.4290402,,1736412742
move,1131,1034,0,,1736412748.4290402,,1736412742
move,1132,1037,2041.803238786157,,1736412748.430589,,1736412742
move,1135,1038,0,,1736412748.4321597,,1736412742
move,1140,1041,3712.323141523562,,1736412748.4321597,,1736412742
move,1142,1044,2268.643584891046,,1736412748.433749,,1736412742
move,1145,1045,2045.5820233119796,,1736412748.4352949,,1736412742
move,1148,1046,0,,1736412748.4352949,,1736412742
move,1151,1049,2707.275947747933,,1736412748.436862,,1736412742
move,1155,1051,0,,1736412748.436862,,1736412742
move,1158,1054,2605.787788043222,,1736412748.4384902,,1736412742
move,1161,1056,2289.5954787106302,,1736412748.440065,,1736412742
move,1164,1058,0,,1736412748.440065,,1736412742
move,1166,1061,2289.5954787106302,,1736412748.4416397,,1736412742
move,1169,1062,2993.3545112062457,,1736412748.442696,,1736412742
move,1174,1065,0,,1736412748.442696,,1736412742
move,1176,1066,1017.2178809435226,,1736412748.4448943,,1736412742
move,1179,1068,3527.589954953047,,1736412748.4459164,,1736412742
move,1182,1071,0,,1736412748.4459164,,1736412742
move,1185,1072,2013.5955426073895,,1736412748.4474869,,1736412742
move,1189,1075,3139.4491017964074,,1736412748.4490795,,1736412742
move,1190,1076,0,,1736412748.4490795,,1736412742
move,1194,1079,3156.9351196748457,,1736412748.4506633,,1736412742
move,1197,1080,0,,1736412748.4506633,,1736412742
move,1198,1080,525.9974918485076,,1736412748.4530706,,1736412742
move,1202,1082,4105.383612299968,,1736412748.4536538,,1736412742
move,1205,1080,0,,1736412748.4536538,,1736412742
move,1208,1081,2044.9512548804926,,1736412748.4552002,,1736412742
move,1210,1080,1386.3634681891026,,1736412748.456813,,1736412742
move,1213,1080,0,,1736412748.456813,,1736412742
move,1216,1081,2019.1130825323298,,1736412748.4583793,,1736412742
move,1219,1080,2015.431368964424,,1736412748.4599483,,1736412742
move,1221,1080,0,,1736412748.4599483,,1736412742
move,1224,1081,2028.686729757552,,1736412748.461507,,1736412742
move,1227,1082,2040.2328625065181,,1736412748.463057,,1736412742
move,1229,1079,6340.787478777237,,1736412748.46421,,1736412742
move,1232,1082,7260.271238085338,,1736412748.46421,,1736412742
move,1233,1079,2770.744482798177,,1736412748.4653513,,1736412742
move,1236,1080,2033.3518073209987,,1736412748.4669065,,1736412742
move,1239,1080,0,,1736412748.4669065,,1736412742
move,1241,1081,1340.395721351905,,1736412748.4685748,,1736412742
move,1243,1080,0,,1736412748.4685748,,1736412742
move,1245,1080,1184.1626199887069,,1736412748.4702637,,1736412742
move,1248,1079,2009.6293695689205,,1736412748.4718373,,1736412742
move,1249,1080,1382.989415135398,,1736412748.4728599,,1736412742
move,1251,1080,1813.753081081081,,1736412748.4739625,,1736412742
move,1254,1079,5533.397513206039,,1736412748.474534,,1736412742
move,1254,1080,639.9609398840403,,1736412748.4760966,,1736412742
move,1256,1079,0,,1736412748.4760966,,1736412742
move,1259,1081,2310.5848948638213,,1736412748.477657,,1736412742
move,1260,1079,1791.5470606111323,,1736412748.4789052,,1736412742
move,1261,1080,0,,1736412748.4789052,,1736412742
move,1264,1079,2012.6788830280539,,1736412748.4804764,,1736412742
move,1265,1080,909.9005371246698,,1736412748.4820306,,1736412742
move,1267,1079,0,,1736412748.483041,,1736412742
move,1270,1079,1014.4237342792647,,1736412748.484988,,1736412742
move,1271,1080,0,,1736412748.484988,,1736412742
move,1272,1079,1147.5414202971024,,1736412748.4862204,,1736412742
move,1273,1079,890.6995115735825,,1736412748.487343,,1736412742
move,1274,1080,903.9380678932829,,1736412748.4889076,,1736412742
move,1275,1079,0,,1736412748.4889076,,1736412742
move,1277,1079,1286.3990185554362,,1736412748.4904623,,1736412742
move,1278,1079,642.5098039215686,,1736412748.4920187,,1736412742
move,1279,1080,0,,1736412748.4930997,,1736412742
move,1280,1079,1308.2579623987037,,1736412748.4930997,,1736412742
move,1281,1079,640.6451809989308,,1736412748.4946606,,1736412742
move,1282,1079,628.4543002697034,,1736412748.4962518,,1736412742
move,1283,1079,838.3577853288027,,1736412748.4974446,,1736412742
move,1285,1079,1277.971968312005,,1736412748.4990096,,1736412742
move,1286,1079,636.9482156416097,,1736412748.5005796,,1736412742
move,1287,1079,609.4600406858472,,1736412748.5022204,,1736412742
move,1288,1079,650.1788869942644,,1736412748.5051272,,1736412742
move,1289,1081,766.0498948214718,,1736412748.5066774,,1736412742
move,1290,1079,529.9326964797874,,1736412748.510897,,1736412742
move,1291,1079,383.6721551408708,,1736412748.5140202,,1736412742
move,1292,1079,286.692002734108,,1736412748.5169914,,1736412742
move,1294,1079,598.6304146150004,,1736412748.5203323,,1736412742
move,1295,1079,228.47281838980282,,1736412748.5247092,,1736412742
move,1296,1079,225.1129240017175,,1736412748.5291514,,1736412742
move,1297,1079,352.0778980945186,,1736412748.5319917,,1736412742
move,1297,1078,231.28227185001379,,1736412748.5363154,,1736412742
move,1298,1078,626.389486260454,,1736412748.537912,,1736412742
move,1299,1078,639.2781588172535,,1736412748.541068,,1736412742
move,1300,1078,189.6416331328842,,1736412748.5447493,,1736412742
move,1302,1077,722.4981790539464,,1736412748.5478442,,1736412742
move,1303,1077,524.0914657003624,,1736412748.5497522,,1736412742
move,1304,1077,308.1101887901271,,1736412748.5540168,,1736412742
move,1305,1077,655.9749765405068,,1736412748.5545223,,1736412742
move,1306,1076,530.7481747956086,,1736412748.5571868,,1736412742
move,1307,1076,653.8275915822292,,1736412748.5587163,,1736412742
move,1308,1075,458.2895465901045,,1736412748.5618021,,1736412742
move,1310,1075,645.8737295965507,,1736412748.5648987,,1736412742
move,1311,1075,605.5007939945142,,1736412748.5672095,,1736412742
move,1312,1075,344.1903824060397,,1736412748.5694556,,1736412742
move,1313,1075,643.1995092777181,,1736412748.5710104,,1736412742
move,1314,1075,0,,1736412748.5710104,,1736412742
move,1314,1074,636.8515031885819,,1736412748.5725806,,1736412742
move,1315,1074,482.048500172394,,1736412748.574655,,1736412742
move,1316,1074,991.3268730796502,,1736412748.5770183,,1736412742
move,1318,1073,740.2911723339868,,1736412748.5791924,,1736412742
move,1319,1073,481.99310503332566,,1736412748.580759,,1736412742
move,1320,1072,471.5511250111871,,1736412748.583758,,1736412742
move,1321,1072,0,,1736412748.583758,,1736412742
move,1322,1072,238.0422247446084,,1736412748.587959,,1736412742
move,1323,1072,638.4024353120244,,1736412748.5895255,,1736412742
move,1323,1071,658.1365134159737,,1736412748.591045,,1736412742
move,1324,1071,637.0449574726609,,1736412748.5926147,,1736412742
move,1324,1069,630.5801698864917,,1736412748.5957863,,1736412742
move,1325,1069,608.7523947750362,,1736412748.597429,,1736412742
move,1327,1069,822.8966058465764,,1736412748.5998595,,1736412742
move,1327,1068,217.31019118180404,,1736412748.60601,,1736412742
move,1328,1068,163.32959501557633,,1736412748.6111002,,1736412742
move,1328,1067,215.21391554210066,,1736412748.6152303,,1736412742
move,1329,1067,143.76856104750806,,1736412748.622186,,1736412742
move,1329,1066,318.7887816371513,,1736412748.6253228,,1736412742
move,1330,1066,51.13570583860624,,1736412748.6448786,,1736412742
move,1330,1065,620.7346455527601,,1736412748.648072,,1736412742
move,1331,1065,235.26497644155262,,1736412748.6507401,,1736412742
move,1332,1065,216.05645701334157,,1736412748.6553686,,1736412742
move,1332,1064,222.5685327673123,,1736412748.6598616,,1736412742
move,1333,1064,994.6179748636472,,1736412748.660867,,1736412742
move,1335,1064,641.870686357028,,1736412748.6639829,,1736412742
move,1336,1064,299.03778696706115,,1736412748.667327,,1736412742
move,1337,1064,979.062558356676,,1736412748.670073,,1736412742
move,1338,1064,262.2915389906823,,1736412748.6721609,,1736412742
move,1339,1063,871.915566884569,,1736412748.6737828,,1736412742
move,1340,1063,609.9918557300756,,1736412748.6754222,,1736412742
move,1341,1061,704.9570702269451,,1736412748.678594,,1736412742
move,1343,1061,0,,1736412748.680207,,1736412742
move,1344,1061,318.06354743307804,,1736412748.6817381,,1736412742
move,1345,1061,479.4586191129401,,1736412748.6838238,,1736412742
move,1346,1061,626.4830470500374,,1736412748.68542,,1736412742
move,1346,1060,0,,1736412748.6869972,,1736412742
move,1347,1060,634.0595616024187,,1736412748.6869972,,1736412742
move,1348,1060,633.8679159740063,,1736412748.6902218,,1736412742
move,1349,1060,607.166184134337,,1736412748.6902218,,1736412742
move,1351,1060,763.6420573509331,,1736412748.6928408,,1736412742
move,1352,1060,478.0923287358942,,1736412748.6949325,,1736412742
move,1353,1060,621.9311981020167,,1736412748.6965404,,1736412742
move,1353,1059,0,,1736412748.6965404,,1736412742
move,1354,1059,636.1753374791446,,1736412748.6981122,,1736412742
move,1355,1059,259.75747816931937,,1736412748.701962,,1736412742
move,1356,1059,652.8099610894942,,1736412748.7034938,,1736412742
move,1357,1059,624.7101578790587,,1736412748.7050946,,1736412742
move,1358,1058,495.7908393109096,,1736412748.707947,,1736412742
move,1360,1058,631.8626092196445,,1736412748.7121198,,1736412742
move,1361,1058,391.2597014925373,,1736412748.713668,,1736412742
move,1362,1058,315.24269071777525,,1736412748.7168403,,1736412742
move,1363,1058,207.95795527790173,,1736412748.7221954,,1736412742
move,1363,1057,632.148304446119,,1736412748.7232308,,1736412742
move,1364,1057,660.1045011016682,,1736412748.7247458,,1736412742
move,1365,1057,240.84432960091874,,1736412748.7288978,,1736412742
move,1366,1057,172.03166400065624,,1736412748.7347107,,1736412742
move,1368,1057,638.8399969537735,,1736412748.7378414,,1736412742
move,1369,1056,299.9414240248646,,1736412748.7425563,,1736412742
move,1370,1056,659.8967904342354,,1736412748.7450771,,1736412742
move,1371,1056,244.22405962501455,,1736412748.7481663,,1736412742
move,1372,1056,633.4849720586014,,1736412748.749745,,1736412742
move,1373,1056,236.8726492347659,,1736412748.7539666,,1736412742
move,1373,1055,0,,1736412748.7539666,,1736412742
move,1374,1055,527.6517800981255,,1736412748.7558618,,1736412742
move,1376,1055,638.0625237696813,,1736412748.7589962,,1736412742
move,1377,1055,270.0253653511878,,1736412748.7632046,,1736412742
move,1377,1053,1322.9156284497712,,1736412748.7642114,,1736412742
move,1378,1053,572.4449297120241,,1736412748.7659583,,1736412742
move,1379,1053,375.4636111359771,,1736412748.7691274,,1736412742
move,1380,1052,449.40083351130556,,1736412748.7717686,,1736412742
move,1381,1052,370.75081764341905,,1736412748.7744658,,1736412742
move,1382,1052,311.381143281366,,1736412748.7776773,,1736412742
move,1382,1051,0,,1736412748.7791975,,1736412742
move,1384,1051,648.8210998530435,,1736412748.7807598,,1736412742
move,1385,1051,316.5990338164251,,1736412748.7839184,,1736412742
move,1385,1050,210.0197286064794,,1736412748.7886798,,1736412742
move,1386,1050,654.7461754605058,,1736412748.7902071,,1736412742
move,1386,1049,621.7468129261784,,1736412748.7918155,,1736412742
move,1387,1049,324.1848817437007,,1736412748.7949002,,1736412742
move,1388,1049,159.606682141634,,1736412748.8011656,,1736412742
move,1388,1048,759.4249502082201,,1736412748.8024824,,1736412742
move,1389,1048,455.40760043431055,,1736412748.8046782,,1736412742
move,1390,1048,145.51429364418541,,1736412748.8115504,,1736412742
move,1390,1047,233.90051304929736,,1736412748.8158257,,1736412742
move,1391,1047,92.44460117696326,,1736412748.8271475,,1736412742
move,1391,1045,3964.3705103969755,,1736412748.8281536,,1736412742
move,1393,1045,454.6671002710027,,1736412748.8331873,,1736412742
move,1394,1044,151.03612154700997,,1736412748.8409097,,1736412742
move,1395,1044,208.4644135188867,,1736412748.8457067,,1736412742
move,1395,1043,262.25873819796163,,1736412748.8495197,,1736412742
move,1396,1043,335.9743671900032,,1736412748.8524961,,1736412742
move,1397,1043,317.36561743341406,,1736412748.857201,,1736412742
move,1397,1042,235.14626899142232,,1736412748.8598998,,1736412742
move,1398,1042,616.3562086700955,,1736412748.8615222,,1736412742
move,1399,1042,191.3809089249863,,1736412748.8667474,,1736412742
move,1399,1041,635.7896013339397,,1736412748.8683202,,1736412742
move,1401,1041,473.8791097051181,,1736412748.8730574,,1736412742
move,1401,1040,319.2984165651644,,1736412748.8756726,,1736412742
move,1402,1040,758.7380607814761,,1736412748.8769906,,1736412742
move,1403,1040,308.6316409124356,,1736412748.8802307,,1736412742
move,1403,1039,625.6420047732697,,1736412748.881829,,1736412742
move,1404,1039,310.0919710187786,,1736412748.8850539,,1736412742
move,1404,1038,212.27309074345868,,1736412748.8897648,,1736412742
move,1405,1038,0,,1736412748.8897648,,1736412742
move,1406,1038,167.22366637429232,,1736412748.8957448,,1736412742
move,1407,1036,714.9526499694525,,1736412748.8988724,,1736412742
move,1407,1035,84.37206308336016,,1736412748.9107246,,1736412742
move,1409,1035,0,,1736412748.9107246,,1736412742
move,1410,1035,247.84636293801336,,1736412748.9147594,,1736412742
move,1410,1034,201.58139087806987,,1736412748.9197202,,1736412742
move,1411,1034,49.42266632102373,,1736412748.9399538,,1736412742
move,1412,1034,37.06427012362698,,1736412748.966934,,1736412742
move,1413,1034,70.28460352570548,,1736412748.9821668,,1736412742
move,1413,1034,0.0,,1736412748.9957151,,1736412742
move,1414,1034,313.92141306788415,,1736412748.9989007,,1736412742
move,1415,1034,134.16191664267666,,1736412749.0063543,,1736412742
move,1415,1035,138.85665099649077,,1736412749.013556,,1736412742
move,1416,1035,302.1397493156606,,1736412749.0168657,,1736412742
move,1416,1037,407.80787554691295,,1736412749.0224297,,1736412742
move,1418,1037,699.5753481778,,1736412749.0246289,,1736412742
move,1418,1038,157.3611465446087,,1736412749.032185,,1736412742
move,1419,1038,168.2972474119252,,1736412749.0369256,,1736412742
move,1419,1039,206.3922842239937,,1736412749.0417707,,1736412742
move,1420,1039,443.5131648514328,,1736412749.0440254,,1736412742
move,1420,1040,156.7261041775652,,1736412749.050406,,1736412742
move,1421,1040,884.314568838288,,1736412749.0515368,,1736412742
move,1422,1040,109.69228757486205,,1736412749.0622485,,1736412742
move,1423,1040,111.96156104852918,,1736412749.0695848,,1736412742
move,1423,1041,112.44782841823056,,1736412749.0784779,,1736412742
move,1424,1041,82.51468592000944,,1736412749.0921392,,1736412742
move,1426,1041,229.96348484017764,,1736412749.099294,,1736412742
move,1426,1042,95.37060869960663,,1736412749.1097794,,1736412742
move,1427,1042,0,,1736412749.1097794,,1736412742
move,1428,1042,174.102527914989,,1736412749.1171412,,1736412742
move,1429,1042,96.39419010847583,,1736412749.1258972,,1736412742
move,1430,1042,186.34725430957883,,1736412749.1312635,,1736412742
move,1431,1042,312.1690979458172,,1736412749.134467,,1736412742
move,1432,1042,310.3213968629772,,1736412749.1376894,,1736412742
move,1434,1042,1269.0783661119515,,1736412749.1392653,,1736412742
move,1435,1042,309.0637388549112,,1736412749.1425009,,1736412742
move,1436,1042,617.7178203240059,,1736412749.1441197,,1736412742
move,1437,1043,586.2464520177626,,1736412749.1470358,,1736412742
move,1438,1043,647.7689575289576,,1736412749.1480758,,1736412742
move,1439,1043,706.7066554338669,,1736412749.1510692,,1736412742
move,1440,1043,633.580664652568,,1736412749.1510692,,1736412742
move,1442,1043,1238.536542152665,,1736412749.152684,,1736412742
move,1443,1043,314.3920245858631,,1736412749.1558647,,1736412742
move,1444,1043,927.3278797258457,,1736412749.156943,,1736412742
move,1445,1043,867.8468859921373,,1736412749.1580954,,1736412742
move,1446,1043,642.1163502755664,,1736412749.1596527,,1736412742
move,1447,1043,710.6580820060997,,1736412749.1610599,,1736412742
move,1447,1044,638.5968331303288,,1736412749.1626258,,1736412742
move,1450,1044,0,,1736412749.164085,,1736412742
move,1451,1044,321.87123014350396,,1736412749.1657326,,1736412742
move,1452,1044,656.5911083281152,,1736412749.1672556,,1736412742
move,1453,1044,621.4704400651948,,1736412749.1688647,,1736412742
move,1454,1044,882.2684055532184,,1736412749.1699982,,1736412742
move,1455,1044,642.0180621460279,,1736412749.1715558,,1736412742
move,1456,1044,645.1782802645747,,1736412749.1731057,,1736412742
move,1458,1044,1268.310855760508,,1736412749.1746826,,1736412742
move,1459,1046,1809.17223423983,,1736412749.1759186,,1736412742
move,1460,1046,656.5911083281152,,1736412749.1774416,,1736412742
move,1461,1046,634.4432007260626,,1736412749.1790178,,1736412742
move,1462,1046,0,,1736412749.1790178,,1736412742
move,1463,1046,642.7067116150781,,1736412749.1805737,,1736412742
move,1464,1046,624.9894203546417,,1736412749.1821737,,1736412742
move,1467,1046,1891.598316295851,,1736412749.1837597,,1736412742
move,1469,1046,535.3633288659136,,1736412749.1880195,,1736412742
move,1471,1046,3816.4731574158327,,1736412749.1880195,,1736412742
move,1472,1046,628.7369210013492,,1736412749.18961,,1736412742
move,1472,1047,315.4560770156438,,1736412749.19278,,1736412742
move,1474,1047,0,,1736412749.19278,,1736412742
move,1477,1047,1020.4291622739437,,1736412749.19572,,1736412742
move,1478,1047,466.13736385863524,,1736412749.1978652,,1736412742
move,1480,1047,945.1952676056338,,1736412749.1999812,,1736412742
move,1481,1047,371.5061116031887,,1736412749.202673,,1736412742
move,1482,1047,642.2146685040576,,1736412749.20423,,1736412742
move,1484,1047,696.6125228367381,,1736412749.207101,,1736412742
move,1485,1048,1062.827737236288,,1736412749.2084317,,1736412742
move,1486,1048,468.16653644379954,,1736412749.2110724,,1736412742
move,1488,1048,633.29367356183,,1736412749.2137258,,1736412742
move,1489,1048,337.48825233344064,,1736412749.2166889,,1736412742
move,1491,1048,917.690405863691,,1736412749.2188683,,1736412742
move,1492,1048,397.30074831865113,,1736412749.2213852,,1736412742
move,1493,1048,655.7698561601001,,1736412749.2229102,,1736412742
move,1494,1048,260.85602338453884,,1736412749.2267437,,1736412742
move,1495,1048,140.99448702433776,,1736412749.2338362,,1736412742
move,1495,1049,7.805549093791931,,1736412749.3619502,,1736412742
move,1495,1049,0.0,,1736412749.3666532,,1736412742
move,1494,1049,138.12045970955313,,1736412749.3738933,,1736412742
move,1494,1050,662.8166877370418,,1736412749.375402,,1736412742
move,1493,1050,263.03173209582343,,1736412749.3792038,,1736412742
move,1492,1050,123.70023888872504,,1736412749.3872879,,1736412742
move,1492,1051,626.7638971906754,,1736412749.3888834,,1736412742
move,1490,1051,1278.361475160012,,1736412749.3904479,,1736412742
move,1489,1051,170.46551513919934,,1736412749.3963141,,1736412742
move,1489,1052,634.2513231513685,,1736412749.3978908,,1736412742
move,1488,1052,302.9034447894851,,1736412749.4011922,,1736412742
move,1488,1054,267.66458200382897,,1736412749.4086642,,1736412742
move,1487,1054,0,,1736412749.4086642,,1736412742
move,1486,1055,124.63788534629914,,1736412749.4200108,,1736412742
move,1485,1055,134.15762538382805,,1736412749.4291155,,1736412742
move,1485,1056,304.8629161215293,,1736412749.430745,,1736412742
move,1485,1057,77.38282720194827,,1736412749.445199,,1736412742
move,1485,1057,0.0,,1736412749.5823479,,1736412742
move,1486,1057,123.38728561762716,,1736412749.5904524,,1736412742
move,1487,1057,188.4911019234226,,1736412749.5957577,,1736412742
move,1488,1057,267.57920255183416,,1736412749.599495,,1736412742
move,1489,1057,189.01775574583147,,1736412749.6047854,,1736412742
move,1491,1057,759.5624773632742,,1736412749.6074185,,1736412742
move,1491,1057,0.0,,1736412749.609001,,1736412742
move,1492,1057,211.67317688619733,,1736412749.6137252,,1736412742
move,1493,1056,336.623438029381,,1736412749.6179264,,1736412742
move,1494,1056,350.98778242677827,,1736412749.6213202,,1736412742
move,1495,1056,154.7428149787862,,1736412749.6272378,,1736412742
move,1495,1055,188.33875168387965,,1736412749.6325474,,1736412742
move,1496,1055,0,,1736412749.6341574,,1736412742
move,1497,1055,123.64918487072904,,1736412749.6422384,,1736412742
move,1497,1053,142.9429666865468,,1736412749.6546264,,1736412742
move,1499,1053,163.1485306416166,,1736412749.6668851,,1736412742
move,1499,1052,124.27567407407408,,1736412749.6749318,,1736412742
move,1500,1052,87.27405896918371,,1736412749.68639,,1736412742
move,1501,1052,615.0005865102639,,1736412749.688016,,1736412742
move,1501,1051,161.79855726574857,,1736412749.6941965,,1736412742
move,1502,1051,367.6633941093969,,1736412749.6969163,,1736412742
move,1503,1051,641.4289646734975,,1736412749.6984754,,1736412742
move,1504,1051,615.1809914931065,,1736412749.700101,,1736412742
move,1504,1050,380.9540417801998,,1736412749.7032363,,1736412742
move,1505,1050,1959.0397010742643,,1736412749.7032363,,1736412742
move,1507,1050,1276.6105615583624,,1736412749.704803,,1736412742
move,1508,1050,633.8679159740063,,1736412749.7063806,,1736412742
move,1509,1050,641.4289646734975,,1736412749.7079396,,1736412742
move,1510,1050,638.7913493755711,,1736412749.709505,,1736412742
move,1511,1050,938.3230425055929,,1736412749.7105708,,1736412742
move,1512,1050,433.43019530846334,,1736412749.712878,,1736412742
move,1513,1050,1949.0260223048326,,1736412749.713391,,1736412742
move,1516,1050,1921.3486028401283,,1736412749.7149525,,1736412742
move,1517,1050,611.5037177431112,,1736412749.7181616,,1736412742
move,1518,1050,635.4043326768672,,1736412749.7181616,,1736412742
move,1519,1050,632.9114229666516,,1736412749.7197416,,1736412742
move,1520,1050,658.0332601192343,,1736412749.7212613,,1736412742
move,1521,1050,988.0574793875147,,1736412749.723284,,1736412742
move,1523,1050,1315.2411414236437,,1736412749.723794,,1736412742
move,1524,1049,0,,1736412749.723794,,1736412742
move,1525,1049,644.9798554513302,,1736412749.7253444,,1736412742
move,1526,1049,641.4289646734975,,1736412749.7269034,,1736412742
move,1527,1049,761.4931009440813,,1736412749.7282166,,1736412742
move,1528,1049,633.1980676328502,,1736412749.729796,,1736412742
move,1529,1049,836.5185480654168,,1736412749.7309914,,1736412742
move,1531,1049,1234.7082720047101,,1736412749.7326112,,1736412742
move,1532,1049,660.5203149606299,,1736412749.7341251,,1736412742
move,1533,1049,631.5771721126337,,1736412749.7357085,,1736412742
move,1534,1048,661.201828281766,,1736412749.7378473,,1736412742
move,1535,1048,1973.7901176470589,,1736412749.738354,,1736412742
move,1536,1048,631.3870239349692,,1736412749.7399378,,1736412742
move,1537,1048,621.8389918458117,,1736412749.741546,,1736412742
move,1539,1048,0,,1736412749.7431364,,1736412742
move,1540,1048,322.06895492590036,,1736412749.7446508,,1736412742
move,1541,1048,0,,1736412749.7446508,,1736412742
move,1542,1048,310.7122009037706,,1736412749.7478693,,1736412742
move,1543,1048,634.155427880254,,1736412749.751036,,1736412742
move,1544,1048,321.59975463885905,,1736412749.7525556,,1736412742
move,1545,1048,394.09038804848257,,1736412749.755093,,1736412742
move,1545,1047,651.0872399875815,,1736412749.756629,,1736412742
move,1546,1047,378.3765448804691,,1736412749.7592719,,1736412742
move,1546,1045,32.31707580170434,,1736412749.8211586,,1736412742
move,1546,1045,0.0,,1736412749.8352053,,1736412742
move,1545,1045,46.41976183097968,,1736412749.8567479,,1736412742
move,1544,1045,97.13759003219157,,1736412749.8670425,,1736412742
move,1544,1046,154.73710617575443,,1736412749.8751144,,1736412742
move,1543,1046,456.6471420794774,,1736412749.875695,,1736412742
move,1542,1046,97.45130111524163,,1736412749.8859565,,1736412742
move,1541,1046,212.4774062816616,,1736412749.8911743,,1736412742
move,1541,1047,125.34528719144103,,1736412749.8986409,,1736412742
move,1540,1047,0,,1736412749.9002223,,1736412742
move,1538,1047,251.73627824625635,,1736412749.9082153,,1736412742
move,1537,1047,232.24274640088595,,1736412749.9120257,,1736412742
move,1537,1048,233.7180430179427,,1736412749.9151702,,1736412742
move,1536,1048,315.2189989478431,,1736412749.9183426,,1736412742
move,1535,1048,190.82365787079164,,1736412749.9245963,,1736412742
move,1534,1048,196.88795005398302,,1736412749.928662,,1736412742
move,1534,1049,316.4795895268996,,1736412749.9318218,,1736412742
move,1533,1049,215.3575682891764,,1736412749.9364653,,1736412742
move,1532,1049,167.3704708699122,,1736412749.94244,,1736412742
move,1532,1050,637.1417286951238,,1736412749.9440095,,1736412742
move,1530,1050,340.29483590929374,,1736412749.9498868,,1736412742
move,1529,1050,78.05534567786358,,1736412749.964273,,1736412742
move,1529,1050,0.0,,1736412750.3511631,,1736412742
move,1529,1050,0.0,,1736412750.3511631,,1736412742
move,1531,1050,455.7539932630664,,1736412750.3555515,,1736412742
move,1531,1049,760.2508609751677,,1736412750.3568668,,1736412742
move,1531,1048,311.98333829217495,,1736412750.3600721,,1736412742
move,1531,1047,209.97767209011263,,1736412750.3648345,,1736412742
move,1532,1045,1070.3890507075187,,1736412750.3669236,,1736412742
move,1532,1044,421.3686960016074,,1736412750.3692968,,1736412742
move,1532,1043,596.9689723882722,,1736412750.370972,,1736412742
move,1532,1042,269.62612496785806,,1736412750.3746808,,1736412742
move,1533,1042,977.237651444548,,1736412750.375704,,1736412742
move,1533,1041,0,,1736412750.375704,,1736412742
move,1533,1040,636.4649468892261,,1736412750.3772752,,1736412742
move,1533,1039,622.6698337292162,,1736412750.3788812,,1736412742
move,1533,1038,622.5774083419919,,1736412750.3804874,,1736412742
move,1533,1036,618.4920740249207,,1736412750.383721,,1736412742
move,1533,1035,0,,1736412750.383721,,1736412742
move,1534,1034,889.7017551396013,,1736412750.3853106,,1736412742
move,1534,1033,458.1435281267067,,1736412750.3880012,,1736412742
move,1534,1031,3938.313615023474,,1736412750.3880012,,1736412742
move,1534,1029,771.650078189679,,1736412750.3911107,,1736412742
move,1535,1028,2732.2163065480067,,1736412750.3911107,,1736412742
move,1535,1027,693.9616148246195,,1736412750.3941133,,1736412742
move,1535,1026,640.3517557251909,,1736412750.3941133,,1736412742
move,1535,1025,761.9080835603996,,1736412750.3954258,,1736412742
move,1535,1024,0,,1736412750.3970366,,1736412742
move,1535,1023,620.8265245707519,,1736412750.3970366,,1736412742
move,1535,1021,1261.6345315084975,,1736412750.4001846,,1736412742
move,1535,1020,480.55728689275895,,1736412750.4007027,,1736412742
move,1535,1019,1025.5022004889975,,1736412750.4016778,,1736412742
move,1535,1018,884.314568838288,,1736412750.4028087,,1736412742
move,1535,1017,0,,1736412750.4028087,,1736412742
move,1536,1016,906.7015593879123,,1736412750.4043684,,1736412742
move,1536,1015,629.5863104172921,,1736412750.4059567,,1736412742
move,1536,1013,1845.2723273207216,,1736412750.4070406,,1736412742
move,1536,1012,0,,1736412750.4070406,,1736412742
move,1538,1010,1796.650492659616,,1736412750.4086149,,1736412742
move,1538,1009,0,,1736412750.4101822,,1736412742
move,1538,1008,638.0139945238819,,1736412750.4101822,,1736412742
move,1538,1006,1312.360450563204,,1736412750.4117062,,1736412742
move,1538,1004,1705.694997966653,,1736412750.4128788,,1736412742
move,1538,1003,0,,1736412750.4128788,,1736412742
move,1538,1002,638.0139945238819,,1736412750.414446,,1736412742
move,1538,1001,638.4996194245699,,1736412750.4160123,,1736412742
move,1539,999,0,,1736412750.4160123,,1736412742
move,1539,997,1271.7719830200122,,1736412750.417585,,1736412742
move,1539,996,0,,1736412750.417585,,1736412742
move,1539,995,630.9121540312876,,1736412750.41917,,1736412742
move,1539,994,757.6416184971098,,1736412750.4204898,,1736412742
move,1539,991,0,,1736412750.4219878,,1736412742
move,1540,990,944.0779247995738,,1736412750.4219878,,1736412742
move,1540,989,654.848399687744,,1736412750.4235148,,1736412742
move,1540,987,1981.248937175248,,1736412750.4245243,,1736412742
move,1540,985,1278.1666920615571,,1736412750.426089,,1736412742
move,1540,984,634.155427880254,,1736412750.427666,,1736412742
move,1540,983,0,,1736412750.427666,,1736412742
move,1540,981,1180.1643218908273,,1736412750.4293606,,1736412742
move,1540,980,0,,1736412750.4309585,,1736412742
move,1541,978,1399.3955330198864,,1736412750.4309585,,1736412742
move,1541,977,766.9233863594807,,1736412750.4322624,,1736412742
move,1541,976,572.7576130001365,,1736412750.4340084,,1736412742
move,1541,975,0,,1736412750.4340084,,1736412742
move,1541,974,682.7777958652124,,1736412750.435473,,1736412742
move,1541,973,626.2959534119755,,1736412750.4370697,,1736412742
move,1541,972,0,,1736412750.4370697,,1736412742
move,1541,970,1274.6707187357545,,1736412750.4386387,,1736412742
move,1541,969,804.1226993865031,,1736412750.4398823,,1736412742
move,1542,968,0,,1736412750.4412045,,1736412742
move,1542,967,756.2755138838803,,1736412750.4412045,,1736412742
move,1542,965,1311.5397123202001,,1736412750.4427295,,1736412742
move,1542,963,675.5744543770637,,1736412750.44569,,1736412742
move,1542,962,631.7674348546468,,1736412750.4472728,,1736412742
move,1542,961,642.6082426842347,,1736412750.448829,,1736412742
move,1542,960,0,,1736412750.4503064,,1736412742
move,1542,959,327.11776633910466,,1736412750.451886,,1736412742
move,1542,958,651.2894409937888,,1736412750.4534214,,1736412742
move,1542,957,644.5833717534962,,1736412750.4549727,,1736412742
move,1543,957,0,,1736412750.4560297,,1736412742
move,1543,956,377.1177845711203,,1736412750.4576244,,1736412742
move,1543,954,642.7067116150781,,1736412750.4607363,,1736412742
move,1543,953,0,,1736412750.4607363,,1736412742
move,1543,952,214.6412159050202,,1736412750.4653952,,1736412742
move,1544,951,352.86386683615245,,1736412750.469403,,1736412742
move,1544,950,143.79320511501936,,1736412750.4763575,,1736412742
move,1544,949,86.7775065171515,,1736412750.4878812,,1736412742
move,1544,948,76.74987648447365,,1736412750.5009105,,1736412742
move,1545,948,204.44063170208616,,1736412750.505802,,1736412742
move,1545,946,57.593101412260644,,1736412750.5405283,,1736412742
click_press,1545,946,,Button.left,1736412750.5811996,,1736412742
move,1547,946,35.40049712402358,,1736412750.5970247,,1736412742
move,1548,946,63.09785928121192,,1736412750.6144383,,1736412742
move,1549,945,153.4865600971827,,1736412750.622087,,1736412742
move,1550,945,227.08738494856524,,1736412750.6264906,,1736412742
move,1550,944,317.02978080120937,,1736412750.6296449,,1736412742
move,1551,944,255.85945220520955,,1736412750.6352537,,1736412742
move,1551,943,310.1607631442727,,1736412750.6367774,,1736412742
click_release,1551,943,,Button.left,1736412750.6399875,,1736412742
move,1552,943,311.51990493166966,,1736412750.6399875,,1736412742
move,1552,942,190.028271112722,,1736412750.6452498,,1736412742
move,1553,942,149.25286456479967,,1736412750.65195,,1736412742
move,1555,942,248.3894350349402,,1736412750.6600018,,1736412742
move,1556,942,210.3145966003109,,1736412750.6647565,,1736412742
move,1557,942,37.15390202852334,,1736412750.6916716,,1736412742
move,1557,942,0.0,,1736412750.721051,,1736412742
move,1557,942,0.0,,1736412750.7225976,,1736412742
move,1556,942,660.9366530097699,,1736412750.7241106,,1736412742
move,1554,942,1295.33786287832,,1736412750.7256546,,1736412742
move,1554,943,787.6627230046948,,1736412750.7269242,,1736412742
move,1553,943,609.6372093023256,,1736412750.7285645,,1736412742
move,1552,943,643.9895593428528,,1736412750.7301173,,1736412742
move,1551,943,847.6766370250606,,1736412750.731297,,1736412742
move,1549,943,755.3901846015308,,1736412750.7339447,,1736412742
move,1547,944,0,,1736412750.7339447,,1736412742
move,1546,944,640.7430491903452,,1736412750.7355053,,1736412742
move,1545,944,0,,1736412750.737069,,1736412742
move,1544,945,904.4894177364627,,1736412750.737069,,1736412742
move,1543,945,624.5241215008934,,1736412750.73867,,1736412742
move,1539,945,0,,1736412750.73867,,1736412742
move,1538,947,1442.884440353735,,1736412750.7402198,,1736412742
move,1537,947,832.3683270490177,,1736412750.7414212,,1736412742
move,1534,947,0,,1736412750.74299,,1736412742
move,1533,947,637.4322188449848,,1736412750.74299,,1736412742
move,1531,948,1529.9753445838953,,1736412750.7444515,,1736412742
move,1528,948,0,,1736412750.7460115,,1736412742
move,1524,948,2564.147333027663,,1736412750.7460115,,1736412742
move,1521,948,1915.7904993909865,,1736412750.7475774,,1736412742
move,1520,948,0,,1736412750.7491732,,1736412742
move,1516,948,2506.6810100104585,,1736412750.7491732,,1736412742
move,1514,948,1266.3961352657004,,1736412750.7507524,,1736412742
move,1511,948,2971.873405762872,,1736412750.751762,,1736412742
move,1511,949,1968.2327545753167,,1736412750.75227,,1736412742
move,1507,949,2543.1584053357587,,1736412750.7538428,,1736412742
move,1503,949,0,,1736412750.7538428,,1736412742
move,1502,949,636.5615419638792,,1736412750.7554138,,1736412742
move,1499,950,0,,1736412750.7569938,,1736412742
move,1497,950,1265.8228459333031,,1736412750.7569938,,1736412742
move,1494,952,2384.1680808582237,,1736412750.758506,,1736412742
move,1493,952,0,,1736412750.7601569,,1736412742
move,1492,952,605.7631426920855,,1736412750.7601569,,1736412742
move,1492,951,6.7676480174519735,,1736412750.9079187,,1736412742
move,1491,950,909.2031884604112,,1736412750.9094741,,1736412742
move,1491,949,674.6507962039569,,1736412750.9109564,,1736412742
move,1491,947,1765.2794612794612,,1736412750.9120893,,1736412742
move,1491,946,1910.8446469248292,,1736412750.9126127,,1736412742
move,1491,944,1973.3258056927782,,1736412750.9136262,,1736412742
move,1487,942,0,,1736412750.9150796,,1736412742
move,1487,941,462.89636905418826,,1736412750.9163063,,1736412742
move,1487,938,2667.0012717253076,,1736412750.9169114,,1736412742
move,1485,936,2653.978345197191,,1736412750.917977,,1736412742
move,1485,933,5550.468460520512,,1736412750.9192412,,1736412742
move,1483,932,3090.197318714754,,1736412750.9192412,,1736412742
move,1483,929,1886.4935532233883,,1736412750.9208314,,1736412742
move,1480,925,0,,1736412750.9208314,,1736412742
move,1480,922,1916.0822293284605,,1736412750.9223971,,1736412742
move,1479,921,924.9402154242512,,1736412750.923926,,1736412742
move,1477,918,0,,1736412750.923926,,1736412742
move,1476,916,1412.4621780571201,,1736412750.9255092,,1736412742
move,1475,913,0,,1736412750.9270597,,1736412742
move,1473,910,2325.5079404711228,,1736412750.928131,,1736412742
move,1472,907,2951.391597497747,,1736412750.928131,,1736412742
move,1471,905,1382.6844850802415,,1736412750.9297483,,1736412742
move,1469,902,3419.895553343218,,1736412750.9308026,,1736412742
move,1468,899,0,,1736412750.9308026,,1736412742
move,1466,896,1660.3840729999683,,1736412750.932974,,1736412742
move,1466,894,1967.3095684803002,,1736412750.9339907,,1736412742
move,1465,891,2944.8387742350965,,1736412750.9350646,,1736412742
move,1464,888,0,,1736412750.9350646,,1736412742
move,1462,886,1817.2921573271208,,1736412750.936621,,1736412742
move,1462,883,0,,1736412750.936621,,1736412742
move,1461,879,2630.1989989278563,,1736412750.9381886,,1736412742
move,1461,876,1878.6073454762616,,1736412750.9397855,,1736412742
move,1459,873,0,,1736412750.9397855,,1736412742
move,1458,871,1411.3993773211855,,1736412750.9413698,,1736412742
move,1458,866,3195.9036879000305,,1736412750.9429343,,1736412742
move,1457,862,0,,1736412750.9429343,,1736412742
move,1457,858,2572.403557191046,,1736412750.9444892,,1736412742
move,1455,855,0,,1736412750.9460602,,1736412742
move,1454,852,2012.9843434747115,,1736412750.9460602,,1736412742
move,1454,850,1273.5096402003946,,1736412750.9476306,,1736412742
move,1452,845,4910.221367657277,,1736412750.9487274,,1736412742
move,1451,839,11145.89568015725,,1736412750.949273,,1736412742
move,1450,837,2203.135744021442,,1736412750.950288,,1736412742
move,1450,832,3344.7400318979267,,1736412750.951783,,1736412742
move,1450,828,0,,1736412750.9530056,,1736412742
move,1448,824,3657.858370631544,,1736412750.9530056,,1736412742
move,1447,819,4197.612942480917,,1736412750.9542203,,1736412742
move,1445,815,2855.8918581910107,,1736412750.9557862,,1736412742
move,1444,809,0,,1736412750.9557862,,1736412742
move,1442,806,2304.950180899819,,1736412750.9573505,,1736412742
move,1441,802,2613.8993981182975,,1736412750.9589279,,1736412742
move,1439,795,0,,1736412750.9589279,,1736412742
move,1436,789,4288.408258938856,,1736412750.9604921,,1736412742
move,1435,784,0,,1736412750.9620512,,1736412742
move,1433,780,2868.557535494503,,1736412750.9620512,,1736412742
move,1432,774,3875.5818337961327,,1736412750.964229,,1736412742
move,1426,767,15152.653681583615,,1736412750.9652412,,1736412742
move,1423,760,7524.821578567118,,1736412750.9652412,,1736412742
move,1422,756,3270.3400941661603,,1736412750.966502,,1736412742
move,1418,750,0,,1736412750.9680789,,1736412742
move,1415,743,3040.729900144447,,1736412750.9690065,,1736412742
move,1410,736,14971.272728986703,,1736412750.9701385,,1736412742
move,1407,732,4695.817286162113,,1736412750.970646,,1736412742
move,1402,723,0,,1736412750.972086,,1736412742
move,1397,718,4910.2993390030815,,1736412750.972086,,1736412742
move,1391,709,6956.199694978709,,1736412750.973641,,1736412742
move,1387,704,0,,1736412750.973641,,1736412742
move,1382,697,5469.268952077908,,1736412750.9752138,,1736412742
move,1376,690,5850.162208078878,,1736412750.9767897,,1736412742
move,1369,681,0,,1736412750.9767897,,1736412742
move,1361,674,6842.551120769827,,1736412750.9783432,,1736412742
move,1357,669,4099.625950474972,,1736412750.9799051,,1736412742
move,1347,659,13852.502572432793,,1736412750.980926,,1736412742
move,1340,652,8281.111130955336,,1736412750.9821215,,1736412742
move,1335,645,0,,1736412750.9821215,,1736412742
move,1325,637,8174.296028477111,,1736412750.983688,,1736412742
move,1318,632,6807.6919390298035,,1736412750.9849517,,1736412742
move,1310,622,0,,1736412750.9849517,,1736412742
move,1301,615,7297.790853342003,,1736412750.986514,,1736412742
move,1291,607,0,,1736412750.986514,,1736412742
move,1281,599,8137.145766266186,,1736412750.988088,,1736412742
move,1272,590,8219.364805795458,,1736412750.9896364,,1736412742
move,1264,582,0,,1736412750.9896364,,1736412742
move,1255,577,6503.4642594672205,,1736412750.9912195,,1736412742
move,1245,569,8147.019445339465,,1736412750.9927914,,1736412742
move,1238,562,8623.362660562836,,1736412750.9939394,,1736412742
move,1226,552,0,,1736412750.9939394,,1736412742
move,1216,544,8188.00292730535,,1736412750.9960995,,1736412742
move,1209,539,14432.306910743182,,1736412750.9971075,,1736412742
move,1197,531,14307.26408409055,,1736412750.9971075,,1736412742
move,1190,523,5919.5516599755965,,1736412750.9989033,,1736412742
move,1181,516,0,,1736412750.9989033,,1736412742
move,1171,508,0,,1736412750.9989033,,1736412742
move,1164,501,3845.650755821993,,1736412751.0014775,,1736412742
move,1152,493,9055.55577058905,,1736412751.00307,,1736412742
move,1144,486,0,,1736412751.00307,,1736412742
move,1132,478,9183.408615080438,,1736412751.0046406,,1736412742
move,1123,470,0,,1736412751.0062237,,1736412742
move,1116,463,6253.236628103924,,1736412751.0062237,,1736412742
move,1104,455,9247.991522326074,,1736412751.0077832,,1736412742
move,1094,445,11400.425911043096,,1736412751.0090237,,1736412742
move,1084,437,0,,1736412751.0090237,,1736412742
move,1075,431,6911.690190531862,,1736412751.0105886,,1736412742
move,1065,422,13362.204393828428,,1736412751.0121012,,1736412742
move,1056,416,21390.068086115578,,1736412751.013109,,1736412742
move,1046,410,11571.698536246617,,1736412751.013109,,1736412742
move,1037,403,7034.778385105935,,1736412751.0147297,,1736412742
move,1027,395,10755.566520449158,,1736412751.0159204,,1736412742
move,1015,385,0,,1736412751.0159204,,1736412742
move,1008,378,6272.12858166315,,1736412751.0174987,,1736412742
move,1001,372,0,,1736412751.0190635,,1736412742
move,991,365,7801.006406413885,,1736412751.0190635,,1736412742
move,981,357,8166.838863178211,,1736412751.0206316,,1736412742
move,972,351,0,,1736412751.0206316,,1736412742
move,962,344,7799.817953274578,,1736412751.0221965,,1736412742
move,958,339,4067.9566194428276,,1736412751.0237706,,1736412742
move,946,331,0,,1736412751.0249467,,1736412742
move,936,323,10888.566633513703,,1736412751.0249467,,1736412742
move,929,318,5521.157961263651,,1736412751.0265048,,1736412742
move,922,313,0,,1736412751.0280828,,1736412742
move,915,306,4491.723410927094,,1736412751.0287087,,1736412742
move,905,298,12543.974592041825,,1736412751.0297296,,1736412742
move,898,293,0,,1736412751.0297296,,1736412742
move,894,288,4065.493430451339,,1736412751.0313046,,1736412742
move,887,281,9251.669164574432,,1736412751.0323746,,1736412742
move,875,275,8535.187801273421,,1736412751.0339465,,1736412742
move,870,268,0,,1736412751.0339465,,1736412742
move,863,263,5423.232718601827,,1736412751.0355327,,1736412742
move,853,257,9678.189495986238,,1736412751.0367377,,1736412742
move,846,252,8068.150106631922,,1736412751.037804,,1736412742
move,839,245,0,,1736412751.037804,,1736412742
move,832,240,5523.693704356699,,1736412751.0393612,,1736412742
move,825,234,5750.97742346838,,1736412751.0409644,,1736412742
move,821,230,0,,1736412751.0409644,,1736412742
move,814,225,5534.7088935201655,,1736412751.0425186,,1736412742
move,806,217,0,,1736412751.0441008,,1736412742
move,800,214,3018.9105779933298,,1736412751.0452614,,1736412742
move,795,207,16520.497837389175,,1736412751.0452614,,1736412742
move,788,204,4856.753474383065,,1736412751.0468295,,1736412742
move,781,199,0,,1736412751.0468295,,1736412742
move,774,193,5839.5608872548155,,1736412751.0484083,,1736412742
move,767,188,5491.7453998261735,,1736412751.0499747,,1736412742
move,763,184,0,,1736412751.0499747,,1736412742
move,756,180,5558.1130707954635,,1736412751.0514252,,1736412742
move,749,175,0,,1736412751.0529997,,1736412742
move,742,170,5463.471725750751,,1736412751.0529997,,1736412742
move,738,167,3202.2476714002137,,1736412751.0545611,,1736412742
move,731,164,0,,1736412751.0561166,,1736412742
move,727,159,4116.592520165779,,1736412751.0561166,,1736412742
move,720,154,5424.86352080258,,1736412751.0577023,,1736412742
move,715,151,5407.204257430295,,1736412751.0587807,,1736412742
move,706,144,0,,1736412751.0587807,,1736412742
move,704,142,1332.8034156871638,,1736412751.0609028,,1736412742
move,697,138,8432.807960777955,,1736412751.061859,,1736412742
move,690,134,0,,1736412751.061859,,1736412742
move,688,131,2284.4075735473884,,1736412751.0634372,,1736412742
move,679,126,7860.029611005159,,1736412751.064747,,1736412742
move,674,123,0,,1736412751.064747,,1736412742
move,670,120,3185.224787363305,,1736412751.0663168,,1736412742
move,663,115,5471.757245504695,,1736412751.067889,,1736412742
move,659,114,3799.1121304812514,,1736412751.0689743,,1736412742
move,656,109,0,,1736412751.0689743,,1736412742
move,650,106,4288.408258938856,,1736412751.0705385,,1736412742
move,645,103,0,,1736412751.0721173,,1736412742
move,639,102,3852.756752020529,,1736412751.0721173,,1736412742
move,632,96,5857.25116561669,,1736412751.0736914,,1736412742
move,628,95,3403.573788220952,,1736412751.0749028,,1736412742
move,623,92,0,,1736412751.0749028,,1736412742
move,619,89,3210.581751377832,,1736412751.0770807,,1736412742
move,612,86,12271.558817140767,,1736412751.0780916,,1736412742
move,609,83,4196.916227487539,,1736412751.0780916,,1736412742
move,603,81,4232.148640445078,,1736412751.079586,,1736412742
move,599,78,0,,1736412751.0811741,,1736412742
move,594,77,3210.7548328990047,,1736412751.0811741,,1736412742
move,590,74,3197.3654520506175,,1736412751.082738,,1736412742
move,586,73,0,,1736412751.082738,,1736412742
move,581,70,3707.258580621074,,1736412751.0843108,,1736412742
move,577,68,2870.3133472989375,,1736412751.0858688,,1736412742
move,574,67,0,,1736412751.0858688,,1736412742
move,568,65,4440.4264610495065,,1736412751.0872931,,1736412742
move,565,62,2653.9783451971907,,1736412751.0888917,,1736412742
move,561,61,0,,1736412751.0888917,,1736412742
move,556,59,3495.9012987499577,,1736412751.0904322,,1736412742
move,552,58,2608.773332018503,,1736412751.0920126,,1736412742
move,549,57,5702.301736524022,,1736412751.0925672,,1736412742
move,545,55,4440.695484043219,,1736412751.0935743,,1736412742
move,542,54,2488.004846962085,,1736412751.0948453,,1736412742
move,539,52,0,,1736412751.0948453,,1736412742
move,537,52,1251.097390007457,,1736412751.096444,,1736412742
move,532,51,3272.1600278366386,,1736412751.0980022,,1736412742
move,529,48,0,,1736412751.0980022,,1736412742
move,527,48,1275.639902676399,,1736412751.09957,,1736412742
move,524,47,0,,1736412751.101134,,1736412742
move,520,45,2859.374653140024,,1736412751.101134,,1736412742
move,519,45,636.9482156416097,,1736412751.102704,,1736412742
move,516,44,0,,1736412751.102704,,1736412742
move,513,43,2021.8832071882432,,1736412751.104268,,1736412742
move,511,43,1985.939393939394,,1736412751.1052752,,1736412742
move,510,41,1369.7603128814485,,1736412751.1069076,,1736412742
move,507,41,5393.447063866267,,1736412751.1074638,,1736412742
move,506,41,992.0302743614002,,1736412751.1084719,,1736412742
move,504,40,0,,1736412751.1084719,,1736412742
move,502,40,1158.487501726281,,1736412751.1101983,,1736412742
move,501,39,901.602310611905,,1736412751.1117668,,1736412742
move,500,39,0,,1736412751.1117668,,1736412742
move,499,38,960.5897330389834,,1736412751.113239,,1736412742
move,497,37,1434.498143514726,,1736412751.1147978,,1736412742
move,494,37,2938.5595516113967,,1736412751.1158187,,1736412742
move,493,37,637.1417286951238,,1736412751.1173882,,1736412742
move,493,36,631.1020162503762,,1736412751.1189728,,1736412742
move,490,36,0,,1736412751.1189728,,1736412742
move,489,36,640.4495342800427,,1736412751.1220858,,1736412742
move,488,36,456.2497552485587,,1736412751.122726,,1736412742
move,487,34,864.4804924231983,,1736412751.1253126,,1736412742
move,486,34,916.1869812145042,,1736412751.126404,,1736412742
move,485,34,0,,1736412751.126404,,1736412742
move,484,34,626.4830470500374,,1736412751.1280003,,1736412742
move,482,33,1573.8796546902631,,1736412751.129421,,1736412742
move,481,33,315.90750922648186,,1736412751.1325865,,1736412742
move,480,33,360.42828907794103,,1736412751.135361,,1736412742
move,479,33,316.1694557515453,,1736412751.1390965,,1736412742
move,478,33,215.34651126970272,,1736412751.1431675,,1736412742
move,478,33,0.0,,1736412751.1811526,,1736412742
move,478,33,0.0,,1736412751.1811526,,1736412742
move,478,35,423.0901296212236,,1736412751.1858797,,1736412742
move,479,35,610.6134808560198,,1736412751.1875174,,1736412742
move,479,36,640.6451809989308,,1736412751.1890783,,1736412742
move,480,36,633.6763861610515,,1736412751.1906564,,1736412742
move,480,37,0,,1736412751.1922064,,1736412742
move,481,37,645.1782802645747,,1736412751.1922064,,1736412742
move,483,38,1442.4406124729742,,1736412751.1937566,,1736412742
move,484,39,1310.5703936181446,,1736412751.1948357,,1736412742
move,485,39,639.5706007929247,,1736412751.1963992,,1736412742
move,486,40,891.3060257724602,,1736412751.197986,,1736412742
move,487,40,0,,1736412751.197986,,1736412742
move,488,41,897.2381790221937,,1736412751.199562,,1736412742
move,489,42,0,,1736412751.2011712,,1736412742
move,491,42,1242.9408801303896,,1736412751.202181,,1736412742
move,493,44,2800.5862141245148,,1736412751.202181,,1736412742
move,496,45,2533.146264162505,,1736412751.2034295,,1736412742
move,497,46,1414.3160709384174,,1736412751.2044294,,1736412742
move,499,47,2236.7633823752153,,1736412751.205429,,1736412742
move,502,47,2111.5811377747946,,1736412751.2068498,,1736412742
move,505,49,7103.230689001273,,1736412751.2083838,,1736412742
move,507,50,2178.571164297161,,1736412751.2083838,,1736412742
move,510,50,0,,1736412751.210126,,1736412742
move,513,53,2435.3256883190315,,1736412751.210126,,1736412742
move,516,54,2066.9399780512504,,1736412751.2116559,,1736412742
move,520,56,2758.455547735082,,1736412751.213277,,1736412742
move,524,57,0,,1736412751.2148938,,1736412742
move,527,57,1855.613036425306,,1736412751.2148938,,1736412742
move,530,59,3495.7878263716393,,1736412751.2159252,,1736412742
move,536,62,0,,1736412751.2159252,,1736412742
move,540,62,2322.748996261941,,1736412751.2181947,,1736412742
move,545,63,3136.8198800147065,,1736412751.2192729,,1736412742
move,549,65,0,,1736412751.220282,,1736412742
move,553,65,2637.512340826914,,1736412751.2212968,,1736412742
move,558,66,10050.205799783962,,1736412751.2212968,,1736412742
move,562,68,2941.891111135282,,1736412751.222817,,1736412742
move,568,69,5785.250614938763,,1736412751.2238684,,1736412742
move,575,71,6941.348949545086,,1736412751.2249172,,1736412742
move,580,71,4741.469590775492,,1736412751.2259717,,1736412742
move,585,74,11131.900253234968,,1736412751.2272105,,1736412742
move,591,74,4856.392126592049,,1736412751.227731,,1736412742
move,597,75,6020.046062265206,,1736412751.2292492,,1736412742
move,601,75,3883.614814814815,,1736412751.2297714,,1736412742
move,610,77,8734.938377095412,,1736412751.2308269,,1736412742
move,616,77,5414.333907056799,,1736412751.231935,,1736412742
move,622,79,6177.71487617833,,1736412751.2329588,,1736412742
move,628,80,0,,1736412751.2343652,,1736412742
move,634,80,4266.116968977793,,1736412751.2343652,,1736412742
move,642,82,5447.647950212839,,1736412751.235879,,1736412742
move,650,82,15349.694419030193,,1736412751.2364001,,1736412742
move,657,83,7006.427594514201,,1736412751.2374094,,1736412742
move,663,83,3780.923076923077,,1736412751.2389963,,1736412742
move,671,85,15924.086941022704,,1736412751.239514,,1736412742
move,679,87,8172.7591767252625,,1736412751.240523,,1736412742
move,688,87,7592.263877715205,,1736412751.2417085,,1736412742
move,694,87,5953.589779985806,,1736412751.2432265,,1736412742
move,702,88,7851.302512820896,,1736412751.2437432,,1736412742
move,710,88,7930.614984637202,,1736412751.244752,,1736412742
move,718,88,0,,1736412751.2461753,,1736412742
move,727,88,6323.071356783919,,1736412751.2461753,,1736412742
move,735,90,5873.173176413876,,1736412751.2475793,,1736412742
move,744,90,7131.822406952579,,1736412751.2488413,,1736412742
move,752,90,7632.946314831665,,1736412751.2498894,,1736412742
move,763,92,11046.818447937902,,1736412751.2509015,,1736412742
move,771,92,0,,1736412751.2522783,,1736412742
move,780,92,6536.577662337662,,1736412751.2522783,,1736412742
move,790,92,6310.070708590341,,1736412751.253863,,1736412742
move,799,92,0,,1736412751.253863,,1736412742
move,807,92,5111.88787324802,,1736412751.255428,,1736412742
move,820,92,0,,1736412751.2569933,,1736412742
move,826,92,3833.3319116527036,,1736412751.2569933,,1736412742
move,834,92,5109.552611542561,,1736412751.258559,,1736412742
move,848,92,0,,1736412751.258559,,1736412742
move,856,92,5105.665246500304,,1736412751.2601259,,1736412742
move,867,94,6972.010751040201,,1736412751.2617295,,1736412742
move,878,94,0,,1736412751.2617295,,1736412742
move,889,94,5159.045510455105,,1736412751.2638617,,1736412742
move,897,94,7898.87758945386,,1736412751.2648745,,1736412742
move,908,94,0,,1736412751.2648745,,1736412742
move,921,94,7716.664590999151,,1736412751.2665591,,1736412742
move,930,94,0,,1736412751.26813,,1736412742
move,941,94,7002.176961602671,,1736412751.26813,,1736412742
move,954,93,8156.157114079371,,1736412751.2702973,,1736412742
move,963,93,5409.678417884781,,1736412751.2713923,,1736412742
move,973,93,0,,1736412751.2713923,,1736412742
move,985,91,6417.546273897608,,1736412751.273288,,1736412742
move,998,91,0,,1736412751.273288,,1736412742
move,1007,89,5829.876706678936,,1736412751.2748694,,1736412742
move,1020,89,8086.30461219042,,1736412751.276477,,1736412742
move,1028,89,0,,1736412751.276477,,1736412742
move,1039,89,6977.819721718089,,1736412751.2780535,,1736412742
move,1050,89,0,,1736412751.2780535,,1736412742
move,1064,89,6618.604147880974,,1736412751.280698,,1736412742
move,1070,89,11335.956756756757,,1736412751.280698,,1736412742
move,1080,88,6193.393111544201,,1736412751.2823207,,1736412742
move,1093,88,0,,1736412751.2823207,,1736412742
move,1102,88,5752.626638220055,,1736412751.2838852,,1736412742
move,1110,88,0,,1736412751.2838852,,1736412742
move,1121,88,7043.869312977099,,1736412751.285447,,1736412742
move,1129,86,5222.273416261711,,1736412751.287026,,1736412742
move,1138,86,0,,1736412751.287026,,1736412742
move,1151,86,8316.954240390482,,1736412751.288589,,1736412742
move,1157,86,0,,1736412751.2901742,,1736412742
move,1165,84,3443.902901115335,,1736412751.2909834,,1736412742
move,1176,84,19280.12703719181,,1736412751.291554,,1736412742
move,1182,84,0,,1736412751.2931192,,1736412742
move,1192,84,6388.886519421173,,1736412751.2931192,,1736412742
move,1201,84,5750.873857404022,,1736412751.2946842,,1736412742
move,1209,82,0,,1736412751.2946842,,1736412742
move,1217,82,3713.8275594908687,,1736412751.2968383,,1736412742
move,1223,82,5947.961238477901,,1736412751.297847,,1736412742
move,1231,82,0,,1736412751.297847,,1736412742
move,1240,81,5430.517315760698,,1736412751.2995145,,1736412742
move,1248,81,0,,1736412751.3010879,,1736412742
move,1257,81,5720.372177602667,,1736412751.3010879,,1736412742
move,1263,81,4914.240187463386,,1736412751.3023088,,1736412742
move,1273,79,6508.4716804443915,,1736412751.3038757,,1736412742
move,1281,79,0,,1736412751.3038757,,1736412742
move,1287,79,3843.871085993585,,1736412751.3054366,,1736412742
move,1295,77,0,,1736412751.307005,,1736412742
move,1301,77,3825.7561568865917,,1736412751.307005,,1736412742
move,1307,77,4415.056842105263,,1736412751.308364,,1736412742
move,1315,77,5091.719575113809,,1736412751.309935,,1736412742
move,1321,77,0,,1736412751.309935,,1736412742
move,1329,77,5080.925499697153,,1736412751.3121161,,1736412742
move,1335,77,9892.22641509434,,1736412751.3131342,,1736412742
move,1341,76,5974.930962969542,,1736412751.3131342,,1736412742
move,1347,76,3860.3810400368156,,1736412751.3146884,,1736412742
move,1353,76,0,,1736412751.3146884,,1736412742
move,1361,76,5077.081555454683,,1736412751.3162642,,1736412742
move,1366,76,3173.175972159177,,1736412751.3178399,,1736412742
move,1372,76,5638.768541339906,,1736412751.318904,,1736412742
move,1378,74,0,,1736412751.318904,,1736412742
move,1386,74,5129.078569244879,,1736412751.3204637,,1736412742
move,1390,74,0,,1736412751.3220468,,1736412742
move,1396,73,3842.31253190963,,1736412751.3220468,,1736412742
move,1402,73,3805.507938908211,,1736412751.3236234,,1736412742
move,1407,73,9686.614318706697,,1736412751.3241396,,1736412742
move,1411,73,2639.5871617369417,,1736412751.325655,,1736412742
move,1419,73,7930.614984637202,,1736412751.3272746,,1736412742
move,1423,73,3546.980126849894,,1736412751.3277915,,1736412742
move,1429,73,0,,1736412751.3277915,,1736412742
move,1433,73,2573.19263803681,,1736412751.329346,,1736412742
move,1438,73,3210.581751377832,,1736412751.3309033,,1736412742
move,1444,73,0,,1736412751.3309033,,1736412742
move,1446,73,1257.4738420026983,,1736412751.3324938,,1736412742
move,1451,71,3654.2660234951427,,1736412751.3339674,,1736412742
move,1457,71,0,,1736412751.3339674,,1736412742
move,1461,71,2571.2208429118773,,1736412751.3355231,,1736412742
move,1465,71,0,,1736412751.337079,,1736412742
move,1469,71,2570.8268464603125,,1736412751.337079,,1736412742
move,1474,70,3236.0172404206796,,1736412751.3386548,,1736412742
move,1476,70,1648.3804283749264,,1736412751.339868,,1736412742
move,1481,70,4768.422010004548,,1736412751.3409166,,1736412742
move,1485,70,0,,1736412751.3409166,,1736412742
move,1489,70,1890.6035609646158,,1736412751.3430324,,1736412742
move,1493,70,7509.9444941808415,,1736412751.3441014,,1736412742
move,1496,68,6721.234727503872,,1736412751.3451085,,1736412742
move,1499,68,2978.909090909091,,1736412751.3451085,,1736412742
move,1503,68,2333.085245445696,,1736412751.346823,,1736412742
move,1507,68,0,,1736412751.346823,,1736412742
move,1510,67,2399.774532143093,,1736412751.3481407,,1736412742
move,1514,67,2542.772961503486,,1736412751.3497138,,1736412742
move,1517,67,0,,1736412751.3497138,,1736412742
move,1519,67,1273.7030063771638,,1736412751.351284,,1736412742
move,1524,67,3215.0114977770963,,1736412751.3528392,,1736412742
move,1526,66,1875.7497724598556,,1736412751.3540313,,1736412742
move,1529,66,0,,1736412751.3540313,,1736412742
move,1533,66,2575.167459708365,,1736412751.3555846,,1736412742
move,1537,66,0,,1736412751.3555846,,1736412742
move,1539,66,1274.0899149453219,,1736412751.3571544,,1736412742
move,1542,66,1878.0465671641791,,1736412751.3587518,,1736412742
move,1545,66,4987.2818073721755,,1736412751.3603644,,1736412742
move,1546,65,1398.642207384042,,1736412751.3603644,,1736412742
move,1549,65,1855.8867256637168,,1736412751.361981,,1736412742
move,1551,65,0,,1736412751.361981,,1736412742
move,1555,65,2568.0722485841115,,1736412751.3635385,,1736412742
move,1557,63,0,,1736412751.3635385,,1736412742
move,1559,63,1241.4692911055201,,1736412751.3651495,,1736412742
move,1562,63,1911.4251860853715,,1736412751.366719,,1736412742
move,1564,63,0,,1736412751.366719,,1736412742
move,1565,63,638.9859841560025,,1736412751.368284,,1736412742
move,1568,63,1936.4284395198522,,1736412751.3698332,,1736412742
move,1570,63,0,,1736412751.3698332,,1736412742
move,1571,62,906.4244501093708,,1736412751.3713934,,1736412742
move,1572,62,627.1387559808612,,1736412751.372988,,1736412742
move,1575,62,0,,1736412751.3740618,,1736412742
move,1577,62,1228.2002928257687,,1736412751.3746164,,1736412742
move,1579,61,2216.6742761284045,,1736412751.3761322,,1736412742
move,1581,61,3943.868359191349,,1736412751.3771386,,1736412742
move,1582,61,993.6754323619996,,1736412751.3771386,,1736412742
move,1583,61,633.29367356183,,1736412751.3787177,,1736412742
move,1586,60,0,,1736412751.3787177,,1736412742
move,1588,60,693.5599834642414,,1736412751.3816013,,1736412742
move,1589,60,900.0652360515021,,1736412751.3827124,,1736412742
move,1592,60,0,,1736412751.3827124,,1736412742
move,1592,59,639.6681409181028,,1736412751.3842757,,1736412742
move,1594,59,1544.010307380821,,1736412751.385571,,1736412742
move,1595,59,466.81179744017805,,1736412751.3877132,,1736412742
move,1598,59,5946.5557655954635,,1736412751.3882177,,1736412742
move,1599,59,462.7431597528685,,1736412751.3903787,,1736412742
move,1599,58,982.7328959700094,,1736412751.3913963,,1736412742
move,1600,58,642.2146685040576,,1736412751.3929534,,1736412742
move,1601,58,0,,1736412751.3929534,,1736412742
move,1602,58,635.5006060606061,,1736412751.394527,,1736412742
move,1604,56,1755.7027087511387,,1736412751.396138,,1736412742
move,1605,56,378.17185105040124,,1736412751.3987823,,1736412742
move,1606,56,319.2012176560122,,1736412751.401915,,1736412742
move,1607,56,640.2540070218288,,1736412751.405042,,1736412742
move,1607,55,316.3840989665837,,1736412751.4066377,,1736412742
move,1607,54,15.333477127575959,,1736412751.4718544,,1736412742
move,1608,54,38.21515192929707,,1736412751.498022,,1736412742
move,1609,54,643.7918649270913,,1736412751.4995754,,1736412742
move,1610,54,339.18033317159956,,1736412751.5025237,,1736412742
move,1610,53,896.4103440906176,,1736412751.5036392,,1736412742
move,1612,53,0,,1736412751.5036392,,1736412742
move,1613,53,262.8174697662761,,1736412751.5074441,,1736412742
move,1614,53,930.6199245617928,,1736412751.5100968,,1736412742
move,1615,53,633.6763861610515,,1736412751.5111601,,1736412742
move,1616,53,940.4269058295964,,1736412751.5111601,,1736412742
move,1617,53,644.6824469720258,,1736412751.5127113,,1736412742
move,1618,52,910.4591867253603,,1736412751.5142646,,1736412742
move,1620,52,788.8478465299982,,1736412751.5168,,1736412742
move,1621,52,1982.1852551984878,,1736412751.5173044,,1736412742
move,1622,52,642.0180621460279,,1736412751.518862,,1736412742
move,1623,52,648.2695517774343,,1736412751.5204046,,1736412742
move,1624,51,905.8707393884732,,1736412751.5219657,,1736412742
move,1625,51,0,,1736412751.5219657,,1736412742
move,1628,51,1931.0791896869246,,1736412751.5235193,,1736412742
move,1629,51,657.8268506900878,,1736412751.5250394,,1736412742
move,1630,51,636.7548201001973,,1736412751.52661,,1736412742
move,1631,50,1106.2367776045735,,1736412751.5278883,,1736412742
move,1632,50,948.5083672546359,,1736412751.5289426,,1736412742
move,1633,50,0,,1736412751.5289426,,1736412742
move,1634,50,629.8699504430094,,1736412751.5305302,,1736412742
move,1636,48,0,,1736412751.5321963,,1736412742
move,1638,48,1200.4304522037778,,1736412751.5321963,,1736412742
move,1639,48,384.19932215810206,,1736412751.534799,,1736412742
move,1640,48,1968.2327545753167,,1736412751.5353072,,1736412742
move,1643,48,1893.3060487511284,,1736412751.5368917,,1736412742
move,1644,47,0,,1736412751.5368917,,1736412742
move,1646,47,768.3986443162041,,1736412751.5400074,,1736412742
move,1647,47,684.0026092628832,,1736412751.5409565,,1736412742
move,1649,47,0,,1736412751.5421178,,1736412742
move,1650,47,861.0765756518168,,1736412751.5421178,,1736412742
move,1652,47,1267.7358319480127,,1736412751.5436954,,1736412742
move,1652,46,0,,1736412751.5452685,,1736412742
move,1654,46,951.9527916477531,,1736412751.5457964,,1736412742
move,1656,46,1867.4550311665182,,1736412751.5468674,,1736412742
move,1657,46,0,,1736412751.5468674,,1736412742
move,1659,46,1260.6865043582807,,1736412751.5484538,,1736412742
move,1660,45,897.5096991247877,,1736412751.5500295,,1736412742
move,1663,45,0,,1736412751.5500295,,1736412742
move,1664,45,629.2085208520853,,1736412751.5516188,,1736412742
move,1665,45,0,,1736412751.5531886,,1736412742
move,1666,45,637.0449574726609,,1736412751.5531886,,1736412742
move,1667,45,631.8626092196445,,1736412751.5547712,,1736412742
move,1668,45,0,,1736412751.5547712,,1736412742
move,1671,45,1865.5169755374352,,1736412751.5563793,,1736412742
move,1672,45,637.6260261477653,,1736412751.5579476,,1736412742
move,1673,45,0,,1736412751.5579476,,1736412742
move,1676,45,1882.8238814903486,,1736412751.559541,,1736412742
move,1677,44,1087.177712887779,,1736412751.5608418,,1736412742
move,1678,44,0,,1736412751.5608418,,1736412742
move,1680,44,1171.266126780229,,1736412751.5625494,,1736412742
move,1681,44,0,,1736412751.5641253,,1736412742
move,1683,44,1269.0783661119515,,1736412751.5641253,,1736412742
move,1685,44,1528.8150173136505,,1736412751.5654335,,1736412742
move,1686,43,0,,1736412751.5669932,,1736412742
move,1688,43,1282.2696423112197,,1736412751.5669932,,1736412742
move,1690,43,1223.7210795040116,,1736412751.5686276,,1736412742
move,1692,43,1719.681836818368,,1736412751.5697906,,1736412742
move,1695,43,1963.625468164794,,1736412751.5713184,,1736412742
move,1697,43,1252.9660941000748,,1736412751.5729146,,1736412742
move,1698,43,0,,1736412751.5729146,,1736412742
move,1701,42,1929.8055927767896,,1736412751.5745533,,1736412742
move,1702,42,638.3052807791812,,1736412751.57612,,1736412742
move,1704,42,0,,1736412751.57612,,1736412742
move,1705,42,597.649472784269,,1736412751.5777931,,1736412742
move,1708,42,0,,1736412751.5777931,,1736412742
move,1709,42,628.1719335030702,,1736412751.579385,,1736412742
move,1711,42,1250.165126676602,,1736412751.5809848,,1736412742
move,1714,42,5764.0458085203845,,1736412751.5815053,,1736412742
move,1717,42,1777.4985167396526,,1736412751.583193,,1736412742
move,1719,42,0,,1736412751.584202,,1736412742
move,1720,42,991.0926275992439,,1736412751.585204,,1736412742
move,1721,42,998.1684911946692,,1736412751.5862014,,1736412742
move,1725,42,1963.855320145148,,1736412751.5872407,,1736412742
move,1726,40,3303.5395781258467,,1736412751.5879176,,1736412742
move,1728,40,1981.248937175248,,1736412751.588927,,1736412742
move,1731,40,0,,1736412751.5901818,,1736412742
move,1733,40,1593.883336500095,,1736412751.5901818,,1736412742
move,1735,40,1330.8913215928924,,1736412751.5921938,,1736412742
move,1738,39,2081.2103937164406,,1736412751.593204,,1736412742
move,1739,39,1968.2327545753167,,1736412751.593712,,1736412742
move,1741,39,0,,1736412751.593712,,1736412742
move,1744,39,1735.5740689655172,,1736412751.5954406,,1736412742
move,1746,39,1163.307169601997,,1736412751.5971599,,1736412742
move,1747,39,0,,1736412751.5988007,,1736412742
move,1750,39,1828.3801220575415,,1736412751.5988007,,1736412742
move,1751,39,602.3702427114749,,1736412751.6004608,,1736412742
move,1753,39,0,,1736412751.6004608,,1736412742
move,1756,38,2015.431368964424,,1736412751.6020298,,1736412742
move,1759,38,1891.8827244023455,,1736412751.6036155,,1736412742
move,1760,38,0,,1736412751.6036155,,1736412742
move,1762,38,1248.119029906264,,1736412751.605218,,1736412742
move,1765,36,3050.792442381221,,1736412751.6063998,,1736412742
move,1766,36,0,,1736412751.6076348,,1736412742
move,1769,36,2429.1335907335906,,1736412751.6089935,,1736412742
move,1772,36,2207.915774697315,,1736412751.6101072,,1736412742
move,1775,35,2839.553380251525,,1736412751.6101072,,1736412742
move,1777,35,1313.3878190073588,,1736412751.61163,,1736412742
move,1778,35,854.237067209776,,1736412751.6128006,,1736412742
move,1781,35,0,,1736412751.6143465,,1736412742
move,1785,35,2587.479333744602,,1736412751.6143465,,1736412742
move,1786,35,639.4730904101235,,1736412751.6159103,,1736412742
move,1787,35,0,,1736412751.6159103,,1736412742
move,1791,34,2598.190868081529,,1736412751.61803,,1736412742
move,1792,34,649.8766656337156,,1736412751.619036,,1736412742
move,1795,34,0,,1736412751.619036,,1736412742
move,1796,34,632.8159324079662,,1736412751.6206162,,1736412742
move,1799,32,0,,1736412751.6206162,,1736412742
move,1800,32,465.4132268086995,,1736412751.6227648,,1736412742
move,1804,32,3157.766986636552,,1736412751.6240315,,1736412742
move,1805,32,0,,1736412751.6250842,,1736412742
move,1807,32,1900.0244620611552,,1736412751.6250842,,1736412742
move,1810,32,1916.0822293284605,,1736412751.6266499,,1736412742
move,1811,32,0,,1736412751.6282165,,1736412742
move,1813,32,1276.6105615583624,,1736412751.6282165,,1736412742
move,1816,31,2633.224903544744,,1736412751.6294174,,1736412742
move,1817,31,638.4024353120244,,1736412751.6309838,,1736412742
move,1819,31,0,,1736412751.6309838,,1736412742
move,1822,31,1906.7907258675557,,1736412751.6330762,,1736412742
move,1823,31,1926.6440055121727,,1736412751.6340847,,1736412742
move,1826,30,3135.5919241500887,,1736412751.6340847,,1736412742
move,1828,30,1222.472748469834,,1736412751.6357207,,1736412742
move,1829,30,0,,1736412751.6357207,,1736412742
move,1832,30,1908.8155339805826,,1736412751.6372924,,1736412742
move,1834,30,1282.2696423112197,,1736412751.6388521,,1736412742
move,1836,30,0,,1736412751.6388521,,1736412742
move,1838,30,1216.0927805160916,,1736412751.6404967,,1736412742
move,1840,30,1266.0138846966495,,1736412751.6420765,,1736412742
move,1842,29,0,,1736412751.6420765,,1736412742
move,1844,29,1304.4018037630228,,1736412751.6436098,,1736412742
move,1845,29,0,,1736412751.6451747,,1736412742
move,1848,27,2303.896730177287,,1736412751.6451747,,1736412742
move,1850,27,1399.0340226817877,,1736412751.6466043,,1736412742
move,1851,27,0,,1736412751.64819,,1736412742
move,1853,27,1261.2551496015637,,1736412751.64819,,1736412742
move,1855,27,1279.1412015858493,,1736412751.6497536,,1736412742
move,1856,27,0,,1736412751.6497536,,1736412742
move,1858,27,1280.1171982298183,,1736412751.651316,,1736412742
move,1860,26,1425.5584226021094,,1736412751.6528845,,1736412742
move,1861,26,930.0008869179601,,1736412751.6539598,,1736412742
move,1862,26,0,,1736412751.6539598,,1736412742
move,1863,26,621.0103642286052,,1736412751.65557,,1736412742
move,1865,26,0,,1736412751.6571398,,1736412742
move,1867,25,1424.4758296323328,,1736412751.6571398,,1736412742
move,1868,25,632.4342581423401,,1736412751.658721,,1736412742
move,1869,25,0,,1736412751.658721,,1736412742
move,1870,25,631.8626092196445,,1736412751.6603036,,1736412742
move,1871,25,637.916958174905,,1736412751.6618712,,1736412742
move,1872,25,0,,1736412751.663113,,1736412742
move,1873,25,441.738177988415,,1736412751.664135,,1736412742
move,1875,24,1413.1006271356455,,1736412751.6657174,,1736412742
move,1876,24,0,,1736412751.6657174,,1736412742
move,1877,24,314.6986794717887,,1736412751.668895,,1736412742
move,1878,23,895.4772949148132,,1736412751.6721137,,1736412742
move,1879,23,135.6633567293075,,1736412751.6778455,,1736412742
move,1879,22,112.56854535695115,,1736412751.686729,,1736412742
move,1879,21,17.71871778840467,,1736412751.7431664,,1736412742
move,1879,20,86.47871177913858,,1736412751.75473,,1736412742
move,1880,20,644.3853126440314,,1736412751.7562819,,1736412742
move,1880,18,649.3735872426072,,1736412751.7593617,,1736412742
move,1881,18,389.11810000927727,,1736412751.7619317,,1736412742
move,1883,17,280.7504299317272,,1736412751.7698963,,1736412742
move,1883,16,188.4995730528965,,1736412751.7752013,,1736412742
move,1884,16,640.8409472880061,,1736412751.7767618,,1736412742
move,1884,15,123.97079774184968,,1736412751.7848282,,1736412742
move,1885,15,167.54429975233683,,1736412751.7907968,,1736412742
move,1885,14,384.0937728937729,,1736412751.7934003,,1736412742
move,1885,13,152.4369980010903,,1736412751.7999604,,1736412742
move,1885,12,125.19936718306916,,1736412751.8079476,,1736412742
move,1885,10,222.67487789339563,,1736412751.8169293,,1736412742
move,1885,9,75.19908204245553,,1736412751.8302274,,1736412742
click_press,1885,9,,Button.left,1736412751.9254527,,1736412742
click_release,1885,9,,Button.left,1736412751.968441,,1736412742
move,1885,9,0.0,,1736412751.9904416,,1736412742
move,1885,11,165.82537015438749,,1736412752.0025024,,1736412742
move,1885,11,0.0,,1736412752.0170941,,1736412742
move,1885,12,165.54720555730975,,1736412752.0231347,,1736412742
move,1884,13,76.84668085085406,,1736412752.0415378,,1736412742
move,1882,13,209.97241620985707,,1736412752.0515757,,1736412742
move,1882,14,289.64187556108004,,1736412752.0545154,,1736412742
move,1881,14,316.264816769718,,1736412752.0576773,,1736412742
move,1881,15,634.6351944318354,,1736412752.059773,,1736412742
move,1880,15,385.15188246097335,,1736412752.0618494,,1736412742
move,1879,15,342.33627162912177,,1736412752.0647705,,1736412742
move,1879,16,921.825054945055,,1736412752.0658553,,1736412742
move,1879,17,602.1108240022969,,1736412752.0692809,,1736412742
move,1878,17,566.6446906241556,,1736412752.0692809,,1736412742
move,1877,17,612.664913818288,,1736412752.070913,,1736412742
move,1877,19,1248.4905491888674,,1736412752.072515,,1736412742
move,1876,19,826.7896708062291,,1736412752.0737245,,1736412742
move,1874,19,1386.088565763384,,1736412752.0751674,,1736412742
move,1874,20,636.1753374791446,,1736412752.0767393,,1736412742
move,1873,20,695.5728026533997,,1736412752.078177,,1736412742
move,1872,20,633.0069423483247,,1736412752.0797567,,1736412742
move,1871,21,270.7770291936329,,1736412752.0849795,,1736412742
move,1869,22,824.2879998505255,,1736412752.0887005,,1736412742
move,1865,25,4958.978481910617,,1736412752.0887005,,1736412742
move,1864,25,316.3840989665837,,1736412752.0918612,,1736412742
move,1862,27,0,,1736412752.093247,,1736412742
move,1859,28,2282.0980452778517,,1736412752.093247,,1736412742
move,1858,28,634.8273043741486,,1736412752.0948222,,1736412742
move,1855,29,0,,1736412752.0948222,,1736412742
move,1853,31,1863.5380463448703,,1736412752.09634,,1736412742
move,1851,32,1362.5960863430594,,1736412752.097981,,1736412742
move,1849,32,1874.968261063925,,1736412752.099568,,1736412742
move,1848,33,2718.4425304838323,,1736412752.099568,,1736412742
move,1845,33,1915.207305936073,,1736412752.1011343,,1736412742
move,1843,34,1409.9141404538902,,1736412752.1027203,,1736412742
move,1839,35,3584.900169558594,,1736412752.1038704,,1736412742
move,1838,36,0,,1736412752.1054733,,1736412742
move,1837,36,623.8738658337052,,1736412752.1054733,,1736412742
move,1834,38,2314.8290428415294,,1736412752.1070309,,1736412742
move,1833,39,880.0655195127184,,1736412752.1086378,,1736412742
move,1829,40,7758.438052019137,,1736412752.1091692,,1736412742
move,1828,40,972.9306425423335,,1736412752.110197,,1736412742
move,1827,41,1074.9622329676915,,1736412752.1115127,,1736412742
move,1823,43,0,,1736412752.113078,,1736412742
move,1821,43,760.5955208994469,,1736412752.1141422,,1736412742
move,1819,45,0,,1736412752.1157851,,1736412742
move,1812,47,4431.1412028804,,1736412752.1157851,,1736412742
move,1810,48,1414.1659925059225,,1736412752.1173663,,1736412742
move,1807,49,2938.314984305466,,1736412752.1184425,,1736412742
move,1804,51,0,,1736412752.1201055,,1736412742
move,1803,52,850.4145665255517,,1736412752.1201055,,1736412742
move,1801,53,0,,1736412752.121731,,1736412742
move,1798,53,1845.5429744793194,,1736412752.121731,,1736412742
move,1794,56,3146.042604260426,,1736412752.1233203,,1736412742
move,1791,58,3570.903928425906,,1736412752.12433,,1736412742
move,1788,59,3104.0378748314706,,1736412752.1253488,,1736412742
move,1785,59,5612.36039250669,,1736412752.1258833,,1736412742
move,1783,60,0,,1736412752.1274993,,1736412742
move,1780,63,2625.394630355144,,1736412752.1274993,,1736412742
move,1777,63,1872.4571428571428,,1736412752.1291015,,1736412742
move,1773,66,3003.655113148095,,1736412752.1307662,,1736412742
move,1772,67,895.6125021162196,,1736412752.1323452,,1736412742
move,1768,70,0,,1736412752.1339276,,1736412742
move,1765,71,1500.4020180039452,,1736412752.1354635,,1736412742
move,1761,73,1770.2432733671722,,1736412752.136979,,1736412742
move,1756,77,0,,1736412752.136979,,1736412742
move,1753,79,2269.3244503126816,,1736412752.1402037,,1736412742
move,1749,80,2520.559454591263,,1736412752.1402037,,1736412742
move,1746,83,0,,1736412752.1418002,,1736412742
move,1742,86,3131.94743130227,,1736412752.1418002,,1736412742
move,1739,89,0,,1736412752.1418002,,1736412742
move,1734,90,3173.5922157501514,,1736412752.1434069,,1736412742
move,1730,93,0,,1736412752.1434069,,1736412742
move,1728,96,2367.00236921016,,1736412752.1449301,,1736412742
move,1724,98,10052.249584457963,,1736412752.145375,,1736412742
move,1720,101,1949.7508367422834,,1736412752.1479394,,1736412742
move,1715,104,3751.0406221406784,,1736412752.149494,,1736412742
move,1712,106,0,,1736412752.1511376,,1736412742
move,1706,108,3847.854319453111,,1736412752.1511376,,1736412742
move,1703,111,0,,1736412752.1527166,,1736412742
move,1699,112,2611.1367081308554,,1736412752.1527166,,1736412742
move,1696,117,0,,1736412752.1527166,,1736412742
move,1690,120,3918.6972962253253,,1736412752.1544285,,1736412742
move,1687,123,5216.923132379702,,1736412752.1552417,,1736412742
move,1682,126,11136.969424570685,,1736412752.1557653,,1736412742
move,1679,127,0,,1736412752.1557653,,1736412742
move,1673,132,0,,1736412752.1557653,,1736412742
move,1670,135,2721.3526234205788,,1736412752.1573243,,1736412742
move,1666,138,3967.37041241014,,1736412752.1585846,,1736412742
move,1663,141,0,,1736412752.1585846,,1736412742
move,1658,145,4078.458557564396,,1736412752.1601546,,1736412742
move,1654,148,0,,1736412752.1601546,,1736412742
move,1649,151,3628.6030944150184,,1736412752.1617615,,1736412742
move,1646,154,2892.0729407682697,,1736412752.1644287,,1736412742
move,1640,159,3519.3985234909737,,1736412752.165976,,1736412742
move,1637,162,8030.20072407363,,1736412752.165976,,1736412742
move,1634,165,2792.6749536326374,,1736412752.1674953,,1736412742
move,1629,169,4342.223056032586,,1736412752.1689699,,1736412742
move,1625,172,4906.76649508657,,1736412752.1699889,,1736412742
move,1620,177,0,,1736412752.1699889,,1736412742
move,1617,180,2530.923738379628,,1736412752.1716652,,1736412742
move,1613,183,7186.949965729952,,1736412752.172361,,1736412742
move,1608,187,4814.745357038642,,1736412752.1736908,,1736412742
move,1601,193,0,,1736412752.1736908,,1736412742
move,1599,195,1788.794210348529,,1736412752.175272,,1736412742
move,1596,200,5238.120551800648,,1736412752.1763852,,1736412742
move,1591,203,8648.085168443149,,1736412752.1775663,,1736412742
move,1587,208,12632.478646077867,,1736412752.1775663,,1736412742
move,1584,212,3193.9567468778555,,1736412752.1791317,,1736412742
move,1581,215,3336.1313844295396,,1736412752.1804035,,1736412742
move,1576,219,0,,1736412752.1804035,,1736412742
move,1571,224,3731.530952136212,,1736412752.1830688,,1736412742
move,1569,227,2815.111343425858,,1736412752.1835792,,1736412742
move,1566,231,0,,1736412752.1835792,,1736412742
move,1561,238,5361.980573169558,,1736412752.1851835,,1736412742
move,1558,241,4195.926622152126,,1736412752.186702,,1736412742
move,1553,244,11492.850026483658,,1736412752.1877105,,1736412742
move,1550,250,6651.594937800906,,1736412752.1877105,,1736412742
move,1546,253,3084.5006618620387,,1736412752.1893315,,1736412742
move,1542,260,5958.688973166449,,1736412752.191296,,1736412742
move,1538,263,4478.223361093316,,1736412752.191801,,1736412742
move,1535,267,0,,1736412752.1933625,,1736412742
move,1532,270,2717.1972521831067,,1736412752.1933625,,1736412742
move,1529,274,0,,1736412752.1949391,,1736412742
move,1525,279,4061.1900198943817,,1736412752.1960459,,1736412742
move,1519,286,8330.368848643126,,1736412752.1965685,,1736412742
move,1516,290,4455.389844911833,,1736412752.197168,,1736412742
move,1513,295,0,,1736412752.197168,,1736412742
move,1509,300,4051.9990346351155,,1736412752.1987484,,1736412742
move,1507,304,0,,1736412752.1987484,,1736412742
move,1504,310,0,,1736412752.1987484,,1736412742
move,1499,315,4527.279500469946,,1736412752.2003102,,1736412742
move,1497,319,2873.8314270872615,,1736412752.2018664,,1736412742
move,1494,324,0,,1736412752.2018664,,1736412742
move,1489,329,4815.425882055303,,1736412752.2033348,,1736412742
move,1486,333,3178.4662018793574,,1736412752.204908,,1736412742
move,1483,337,4626.410765497463,,1736412752.2059886,,1736412742
move,1480,344,7523.049364347013,,1736412752.207001,,1736412742
move,1475,348,0,,1736412752.207001,,1736412742
move,1470,353,4378.887938517439,,1736412752.2086158,,1736412742
move,1466,358,5307.638261178171,,1736412752.2098222,,1736412742
move,1464,362,0,,1736412752.2098222,,1736412742
move,1460,367,3077.7732754482636,,1736412752.2119026,,1736412742
move,1457,371,4898.743284279374,,1736412752.2129233,,1736412742
move,1454,374,0,,1736412752.2129233,,1736412742
move,1449,381,5533.011390409133,,1736412752.214478,,1736412742
move,1446,385,4060.3136495643757,,1736412752.2157094,,1736412742
move,1443,390,5349.253030699306,,1736412752.2167995,,1736412742
move,1438,394,12196.480291354017,,1736412752.2173245,,1736412742
move,1435,401,7154.057693396958,,1736412752.218389,,1736412742
move,1430,405,4102.757348237327,,1736412752.2199497,,1736412742
move,1427,410,0,,1736412752.2199497,,1736412742
move,1425,413,2323.364285893949,,1736412752.2221136,,1736412742
move,1421,419,6399.821471385405,,1736412752.2226284,,1736412742
move,1419,422,0,,1736412752.2226284,,1736412742
move,1414,427,4529.353696942366,,1736412752.2251987,,1736412742
move,1411,431,3303.6420919974794,,1736412752.225703,,1736412742
move,1408,436,0,,1736412752.225703,,1736412742
move,1403,442,3752.412537990147,,1736412752.2277844,,1736412742
move,1402,443,1405.2692730432889,,1736412752.2292957,,1736412742
move,1397,451,18682.240225736325,,1736412752.2292957,,1736412742
move,1395,454,3583.5967149013536,,1736412752.2303019,,1736412742
move,1392,458,4539.290043290043,,1736412752.2314034,,1736412742
move,1389,463,3752.191601159439,,1736412752.2329574,,1736412742
move,1384,469,0,,1736412752.2329574,,1736412742
move,1381,472,2725.5207236249294,,1736412752.234514,,1736412742
move,1378,477,3731.0121825106366,,1736412752.2360768,,1736412742
move,1375,481,0,,1736412752.2360768,,1736412742
move,1372,487,3172.068386346994,,1736412752.2381916,,1736412742
move,1369,490,0,,1736412752.2390633,,1736412742
move,1366,495,6689.49257559005,,1736412752.2390633,,1736412742
move,1363,501,4325.991172647268,,1736412752.240614,,1736412742
move,1358,504,0,,1736412752.242173,,1736412742
move,1357,509,3270.6588074537804,,1736412752.242173,,1736412742
move,1354,513,3203.715245951726,,1736412752.2437336,,1736412742
move,1351,518,0,,1736412752.2437336,,1736412742
move,1348,522,3173.175972159177,,1736412752.2453094,,1736412742
move,1345,528,4276.6752678063285,,1736412752.246878,,1736412742
move,1342,531,0,,1736412752.246878,,1736412742
move,1340,536,3538.621070221444,,1736412752.2483997,,1736412742
move,1337,540,3270.15749259317,,1736412752.2499287,,1736412742
move,1334,545,8109.0135465375415,,1736412752.2511656,,1736412742
move,1333,547,2090.670722759536,,1736412752.252241,,1736412742
move,1330,552,5548.272426578318,,1736412752.2527683,,1736412742
move,1328,558,6886.5803941614095,,1736412752.2536867,,1736412742
move,1325,562,4691.615212527964,,1736412752.2547524,,1736412742
move,1324,567,0,,1736412752.2547524,,1736412742
move,1323,570,1993.3203846039787,,1736412752.2563388,,1736412742
move,1321,576,4028.414226015148,,1736412752.2579088,,1736412742
move,1318,579,4082.341088448535,,1736412752.258948,,1736412742
move,1317,583,0,,1736412752.258948,,1736412742
move,1315,587,2851.550277378923,,1736412752.2605164,,1736412742
move,1312,592,3742.4307354793,,1736412752.2620745,,1736412742
move,1311,596,0,,1736412752.2620745,,1736412742
move,1309,599,2851.7401728990594,,1736412752.2633388,,1736412742
move,1308,603,2637.017142108975,,1736412752.2649024,,1736412742
move,1308,606,0,,1736412752.2649024,,1736412742
move,1305,612,4297.578522513798,,1736412752.2664633,,1736412742
move,1305,615,1914.6244674376142,,1736412752.2680302,,1736412742
move,1303,618,3570.903928425906,,1736412752.2690399,,1736412742
move,1302,624,11983.539319812091,,1736412752.2695475,,1736412742
move,1300,626,1763.0083523601493,,1736412752.2711518,,1736412742
move,1300,631,0,,1736412752.2711518,,1736412742
move,1299,635,2560.4913263178346,,1736412752.272762,,1736412742
move,1298,638,2854.218601066252,,1736412752.27387,,1736412742
move,1298,640,1791.6719350704827,,1736412752.2749863,,1736412742
move,1296,643,0,,1736412752.2749863,,1736412742
move,1296,647,2852.2978578714724,,1736412752.2763886,,1736412742
move,1296,650,2811.823910614525,,1736412752.2774556,,1736412742
move,1295,654,2628.200367469705,,1736412752.2790244,,1736412742
move,1295,657,2898.620594333103,,1736412752.2800593,,1736412742
move,1295,661,0,,1736412752.2800593,,1736412742
move,1293,664,2271.7107010490777,,1736412752.2816465,,1736412742
move,1293,666,0,,1736412752.2832088,,1736412742
move,1293,671,3200.292995574546,,1736412752.2832088,,1736412742
move,1293,672,604.6279371486233,,1736412752.2848628,,1736412742
move,1293,676,0,,1736412752.2848628,,1736412742
move,1293,678,1276.6105615583624,,1736412752.2864294,,1736412742
move,1293,681,1913.1689220009123,,1736412752.2879975,,1736412742
move,1293,683,0,,1736412752.2879975,,1736412742
move,1293,686,1912.8780784432959,,1736412752.2895658,,1736412742
move,1293,689,2980.3202273803886,,1736412752.2905724,,1736412742
move,1293,691,0,,1736412752.2921362,,1736412742
move,1293,694,1918.4192712303704,,1736412752.2921362,,1736412742
move,1293,696,1455.850052065255,,1736412752.29351,,1736412742
move,1293,699,1915.207305936073,,1736412752.2950764,,1736412742
move,1293,700,0,,1736412752.2950764,,1736412742
move,1293,702,1270.8086653537343,,1736412752.2966502,,1736412742
move,1293,705,0,,1736412752.2966502,,1736412742
move,1293,706,637.7229740003041,,1736412752.2982183,,1736412742
move,1293,708,1275.0582155342756,,1736412752.2997868,,1736412742
move,1293,711,2603.540657976412,,1736412752.300939,,1736412742
move,1293,712,0,,1736412752.300939,,1736412742
move,1293,715,1921.6420281001833,,1736412752.3025002,,1736412742
move,1293,717,1315.6537013801756,,1736412752.3040204,,1736412742
move,1293,718,0,,1736412752.3040204,,1736412742
move,1293,721,1924.2868940204924,,1736412752.3055794,,1736412742
move,1294,723,0,,1736412752.3071563,,1736412742
move,1295,726,1005.7289838606972,,1736412752.3087237,,1736412742
move,1295,729,0,,1736412752.3087237,,1736412742
move,1295,730,644.2863287250384,,1736412752.3102758,,1736412742
move,1295,732,1196.3217341699942,,1736412752.3119476,,1736412742
move,1296,733,0,,1736412752.3119476,,1736412742
move,1296,736,1892.4517972627464,,1736412752.3135328,,1736412742
move,1296,738,1320.0012588512982,,1736412752.315048,,1736412742
move,1297,739,0,,1736412752.315048,,1736412742
move,1297,741,1186.507496463932,,1736412752.3167336,,1736412742
move,1299,743,1799.1026998834463,,1736412752.3183057,,1736412742
move,1300,746,0,,1736412752.3183057,,1736412742
move,1300,747,627.4201944652207,,1736412752.3198996,,1736412742
move,1301,748,0,,1736412752.3198996,,1736412742
move,1301,751,1918.711802378774,,1736412752.321463,,1736412742
move,1301,753,1857.5305580159434,,1736412752.3225398,,1736412742
move,1304,754,0,,1736412752.3241966,,1736412742
move,1304,757,1376.9875246224556,,1736412752.3247185,,1736412742
move,1305,760,3053.304290781509,,1736412752.3257542,,1736412742
move,1306,761,0,,1736412752.3257542,,1736412742
move,1306,762,637.6260261477653,,1736412752.3273225,,1736412742
move,1308,765,2305.3015452566633,,1736412752.3288865,,1736412742
move,1309,766,0,,1736412752.3288865,,1736412742
move,1309,767,629.3973589435774,,1736412752.3304753,,1736412742
move,1310,769,0,,1736412752.332131,,1736412742
move,1313,771,1616.0267297375199,,1736412752.3327065,,1736412742
move,1313,772,1738.2113551595523,,1736412752.3332818,,1736412742
move,1315,773,1466.804639083403,,1736412752.3348062,,1736412742
move,1315,776,0,,1736412752.3348062,,1736412742
move,1316,777,895.747750153386,,1736412752.336385,,1736412742
move,1318,778,1427.9459290955053,,1736412752.337951,,1736412742
move,1319,779,0,,1736412752.337951,,1736412742
move,1321,782,2838.8920850166533,,1736412752.339221,,1736412742
move,1322,783,895.0719181402931,,1736412752.340801,,1736412742
move,1324,784,0,,1736412752.3421445,,1736412742
move,1325,785,601.2814598596779,,1736412752.343153,,1736412742
move,1326,786,0,,1736412752.343153,,1736412742
move,1328,787,1410.5502876070504,,1736412752.3447382,,1736412742
move,1329,789,0,,1736412752.3447382,,1736412742
move,1331,790,1409.2785668368563,,1736412752.346325,,1736412742
move,1333,791,1344.8162980067793,,1736412752.3479877,,1736412742
move,1333,792,771.1535208678066,,1736412752.3492844,,1736412742
move,1336,793,0,,1736412752.3492844,,1736412742
move,1337,794,887.8373898392041,,1736412752.3508773,,1736412742
move,1339,794,0,,1736412752.3508773,,1736412742
move,1340,796,1359.6330620903564,,1736412752.352522,,1736412742
move,1343,798,3396.8504350592343,,1736412752.3535833,,1736412742
move,1344,798,0,,1736412752.355029,,1736412742
move,1347,799,2187.261517011028,,1736412752.355029,,1736412742
move,1348,801,1406.9530246473564,,1736412752.3566184,,1736412742
move,1349,802,0,,1736412752.358189,,1736412742
move,1353,803,2625.008867327058,,1736412752.358189,,1736412742
move,1354,804,1034.4683644080437,,1736412752.3595562,,1736412742
move,1356,804,1315.0349584574385,,1736412752.361077,,1736412742
move,1359,806,0,,1736412752.361077,,1736412742
move,1360,806,642.4113953132179,,1736412752.3626337,,1736412742
move,1361,807,0,,1736412752.3642576,,1736412742
move,1365,807,2463.2529731316986,,1736412752.3642576,,1736412742
move,1366,807,622.300296735905,,1736412752.3658645,,1736412742
move,1369,808,0,,1736412752.3658645,,1736412742
move,1370,809,895.4772949148132,,1736412752.3674438,,1736412742
move,1372,809,1280.1171982298183,,1736412752.3690062,,1736412742
move,1373,809,934.351525952328,,1736412752.3700764,,1736412742
move,1376,809,0,,1736412752.3700764,,1736412742
move,1377,810,932.3548572014653,,1736412752.3715932,,1736412742
move,1379,810,0,,1736412752.3731585,,1736412742
move,1381,810,1277.7773038842345,,1736412752.3731585,,1736412742
move,1383,810,1278.556317634507,,1736412752.3747227,,1736412742
move,1384,810,0,,1736412752.3747227,,1736412742
move,1385,810,628.4543002697034,,1736412752.376314,,1736412742
move,1386,810,894.3078891257995,,1736412752.377432,,1736412742
move,1388,810,0,,1736412752.379013,,1736412742
move,1389,810,632.529633539436,,1736412752.379013,,1736412742
move,1391,810,1225.1508689937198,,1736412752.3806455,,1736412742
move,1394,810,1925.170134638923,,1736412752.3822038,,1736412742
move,1395,810,356.5675422936326,,1736412752.3850083,,1736412742
move,1396,810,630.532772098617,,1736412752.3865943,,1736412742
move,1398,810,1272.736762251555,,1736412752.3881657,,1736412742
move,1398,811,0,,1736412752.3881657,,1736412742
move,1398,811,0.0,,1736412752.3897626,,1736412742
move,1401,811,1415.8784741757624,,1736412752.3918815,,1736412742
move,1401,811,0.0,,1736412752.399969,,1736412742
move,1401,811,0.0,,1736412752.4015508,,1736412742
move,1401,809,0,,1736412752.4031394,,1736412742
move,1401,809,0.0,,1736412752.4042597,,1736412742
move,1395,809,11726.851817334576,,1736412752.4042597,,1736412742
move,1395,804,2838.2081472459063,,1736412752.4060214,,1736412742
move,1407,801,12244.6719976049,,1736412752.4070315,,1736412742
move,1407,800,725.1562932226833,,1736412752.4084105,,1736412742
move,1407,799,635.8859915100061,,1736412752.4099832,,1736412742
move,1406,799,9.996958704160093,,1736412752.5100136,,1736412742
move,1406,797,0,,1736412752.5100136,,1736412742
move,1406,796,608.1345512541685,,1736412752.5132205,,1736412742
move,1406,795,639.9609398840403,,1736412752.5132205,,1736412742
move,1406,793,1274.8644376899697,,1736412752.5147893,,1736412742
move,1406,792,660.9366530097699,,1736412752.5163023,,1736412742
move,1404,789,2314.4747684241984,,1736412752.5178602,,1736412742
move,1404,788,378.51313058388234,,1736412752.5221076,,1736412742
move,1404,786,1245.7095337095336,,1736412752.5221076,,1736412742
move,1405,786,636.3683811257775,,1736412752.523679,,1736412742
move,1404,783,2003.2553751933053,,1736412752.5252576,,1736412742
move,1404,782,639.180737580006,,1736412752.526822,,1736412742
move,1404,782,0,,1736412752.526822,,1736412742
move,1405,779,2007.5002026872824,,1736412752.5283973,,1736412742
move,1405,775,2547.4060127543275,,1736412752.5299675,,1736412742
move,1409,772,4666.559857587895,,1736412752.531039,,1736412742
move,1409,771,0,,1736412752.5321126,,1736412742
move,1409,770,931.4465911614479,,1736412752.5321126,,1736412742
move,1409,769,633.0069423483247,,1736412752.5336924,,1736412742
move,1410,768,953.1803955512972,,1736412752.535176,,1736412742
move,1410,766,0,,1736412752.5362747,,1736412742
move,1410,765,604.1054299294253,,1736412752.5368314,,1736412742
move,1410,764,982.2725995316159,,1736412752.5378494,,1736412742
move,1410,763,636.2718446601941,,1736412752.539421,,1736412742
move,1410,762,0,,1736412752.539421,,1736412742
move,1410,761,636.3683811257775,,1736412752.5415626,,1736412742
move,1410,760,1754.2049351735675,,1736412752.5426216,,1736412742
move,1410,757,2832.7131922557405,,1736412752.5426216,,1736412742
move,1410,756,588.674245614035,,1736412752.5443203,,1736412742
move,1410,755,633.1980676328502,,1736412752.5458996,,1736412742
move,1410,754,0,,1736412752.5458996,,1736412742
move,1410,753,637.3353593678772,,1736412752.5474687,,1736412742
move,1411,753,316.2409711226721,,1736412752.5506308,,1736412742
move,1412,753,0,,1736412752.5506308,,1736412742
move,1412,752,400.6403667972108,,1736412752.5534344,,1736412742
move,1412,750,6502.796899224806,,1736412752.5543058,,1736412742
move,1414,749,1623.4635385666052,,1736412752.5548117,,1736412742
move,1415,749,0,,1736412752.5548117,,1736412742
move,1416,748,903.9380678932829,,1736412752.5563762,,1736412742
move,1417,748,907.0726643598616,,1736412752.5574787,,1736412742
move,1418,747,891.707997822568,,1736412752.5590646,,1736412742
move,1419,747,633.9637243047158,,1736412752.560642,,1736412742
move,1420,747,0,,1736412752.5622115,,1736412742
move,1423,747,1139.7565217391304,,1736412752.5632741,,1736412742
move,1424,747,625.3621589384226,,1736412752.5648732,,1736412742
move,1425,747,0,,1736412752.566496,,1736412742
move,1426,747,616.2656479576845,,1736412752.566496,,1736412742
move,1429,747,0,,1736412752.5680664,,1736412742
move,1429,747,0.0,,1736412752.5680664,,1736412742
move,1431,748,1410.7624642447772,,1736412752.5696514,,1736412742
move,1432,748,0,,1736412752.571233,,1736412742
move,1434,751,2279.5866953397212,,1736412752.571233,,1736412742
move,1435,751,629.3029257314329,,1736412752.5733447,,1736412742
move,1437,752,4278.626305793467,,1736412752.5741324,,1736412742
move,1440,755,1812.6642359730229,,1736412752.5756853,,1736412742
move,1441,755,0,,1736412752.5772543,,1736412742
move,1444,758,2703.984926993947,,1736412752.5772543,,1736412742
move,1446,758,1261.065544197234,,1736412752.5788403,,1736412742
move,1447,759,0,,1736412752.5788403,,1736412742
move,1450,761,2309.173635193726,,1736412752.5804017,,1736412742
move,1451,761,885.8086589229144,,1736412752.5815306,,1736412742
move,1454,764,2716.782412907964,,1736412752.5830922,,1736412742
move,1456,764,3760.0215150156882,,1736412752.5841932,,1736412742
move,1458,767,3338.3616196211283,,1736412752.5847042,,1736412742
move,1460,768,0,,1736412752.5847042,,1736412742
move,1462,769,1434.717586400379,,1736412752.5862627,,1736412742
move,1464,770,1425.991920678011,,1736412752.5878308,,1736412742
move,1465,773,0,,1736412752.5878308,,1736412742
move,1468,774,1998.7272210902463,,1736412752.589413,,1736412742
move,1471,777,2661.520311777919,,1736412752.591007,,1736412742
move,1472,778,0,,1736412752.591007,,1736412742
move,1475,781,2694.1596978875345,,1736412752.5925817,,1736412742
move,1478,784,2783.501455427368,,1736412752.594106,,1736412742
move,1480,785,0,,1736412752.594106,,1736412742
move,1482,788,2272.3934089983036,,1736412752.5956926,,1736412742
move,1484,791,0,,1736412752.5956926,,1736412742
move,1487,794,2692.121755604715,,1736412752.5972686,,1736412742
move,1488,795,890.2358699558341,,1736412752.5988572,,1736412742
move,1491,797,0,,1736412752.5988572,,1736412742
move,1494,800,2526.9702931762517,,1736412752.600536,,1736412742
move,1497,803,2722.601714282002,,1736412752.6020944,,1736412742
move,1498,806,0,,1736412752.6020944,,1736412742
move,1503,809,3724.761629052273,,1736412752.604183,,1736412742
move,1504,811,4274.726008340601,,1736412752.604183,,1736412742
move,1507,814,3921.314412637101,,1736412752.605265,,1736412742
move,1508,817,2016.3505380290171,,1736412752.6068332,,1736412742
move,1511,822,0,,1736412752.6068332,,1736412742
move,1513,824,1806.2246046028388,,1736412752.6083992,,1736412742
move,1515,827,2286.1342610557385,,1736412752.6099763,,1736412742
move,1518,830,0,,1736412752.6099763,,1736412742
move,1520,833,1719.4744896968405,,1736412752.6120732,,1736412742
move,1522,836,0,,1736412752.613086,,1736412742
move,1524,838,2792.674953632638,,1736412752.613086,,1736412742
move,1527,843,3000.0962777670784,,1736412752.6150296,,1736412742
move,1528,845,2166.993729736432,,1736412752.6160614,,1736412742
move,1530,850,0,,1736412752.6160614,,1736412742
move,1533,854,3188.130130738826,,1736412752.6176298,,1736412742
move,1535,857,2233.133215724116,,1736412752.6192443,,1736412742
move,1537,860,0,,1736412752.6192443,,1736412742
move,1540,864,3171.7362371445856,,1736412752.6208208,,1736412742
move,1541,869,3173.5922157501514,,1736412752.6224275,,1736412742
move,1543,872,0,,1736412752.6224275,,1736412742
move,1546,876,4017.532567049808,,1736412752.623672,,1736412742
move,1547,879,2377.8332447391313,,1736412752.625002,,1736412742
move,1548,883,4090.2456050025203,,1736412752.62601,,1736412742
move,1551,886,8350.504366282104,,1736412752.626518,,1736412742
move,1553,890,4113.486343113718,,1736412752.6276052,,1736412742
move,1554,893,0,,1736412752.6291668,,1736412742
move,1557,898,3733.8602834133167,,1736412752.6291668,,1736412742
move,1559,902,2856.76176128519,,1736412752.6307323,,1736412742
move,1560,905,0,,1736412752.6307323,,1736412742
move,1563,908,2641.7643712213726,,1736412752.6323383,,1736412742
move,1563,910,1255.2159209935658,,1736412752.6339316,,1736412742
move,1566,915,0,,1736412752.6339316,,1736412742
move,1567,919,2712.715045953044,,1736412752.6354516,,1736412742
move,1568,920,896.4246035236092,,1736412752.6370292,,1736412742
move,1570,924,0,,1736412752.6370292,,1736412742
move,1571,927,2019.7280096170055,,1736412752.6385949,,1736412742
move,1573,931,0,,1736412752.6401706,,1736412742
move,1574,934,2006.892697708409,,1736412752.6401706,,1736412742
move,1575,938,3276.5362671372977,,1736412752.641429,,1736412742
move,1577,939,1446.8912160288921,,1736412752.6429744,,1736412742
move,1578,943,0,,1736412752.6429744,,1736412742
move,1578,946,2446.133748055988,,1736412752.6442008,,1736412742
move,1579,949,1753.5105551500365,,1736412752.6460042,,1736412742
move,1581,953,4437.543819398759,,1736412752.647012,,1736412742
move,1582,954,924.2196325203681,,1736412752.6485422,,1736412742
move,1583,957,0,,1736412752.6501107,,1736412742
move,1584,959,1425.5584226021094,,1736412752.6501107,,1736412742
move,1586,962,0,,1736412752.651688,,1736412742
move,1586,965,1901.8911729141475,,1736412752.651688,,1736412742
move,1587,966,1309.9915197693733,,1736412752.6527677,,1736412742
move,1588,968,0,,1736412752.6543324,,1736412742
move,1588,971,1917.250038092336,,1736412752.6543324,,1736412742
move,1589,972,903.1123023014194,,1736412752.6558983,,1736412742
move,1589,974,0,,1736412752.6558983,,1736412742
move,1591,977,2354.839323712817,,1736412752.6574295,,1736412742
move,1592,978,902.8373822702774,,1736412752.6589959,,1736412742
move,1592,981,0,,1736412752.6589959,,1736412742
move,1592,982,635.7896013339397,,1736412752.6605687,,1736412742
move,1593,983,0,,1736412752.6605687,,1736412742
move,1594,986,2026.2074303627978,,1736412752.6621294,,1736412742
move,1594,987,588.9222128615557,,1736412752.6638274,,1736412742
move,1594,988,0,,1736412752.6638274,,1736412742
move,1595,989,896.6956313704795,,1736412752.6660988,,1736412742
move,1595,990,801.510414676094,,1736412752.6666522,,1736412742
move,1596,991,933.08818648981,,1736412752.6681678,,1736412742
move,1598,992,0,,1736412752.6681678,,1736412742
move,1598,995,1932.2653562653563,,1736412752.6697204,,1736412742
move,1598,996,637.1417286951238,,1736412752.67129,,1736412742
move,1599,996,641.8215761285386,,1736412752.672848,,1736412742
move,1599,998,0,,1736412752.672848,,1736412742
move,1599,999,632.6250377073907,,1736412752.6744287,,1736412742
move,1599,1001,1270.616176916086,,1736412752.6760027,,1736412742
move,1600,1001,1744.7188019966723,,1736412752.6771438,,1736412742
move,1600,1002,1760.832913518052,,1736412752.6780093,,1736412742
move,1600,1003,697.5393314485282,,1736412752.6785774,,1736412742
move,1600,1004,638.7913493755711,,1736412752.6801429,,1736412742
move,1600,1005,863.0255144032922,,1736412752.6813016,,1736412742
move,1601,1006,888.369267862172,,1736412752.6828935,,1736412742
move,1601,1007,637.3353593678772,,1736412752.6844625,,1736412742
move,1601,1009,838.2740081942641,,1736412752.6868484,,1736412742
move,1601,1010,991.3268730796502,,1736412752.6878572,,1736412742
move,1601,1011,1672.3700159489633,,1736412752.688455,,1736412742
move,1601,1012,288.07032967032967,,1736412752.6919265,,1736412742
move,1601,1013,605.4133949191686,,1736412752.6935782,,1736412742
move,1601,1014,497.66302800189845,,1736412752.6955876,,1736412742
move,1601,1015,1001.9837553750597,,1736412752.6965857,,1736412742
move,1601,1017,1997.287619047619,,1736412752.6990058,,1736412742
move,1601,1018,292.6530840078147,,1736412752.701004,,1736412742
move,1601,1019,1000.3109945146673,,1736412752.7020037,,1736412742
move,1601,1020,999.8340882002384,,1736412752.7043164,,1736412742
move,1601,1021,432.49164776242526,,1736412752.7063162,,1736412742
move,1601,1022,499.9170441001192,,1736412752.7083154,,1736412742
move,1601,1023,411.3675951353472,,1736412752.7097473,,1736412742
move,1601,1025,1302.5788819875777,,1736412752.7112827,,1736412742
move,1601,1026,0,,1736412752.7129834,,1736412742
move,1600,1027,428.6797428283387,,1736412752.715592,,1736412742
move,1600,1028,448.63664563054874,,1736412752.7168107,,1736412742
move,1600,1029,450.6612227355754,,1736412752.7190297,,1736412742
move,1599,1030,496.82901428224494,,1736412752.7218761,,1736412742
move,1599,1031,0,,1736412752.7218761,,1736412742
move,1599,1032,308.15546249357135,,1736412752.7261229,,1736412742
move,1597,1034,1873.2485714560942,,1736412752.7266312,,1736412742
move,1597,1035,988.7562470532768,,1736412752.7276425,,1736412742
move,1596,1035,743.53908881404,,1736412752.7289875,,1736412742
move,1596,1036,1000.3109945146673,,1736412752.7313588,,1736412742
move,1596,1037,422.9408087123122,,1736412752.7323515,,1736412742
move,1596,1038,400.29623974040845,,1736412752.7348497,,1736412742
move,1595,1039,564.2196900519093,,1736412752.7373562,,1736412742
move,1595,1040,381.43906875227356,,1736412752.7399778,,1736412742
move,1594,1040,867.129212321687,,1736412752.742639,,1736412742
move,1594,1042,1326.2621343873518,,1736412752.742639,,1736412742
move,1593,1042,730.0790252393385,,1736412752.7452435,,1736412742
move,1593,1043,266.20360497588223,,1736412752.7477653,,1736412742
move,1592,1043,794.3757575757576,,1736412752.7490242,,1736412742
move,1592,1044,310.6431639757073,,1736412752.7522433,,1736412742
move,1591,1044,309.01819789287555,,1736412752.7554793,,1736412742
move,1591,1045,730.5877024908552,,1736412752.758159,,1736412742
move,1588,1045,1041.7180230151503,,1736412752.759728,,1736412742
move,1588,1046,953.4676062741532,,1736412752.7622283,,1736412742
move,1587,1046,289.54190252657736,,1736412752.7642305,,1736412742
move,1586,1046,663.026240910528,,1736412752.76727,,1736412742
move,1586,1047,282.1597040026909,,1736412752.7692828,,1736412742
move,1585,1047,1001.0272076372315,,1736412752.7702818,,1736412742
move,1584,1047,500.4538837847512,,1736412752.77228,,1736412742
move,1583,1047,585.6330633901144,,1736412752.7744977,,1736412742
move,1583,1048,1959.955140186916,,1736412752.7744977,,1736412742
move,1581,1048,993.6754323619996,,1736412752.7765105,,1736412742
move,1580,1048,743.8028019152332,,1736412752.777855,,1736412742
move,1579,1048,603.9314614830813,,1736412752.7795107,,1736412742
move,1579,1050,1996.3369823893383,,1736412752.7812636,,1736412742
move,1578,1050,531.8671062642658,,1736412752.7823927,,1736412742
move,1577,1050,426.1637878479984,,1736412752.785297,,1736412742
move,1577,1051,468.4802859376745,,1736412752.7868738,,1736412742
move,1576,1051,510.25596107055964,,1736412752.7894113,,1736412742
move,1575,1051,606.0257188267591,,1736412752.7904837,,1736412742
move,1573,1051,570.7700891338368,,1736412752.7939878,,1736412742
move,1573,1052,0,,1736412752.794989,,1736412742
move,1572,1052,145.7367616400278,,1736412752.8008494,,1736412742
move,1572,1053,1000.3109945146673,,1736412752.8018491,,1736412742
move,1571,1053,662.2933838623086,,1736412752.803359,,1736412742
move,1571,1054,115.05428610615827,,1736412752.8120506,,1736412742
move,1571,1055,136.13008341176854,,1736412752.8193965,,1736412742
move,1571,1056,80.54043051635078,,1736412752.8331954,,1736412742
move,1571,1058,513.0960915040675,,1736412752.8357105,,1736412742
move,1571,1059,120.03960962765805,,1736412752.844041,,1736412742
move,1571,1060,387.50036954915004,,1736412752.8466218,,1736412742
move,1571,1061,126.7161329305136,,1736412752.8545134,,1736412742
move,1571,1061,0.0,,1736412752.8596742,,1736412742
move,1571,1062,999.8340882002384,,1736412752.8606744,,1736412742
move,1571,1063,284.99721410613574,,1736412752.8651931,,1736412742
move,1571,1064,137.1987831605116,,1736412752.871472,,1736412742
move,1571,1065,307.974447463103,,1736412752.874719,,1736412742
move,1571,1067,247.53188350202132,,1736412752.8827987,,1736412742
move,1572,1067,992.734674556213,,1736412752.883806,,1736412742
move,1572,1068,66.40024063197556,,1736412752.8988662,,1736412742
move,1574,1068,998.7627098464103,,1736412752.9008687,,1736412742
move,1575,1068,41.46003064300895,,1736412752.9249883,,1736412742
move,1576,1068,190.66751522865715,,1736412752.930233,,1736412742
move,1576,1068,0.0,,1736412752.9350157,,1736412742
move,1577,1068,1000.072484501669,,1736412752.9370234,,1736412742
move,1578,1066,311.9283221571583,,1736412752.9441943,,1736412742
move,1579,1066,989.9230587679962,,1736412752.9441943,,1736412742
move,1580,1066,248.44828811752163,,1736412752.9492264,,1736412742
move,1582,1066,463.0241209913341,,1736412752.9525387,,1736412742
move,1583,1066,497.7811535722763,,1736412752.9545476,,1736412742
move,1583,1065,1001.5052531041069,,1736412752.9555461,,1736412742
move,1584,1065,267.2212028542304,,1736412752.9592884,,1736412742
move,1584,1064,632.8159324079662,,1736412752.9608686,,1736412742
move,1585,1064,989.4560037744751,,1736412752.9618793,,1736412742
move,1586,1064,335.43698016634676,,1736412752.9648604,,1736412742
move,1587,1064,495.9564857514485,,1736412752.9668767,,1736412742
move,1588,1063,562.0278189800761,,1736412752.969393,,1736412742
move,1589,1063,499.79790276453764,,1736412752.9713938,,1736412742
move,1591,1063,999.7149326659517,,1736412752.9733944,,1736412742
move,1592,1063,349.05992010652466,,1736412752.9772694,,1736412742
move,1593,1063,497.54495848161326,,1736412752.978269,,1736412742
move,1593,1062,998.1684911946692,,1736412752.979271,,1736412742
move,1594,1062,999.5958055290753,,1736412752.9802713,,1736412742
move,1595,1062,258.9715979254137,,1736412752.9851418,,1736412742
move,1596,1062,497.6039862379879,,1736412752.9871418,,1736412742
move,1597,1061,474.37952667272253,,1736412752.9891236,,1736412742
move,1599,1061,465.4390501026466,,1736412752.9934206,,1736412742
move,1600,1061,257.09844305504475,,1736412752.9983099,,1736412742
move,1601,1061,133.11025071405902,,1736412753.0048227,,1736412742
move,1601,1060,250.00321869225726,,1736412753.0088227,,1736412742
click_press,1601,1060,,Button.left,1736412753.0726204,,1736412742
click_release,1601,1060,,Button.left,1736412753.129259,,1736412742
move,1601,1060,0.0,,1736412753.2457204,,1736412742
move,1601,1059,85.33506947976643,,1736412753.257439,,1736412742
move,1600,1059,195.83994023439323,,1736412753.262545,,1736412742
move,1600,1057,1994.4384213029007,,1736412753.263548,,1736412742
move,1600,1056,69.51232204710055,,1736412753.2779338,,1736412742
move,1600,1055,204.71003953340818,,1736412753.2828188,,1736412742
move,1600,1054,141.95363319457135,,1736412753.2898633,,1736412742
move,1600,1053,474.8985507246377,,1736412753.291969,,1736412742
move,1600,1052,165.92705119075876,,1736412753.2979958,,1736412742
move,1600,1052,0.0,,1736412753.3022327,,1736412742
move,1600,1051,618.4464759657918,,1736412753.3022327,,1736412742
move,1600,1049,1262.583985550873,,1736412753.3038168,,1736412742
move,1600,1048,327.65440199984374,,1736412753.3068688,,1736412742
move,1601,1047,737.2162069992198,,1736412753.308787,,1736412742
move,1601,1045,684.1699698230161,,1736412753.3117104,,1736412742
move,1601,1044,0,,1736412753.3117104,,1736412742
move,1601,1042,648.8210998530435,,1736412753.3147929,,1736412742
move,1601,1041,992.969696969697,,1736412753.3158,,1736412742
move,1601,1039,1108.2848460827058,,1736412753.3176045,,1736412742
move,1601,1038,636.4649468892261,,1736412753.3191757,,1736412742
move,1601,1037,637.916958174905,,1736412753.3207433,,1736412742
move,1601,1034,2971.1716646989375,,1736412753.3222613,,1736412742
move,1601,1033,1967.3095684803002,,1736412753.3222613,,1736412742
move,1601,1032,638.0139945238819,,1736412753.3238287,,1736412742
move,1601,1031,905.5060449050086,,1736412753.324933,,1736412742
move,1601,1030,0,,1736412753.3264592,,1736412742
move,1601,1029,655.2576159975004,,1736412753.3264592,,1736412742
move,1601,1026,1874.968261063925,,1736412753.3280592,,1736412742
move,1601,1025,0,,1736412753.3280592,,1736412742
move,1601,1023,1281.2903619978615,,1736412753.3296201,,1736412742
move,1601,1021,0,,1736412753.3312922,,1736412742
move,1601,1019,1196.1511478682446,,1736412753.3312922,,1736412742
move,1601,1016,1558.641397250093,,1736412753.333217,,1736412742
move,1601,1014,1338.9637669592976,,1736412753.3347106,,1736412742
move,1601,1011,0,,1736412753.3357203,,1736412742
move,1601,1007,3961.5622195985834,,1736412753.3357203,,1736412742
move,1601,1004,3003.0816229116945,,1736412753.3367193,,1736412742
move,1601,1002,1326.681638462755,,1736412753.3382268,,1736412742
move,1601,997,0,,1736412753.3382268,,1736412742
move,1593,956,3947.760080491375,,1736412753.3488083,,1736412742
move,1593,952,2544.7013499165782,,1736412753.3503802,,1736412742
move,1592,947,5053.600647906491,,1736412753.3513892,,1736412742
move,1590,943,0,,1736412753.3529692,,1736412742
move,1589,938,2424.8115580431145,,1736412753.353492,,1736412742
move,1586,926,12273.639757239642,,1736412753.3544998,,1736412742
move,1584,922,2757.2391187121207,,1736412753.3561218,,1736412742
move,1581,917,4759.981482358355,,1736412753.3573468,,1736412742
move,1580,911,7869.511169611334,,1736412753.3581197,,1736412742
move,1576,904,6355.113685908588,,1736412753.3593884,,1736412742
move,1575,900,8119.041510774956,,1736412753.3598962,,1736412742
move,1573,894,6274.150349647528,,1736412753.3609042,,1736412742
move,1570,887,4851.589854346509,,1736412753.362474,,1736412742
move,1569,881,5090.374144429358,,1736412753.363669,,1736412742
move,1559,863,20417.49535832735,,1736412753.3646774,,1736412742
move,1558,854,0,,1736412753.3664153,,1736412742
move,1552,842,7720.193877595784,,1736412753.3664153,,1736412742
move,1550,834,5657.03579259099,,1736412753.3684213,,1736412742
move,1544,822,24466.30137991116,,1736412753.3684213,,1736412742
move,1540,810,8129.6683047225715,,1736412753.3699772,,1736412742
move,1537,801,7580.617549526504,,1736412753.3712287,,1736412742
move,1533,790,0,,1736412753.3728306,,1736412742
move,1523,766,16230.377139455277,,1736412753.3728306,,1736412742
move,1520,760,3079.374694855843,,1736412753.375009,,1736412742
move,1516,748,12533.478704611269,,1736412753.3760183,,1736412742
move,1512,734,28684.82294884813,,1736412753.3775346,,1736412742
move,1506,720,11327.258014545183,,1736412753.3778706,,1736412742
move,1504,711,6251.1432582284815,,1736412753.3793454,,1736412742
move,1500,700,0,,1736412753.3809068,,1736412742
move,1495,690,4929.438064910795,,1736412753.3816135,,1736412742
move,1490,676,14333.979680724828,,1736412753.3826506,,1736412742
move,1485,665,0,,1736412753.3826506,,1736412742
move,1481,655,6907.345043187608,,1736412753.3842099,,1736412742
move,1477,646,0,,1736412753.3842099,,1736412742
move,1471,635,7227.957431764591,,1736412753.3859434,,1736412742
move,1466,623,8004.396946564885,,1736412753.3880947,,1736412742
move,1456,604,15336.431542666744,,1736412753.3889675,,1736412742
move,1453,595,0,,1736412753.3889675,,1736412742
move,1447,586,6951.936011439035,,1736412753.3915355,,1736412742
move,1442,577,6810.125009125113,,1736412753.3920352,,1736412742
move,1438,568,9761.130357633414,,1736412753.3940542,,1736412742
move,1429,554,16479.492674761586,,1736412753.3940542,,1736412742
move,1426,548,3437.117833728052,,1736412753.3960059,,1736412742
move,1421,541,6144.544835977173,,1736412753.3974059,,1736412742
move,1416,528,12614.96321842938,,1736412753.3995311,,1736412742
move,1413,521,4575.031166000776,,1736412753.4001746,,1736412742
move,1409,512,9793.528609176057,,1736412753.4011803,,1736412742
move,1406,506,5095.2999976272795,,1736412753.4024968,,1736412742
move,1401,497,6828.431796784052,,1736412753.4040046,,1736412742
move,1396,488,10203.92312922078,,1736412753.4050136,,1736412742
move,1391,477,6834.790028217344,,1736412753.4067814,,1736412742
move,1390,472,4930.114786062764,,1736412753.408534,,1736412742
move,1387,468,2992.511415525114,,1736412753.4094865,,1736412742
move,1386,464,3653.0541651775784,,1736412753.4106152,,1736412742
move,1382,457,7886.091399887966,,1736412753.4116375,,1736412742
move,1378,447,6887.335963172275,,1736412753.4135842,,1736412742
move,1372,432,5423.487663972341,,1736412753.4161801,,1736412742
move,1370,425,5206.307592335692,,1736412753.4180856,,1736412742
move,1369,421,8130.492909238673,,1736412753.4180856,,1736412742
move,1367,418,2211.9026088757805,,1736412753.4197156,,1736412742
move,1364,408,0,,1736412753.4213514,,1736412742
move,1363,402,2899.199455895448,,1736412753.4218137,,1736412742
move,1361,397,5353.642638355885,,1736412753.4228196,,1736412742
move,1360,393,4084.449319308138,,1736412753.423829,,1736412742
move,1359,388,3174.0632148916993,,1736412753.4254355,,1736412742
move,1359,384,7615.622333182025,,1736412753.4264805,,1736412742
move,1357,380,4292.333575423011,,1736412753.4270027,,1736412742
move,1356,374,0,,1736412753.4286485,,1736412742
move,1354,371,2190.7544744145607,,1736412753.4286485,,1736412742
move,1353,367,2617.0639252346637,,1736412753.430224,,1736412742
move,1353,362,0,,1736412753.430224,,1736412742
move,1351,358,2848.5190166436682,,1736412753.431794,,1736412742
move,1350,353,3218.0014959284185,,1736412753.4333785,,1736412742
move,1350,349,0,,1736412753.4333785,,1736412742
move,1348,345,2601.5946913451535,,1736412753.4350975,,1736412742
move,1348,341,0,,1736412753.4350975,,1736412742
move,1347,336,3245.347183905959,,1736412753.4366686,,1736412742
move,1347,332,2390.9385777397747,,1736412753.4383416,,1736412742
move,1345,329,0,,1736412753.4383416,,1736412742
move,1345,321,4839.814221837589,,1736412753.4399946,,1736412742
move,1345,316,3096.79858239811,,1736412753.4416091,,1736412742
move,1345,314,0,,1736412753.4416091,,1736412742
move,1345,309,2218.9736535816314,,1736412753.4438624,,1736412742
move,1345,305,6605.203149606299,,1736412753.444468,,1736412742
move,1345,303,1574.142991180334,,1736412753.4457386,,1736412742
move,1345,298,0,,1736412753.4457386,,1736412742
move,1345,296,1247.9333531686998,,1736412753.4473412,,1736412742
move,1345,292,2506.3065431729906,,1736412753.4489372,,1736412742
move,1345,289,0,,1736412753.4489372,,1736412742
move,1345,286,1964.2385263815174,,1736412753.4504645,,1736412742
move,1345,282,0,,1736412753.452029,,1736412742
move,1346,279,2021.2669672592008,,1736412753.452029,,1736412742
move,1346,277,878.1124254160997,,1736412753.4543066,,1736412742
move,1347,272,8561.584444331573,,1736412753.4549022,,1736412742
move,1347,270,1146.768010936432,,1736412753.4566462,,1736412742
move,1349,267,0,,1736412753.4566462,,1736412742
move,1349,265,1450.3125864453666,,1736412753.4580252,,1736412742
move,1349,262,0,,1736412753.4580252,,1736412742
move,1350,259,2015.1251654747607,,1736412753.4595945,,1736412742
move,1351,257,1472.0999626902021,,1736412753.4611135,,1736412742
move,1353,252,0,,1736412753.4611135,,1736412742
move,1354,251,909.0638469755896,,1736412753.4626691,,1736412742
move,1354,249,0,,1736412753.4642608,,1736412742
move,1355,246,1467.6943498013584,,1736412753.4648237,,1736412742
move,1357,243,3577.6622041361984,,1736412753.4658315,,1736412742
move,1358,240,0,,1736412753.4658315,,1736412742
move,1359,239,757.7467554312369,,1736412753.4676979,,1736412742
move,1361,237,3304.53571115082,,1736412753.4690614,,1736412742
move,1362,234,6229.945438776362,,1736412753.4690614,,1736412742
move,1363,231,1470.297510160168,,1736412753.4712121,,1736412742
move,1366,229,3570.903928425906,,1736412753.4727283,,1736412742
move,1367,227,4415.606808992127,,1736412753.4737375,,1736412742
move,1368,225,2215.6269459719533,,1736412753.4737375,,1736412742
move,1371,223,2242.404824567573,,1736412753.4753454,,1736412742
move,1373,221,0,,1736412753.4753454,,1736412742
move,1374,218,1966.136056797343,,1736412753.4769537,,1736412742
move,1377,215,0,,1736412753.4785535,,1736412742
move,1378,214,884.0002386759646,,1736412753.4785535,,1736412742
move,1379,213,927.1087217123668,,1736412753.480079,,1736412742
move,1382,212,0,,1736412753.480079,,1736412742
move,1384,209,2272.0520037385386,,1736412753.4816658,,1736412742
move,1387,206,0,,1736412753.483238,,1736412742
move,1388,205,597.1050535047033,,1736412753.4840343,,1736412742
move,1391,204,3140.789448059407,,1736412753.4850411,,1736412742
move,1392,201,3004.883062789958,,1736412753.4860935,,1736412742
move,1395,199,2313.058754494297,,1736412753.4876523,,1736412742
move,1398,198,6235.803403457863,,1736412753.4891672,,1736412742
move,1402,195,4961.324816654838,,1736412753.4891672,,1736412742
move,1406,191,3209.7627713829665,,1736412753.4909296,,1736412742
move,1408,190,1400.2312425051177,,1736412753.4925265,,1736412742
move,1410,189,0,,1736412753.4925265,,1736412742
move,1411,188,810.88743698096,,1736412753.4942706,,1736412742
move,1415,186,2548.2268339354105,,1736412753.4960256,,1736412742
move,1417,185,4300.205805730985,,1736412753.4965456,,1736412742
move,1420,184,3136.33337412033,,1736412753.4975538,,1736412742
move,1426,181,3676.9794285020694,,1736412753.4993782,,1736412742
move,1428,179,0,,1736412753.4993782,,1736412742
move,1431,178,1804.3196625159671,,1736412753.5011308,,1736412742
move,1434,177,4936.194208840668,,1736412753.5027795,,1736412742
move,1436,175,2805.8853365731893,,1736412753.5027795,,1736412742
move,1441,174,3014.3534801889036,,1736412753.504471,,1736412742
move,1446,172,3264.4917316409133,,1736412753.5061207,,1736412742
move,1449,170,3458.215901414066,,1736412753.5071633,,1736412742
move,1453,168,2799.626526059486,,1736412753.5087607,,1736412742
move,1456,168,0,,1736412753.5087607,,1736412742
move,1459,167,2016.3505380290171,,1736412753.510329,,1736412742
move,1461,165,0,,1736412753.510329,,1736412742
move,1466,164,3114.8904663472576,,1736412753.511966,,1736412742
move,1469,163,1934.8729159963348,,1736412753.5136003,,1736412742
move,1473,163,0,,1736412753.5136003,,1736412742
move,1476,161,2308.116321258198,,1736412753.5151625,,1736412742
move,1478,160,0,,1736412753.5151625,,1736412742
move,1483,158,2173.9189885681885,,1736412753.5176396,,1736412742
move,1485,158,1973.3258056927782,,1736412753.5186532,,1736412742
move,1488,158,3007.3881453154877,,1736412753.5196507,,1736412742
move,1492,157,4125.371760007313,,1736412753.5206501,,1736412742
move,1495,156,3418.4417111223906,,1736412753.5215752,,1736412742
move,1497,156,1987.3508647239992,,1736412753.5225816,,1736412742
move,1502,154,0,,1736412753.5225816,,1736412742
move,1505,153,1919.1945940030205,,1736412753.5242293,,1736412742
move,1509,153,2484.041456914421,,1736412753.5258396,,1736412742
move,1516,151,13911.15901095619,,1736412753.5273707,,1736412742
move,1518,151,1984.5299266619352,,1736412753.5273707,,1736412742
move,1523,150,3117.6148603411475,,1736412753.5290062,,1736412742
move,1526,148,0,,1736412753.5305789,,1736412742
move,1530,148,1904.5539788852311,,1736412753.5311065,,1736412742
move,1534,148,2640.0025177025964,,1736412753.5326216,,1736412742
move,1540,148,5950.7741782927405,,1736412753.53363,,1736412742
move,1543,147,0,,1736412753.5351248,,1736412742
move,1546,147,1479.1244857176443,,1736412753.5356581,,1736412742
move,1550,146,4097.028765209821,,1736412753.5366645,,1736412742
move,1554,146,3137.687675331962,,1736412753.5379393,,1736412742
move,1557,146,1861.3775147928993,,1736412753.539551,,1736412742
move,1561,144,0,,1736412753.539551,,1736412742
move,1566,144,3155.0353542951707,,1736412753.5411358,,1736412742
move,1570,143,2538.317689410048,,1736412753.5427601,,1736412742
move,1574,141,0,,1736412753.5427601,,1736412742
move,1581,141,4577.506704084814,,1736412753.5442894,,1736412742
move,1586,141,3052.622998544396,,1736412753.5459273,,1736412742
move,1590,140,0,,1736412753.5459273,,1736412742
move,1594,138,2846.789759386638,,1736412753.5474982,,1736412742
move,1599,138,3079.9706271111763,,1736412753.5491216,,1736412742
move,1601,137,1919.514707797642,,1736412753.5502865,,1736412742
move,1607,137,0,,1736412753.551929,,1736412742
move,1610,137,1826.522281898679,,1736412753.551929,,1736412742
move,1614,135,2844.631138095019,,1736412753.5535011,,1736412742
move,1620,134,6022.888388073641,,1736412753.555018,,1736412742
move,1627,134,13810.03198494826,,1736412753.555018,,1736412742
move,1632,132,3386.3595639015707,,1736412753.5566082,,1736412742
move,1638,131,5993.177169809712,,1736412753.5576231,,1736412742
move,1642,129,2550.999282551143,,1736412753.5593762,,1736412742
move,1645,129,2971.1716646989375,,1736412753.560386,,1736412742
move,1651,129,6003.297709923664,,1736412753.5613854,,1736412742
move,1655,128,4112.617935303367,,1736412753.562388,,1736412742
move,1659,128,0,,1736412753.562388,,1736412742
move,1664,126,3121.0471592128615,,1736412753.5641134,,1736412742
move,1670,126,3950.0587035002354,,1736412753.5656323,,1736412742
move,1674,125,2874.1164065066737,,1736412753.567067,,1736412742
move,1679,124,3619.979340206545,,1736412753.5684755,,1736412742
move,1683,124,12557.79640718563,,1736412753.568794,,1736412742
move,1687,122,5898.5841901253325,,1736412753.5700605,,1736412742
move,1693,121,11966.676928649129,,1736412753.571072,,1736412742
move,1702,119,6039.28973846656,,1736412753.5726023,,1736412742
move,1706,119,2628.8335944844875,,1736412753.5731087,,1736412742
move,1712,118,6004.46109952458,,1736412753.5741217,,1736412742
move,1717,118,2913.9252466305406,,1736412753.5758376,,1736412742
move,1721,116,0,,1736412753.5774484,,1736412742
move,1727,115,3776.3403214742366,,1736412753.5774484,,1736412742
move,1732,113,3549.1857780049463,,1736412753.5789657,,1736412742
move,1740,112,0,,1736412753.5789657,,1736412742
move,1745,110,3346.224932033108,,1736412753.580575,,1736412742
move,1749,109,3211.431461086473,,1736412753.5818589,,1736412742
move,1753,107,0,,1736412753.583463,,1736412742
move,1758,107,1910.67055393586,,1736412753.5844758,,1736412742
move,1760,106,2227.202294537943,,1736412753.5858417,,1736412742
move,1767,104,7315.523246058657,,1736412753.586475,,1736412742
move,1771,103,8058.508116472813,,1736412753.5869865,,1736412742
move,1775,103,2254.093241972323,,1736412753.588761,,1736412742
move,1778,101,3532.5340193608295,,1736412753.5897818,,1736412742
move,1782,100,0,,1736412753.5897818,,1736412742
move,1787,99,3049.164234664994,,1736412753.591454,,1736412742
move,1794,97,5785.334223010389,,1736412753.5927124,,1736412742
move,1796,96,0,,1736412753.5943666,,1736412742
move,1801,94,3255.5517859935826,,1736412753.5943666,,1736412742
move,1805,94,2479.6358261897726,,1736412753.5959797,,1736412742
move,1809,93,0,,1736412753.5959797,,1736412742
move,1812,91,1780.8264409896033,,1736412753.5980043,,1736412742
move,1817,90,5063.171861254799,,1736412753.5990114,,1736412742
move,1819,90,2163.127385250129,,1736412753.599936,,1736412742
move,1822,89,3134.110075414668,,1736412753.600945,,1736412742
move,1826,87,0,,1736412753.600945,,1736412742
move,1829,86,1371.7606618217887,,1736412753.6037,,1736412742
move,1832,86,2068.877342979283,,1736412753.6047003,,1736412742
move,1836,84,8802.204469544138,,1736412753.6052084,,1736412742
move,1839,84,1959.955140186916,,1736412753.606739,,1736412742
move,1841,83,1417.5859828142802,,1736412753.6083164,,1736412742
move,1846,81,0,,1736412753.6083164,,1736412742
move,1847,80,861.4059833743426,,1736412753.6099582,,1736412742
move,1852,80,0,,1736412753.6110535,,1736412742
move,1856,79,1960.7209090647002,,1736412753.612061,,1736412742
move,1858,78,2352.332295535309,,1736412753.6130116,,1736412742
move,1861,78,2892.623448275862,,1736412753.6140487,,1736412742
move,1862,77,1714.3472836750643,,1736412753.6148736,,1736412742
move,1865,77,5926.948657560057,,1736412753.6153798,,1736412742
move,1867,75,1854.7972487541347,,1736412753.6169047,,1736412742
move,1870,74,2453.033815268148,,1736412753.6181939,,1736412742
move,1873,74,2954.4287391406433,,1736412753.6192093,,1736412742
move,1874,73,0,,1736412753.6208696,,1736412742
move,1876,73,1204.5674899483056,,1736412753.6208696,,1736412742
move,1879,71,2258.8167493478286,,1736412753.6224658,,1736412742
move,1880,71,832.3683270490177,,1736412753.6236672,,1736412742
move,1883,70,5617.7695210312895,,1736412753.6242301,,1736412742
move,1884,70,936.4375976780532,,1736412753.625298,,1736412742
move,1885,69,897.6455208104907,,1736412753.6268735,,1736412742
move,1886,69,0,,1736412753.628224,,1736412742
move,1890,68,1979.8006202576596,,1736412753.629464,,1736412742
move,1891,68,984.1163772876583,,1736412753.6299722,,1736412742
move,1892,67,0,,1736412753.631556,,1736412742
move,1894,67,1262.7740478699384,,1736412753.631556,,1736412742
move,1895,65,1427.0768201916126,,1736412753.633123,,1736412742
move,1897,65,0,,1736412753.6349022,,1736412742
move,1898,64,794.8065927262123,,1736412753.6349022,,1736412742
move,1899,64,559.3897039210456,,1736412753.63669,,1736412742
move,1900,63,0,,1736412753.6383753,,1736412742
move,1901,63,452.1673134971971,,1736412753.6389015,,1736412742
move,1901,62,988.9893892949776,,1736412753.6399126,,1736412742
move,1902,62,1973.7901176470589,,1736412753.6404192,,1736412742
move,1903,62,994.1464802085802,,1736412753.6414251,,1736412742
move,1903,61,948.7229133680163,,1736412753.6424792,,1736412742
move,1904,61,0,,1736412753.6424792,,1736412742
move,1906,60,1415.4465533201446,,1736412753.644059,,1736412742
move,1907,60,891.4567481402763,,1736412753.646183,,1736412742
move,1907,59,340.889466840052,,1736412753.649126,,1736412742
move,1908,59,750.5912670007158,,1736412753.6494465,,1736412742
move,1909,59,993.2048306890836,,1736412753.6504533,,1736412742
move,1910,57,792.3248172931721,,1736412753.6532755,,1736412742
move,1910,56,297.46836879432624,,1736412753.6571457,,1736412742
move,1911,56,561.9378349410504,,1736412753.6584167,,1736412742
move,1911,55,314.74591025063785,,1736412753.6632047,,1736412742
move,1912,55,620.8265245707519,,1736412753.6632047,,1736412742
move,1912,54,381.0232558139535,,1736412753.6658292,,1736412742
move,1914,54,267.2552567860329,,1736412753.6733127,,1736412742
move,1914,53,390.5674643821585,,1736412753.675873,,1736412742
move,1915,53,577.3302133516862,,1736412753.6776052,,1736412742
move,1915,52,316.1694557515453,,1736412753.680768,,1736412742
move,1916,52,311.6124814264487,,1736412753.6839771,,1736412742
move,1916,51,103.59887368473052,,1736412753.6936297,,1736412742
move,1917,51,1000.3109945146673,,1736412753.6946294,,1736412742
move,1917,49,362.20241796200344,,1736412753.7011497,,1736412742
move,1918,49,157.0018341755568,,1736412753.7065206,,1736412742
move,1918,48,141.94402517851705,,1736412753.7135656,,1736412742
move,1919,48,500.3344864606943,,1736412753.7155643,,1736412742
move,1919,47,240.3199449951298,,1736412753.7197254,,1736412742
move,1920,47,142.23283258164062,,1736412753.726756,,1736412742
move,1919,46,438.698439576638,,1736412753.7299798,,1736412742
move,1921,46,417.5098546685248,,1736412753.7353115,,1736412742
move,1919,45,700.6909870974433,,1736412753.7379613,,1736412742
move,1920,45,280.49916404734836,,1736412753.7415264,,1736412742
move,1919,44,343.0677617996369,,1736412753.7461631,,1736412742
move,1920,44,130.87568647029457,,1736412753.7532895,,1736412742
move,1919,43,872.6852437127736,,1736412753.75491,,1736412742
move,1919,41,233.78969370976282,,1736412753.7634647,,1736412742
move,1920,41,228.31114256164608,,1736412753.7678447,,1736412742
move,1919,40,138.67075631831028,,1736412753.778043,,1736412742
move,1919,39,11.214026944867028,,1736412753.867217,,1736412742
move,1919,38,47.922306136672645,,1736412753.8880842,,1736412742
move,1919,38,0.0,,1736412753.8951807,,1736412742
move,1919,37,234.33175037711604,,1736412753.898878,,1736412742
move,1918,37,656.180225281602,,1736412753.900402,,1736412742
move,1917,37,315.2189989478431,,1736412753.9051328,,1736412742
move,1917,36,471.37603955945156,,1736412753.905696,,1736412742
move,1917,35,368.7948650312143,,1736412753.9084074,,1736412742
move,1915,35,1165.4081689358154,,1736412753.9101236,,1736412742
move,1914,34,446.1222624485351,,1736412753.9132936,,1736412742
move,1913,34,387.2499307543163,,1736412753.915876,,1736412742
move,1913,32,3905.310986964618,,1736412753.9174006,,1736412742
move,1912,32,383.6721551408708,,1736412753.9189944,,1736412742
move,1912,31,655.0529439325317,,1736412753.920521,,1736412742
move,1911,31,636.4649468892261,,1736412753.9220922,,1736412742
move,1911,30,629.5863104172921,,1736412753.9236805,,1736412742
move,1910,30,0,,1736412753.9236805,,1736412742
move,1909,30,370.84916003536694,,1736412753.926377,,1736412742
move,1909,29,601.851628641125,,1736412753.9280386,,1736412742
move,1907,29,0,,1736412753.9280386,,1736412742
move,1907,28,634.155427880254,,1736412753.9296155,,1736412742
move,1906,28,990.624468587624,,1736412753.931132,,1736412742
move,1905,27,681.7195266654088,,1736412753.933267,,1736412742
move,1904,27,925.486319505737,,1736412753.935371,,1736412742
move,1903,27,520.8374518812865,,1736412753.9357,,1736412742
move,1903,26,994.6179748636472,,1736412753.9367054,,1736412742
move,1903,24,0,,1736412753.9383268,,1736412742
move,1902,24,616.7187178356124,,1736412753.9383268,,1736412742
move,1901,24,586.5339113410712,,1736412753.9400318,,1736412742
move,1901,23,658.6532663316583,,1736412753.94155,,1736412742
move,1899,23,1279.3362818362057,,1736412753.9431133,,1736412742
move,1898,22,0,,1736412753.9431133,,1736412742
move,1897,21,375.34908571256864,,1736412753.946881,,1736412742
move,1896,20,667.7520659141869,,1736412753.948999,,1736412742
move,1895,20,319.8340704590514,,1736412753.9521255,,1736412742
move,1894,19,796.0866462911988,,1736412753.9550655,,1736412742
move,1894,18,257.1614960147149,,1736412753.9577906,,1736412742
move,1893,18,0,,1736412753.9577906,,1736412742
move,1893,16,644.4348160098333,,1736412753.960894,,1736412742
move,1892,16,315.8361445783133,,1736412753.9640603,,1736412742
move,1890,16,633.8679159740063,,1736412753.9672155,,1736412742
move,1890,15,608.664054563924,,1736412753.9688585,,1736412742
move,1889,15,204.72003123779774,,1736412753.9737432,,1736412742
move,1889,14,652.5052893590541,,1736412753.9752758,,1736412742
move,1888,14,367.56673385329947,,1736412753.9779963,,1736412742
move,1888,13,641.3308868501529,,1736412753.9811504,,1736412742
move,1887,12,447.502195512314,,1736412753.9827158,,1736412742
move,1886,12,200.1194713488239,,1736412753.9877129,,1736412742
move,1886,11,466.81179744017805,,1736412753.989855,,1736412742
move,1885,11,174.11698285524514,,1736412753.9955983,,1736412742
move,1885,10,245.9713816561107,,1736412753.9996638,,1736412742
move,1885,8,19.11462933340625,,1736412754.1042957,,1736412742
click_press,1885,8,,Button.left,1736412754.1134758,,1736412742
click_release,1885,8,,Button.left,1736412754.1657245,,1736412742
move,1885,9,13.601927610819786,,1736412754.1778147,,1736412742
move,1884,10,72.58316734191187,,1736412754.1972988,,1736412742
move,1884,11,210.16705917723104,,1736412754.202057,,1736412742
move,1882,12,1418.8727477003447,,1736412754.2036328,,1736412742
move,1882,13,162.87926682458934,,1736412754.2097723,,1736412742
move,1881,13,0,,1736412754.211321,,1736412742
move,1881,14,161.82977081564937,,1736412754.2159517,,1736412742
move,1881,15,162.13003478933126,,1736412754.2221196,,1736412742
move,1880,15,162.56362156505563,,1736412754.228271,,1736412742
move,1880,17,313.15966700265056,,1736412754.2346575,,1736412742
move,1879,17,0,,1736412754.2346575,,1736412742
move,1879,18,168.39860280242502,,1736412754.2405958,,1736412742
move,1878,18,316.0979727183661,,1736412754.2450986,,1736412742
move,1878,19,195.48396718866516,,1736412754.248875,,1736412742
move,1877,19,204.82000195331577,,1736412754.2537572,,1736412742
move,1877,20,197.919214798037,,1736412754.2588098,,1736412742
move,1877,21,145.4184377491939,,1736412754.2656865,,1736412742
move,1876,22,929.7243889523075,,1736412754.2682195,,1736412742
move,1874,22,387.07124400147654,,1736412754.2723746,,1736412742
move,1874,23,212.69290060851927,,1736412754.2770762,,1736412742
move,1873,23,613.2920017546425,,1736412754.2787068,,1736412742
move,1873,25,635.1637767850382,,1736412754.2818556,,1736412742
move,1872,25,231.9601813958633,,1736412754.2861667,,1736412742
move,1872,26,632.0530440024111,,1736412754.2877488,,1736412742
move,1872,27,210.37789035461705,,1736412754.2925022,,1736412742
move,1871,27,989.9230587679962,,1736412754.2935123,,1736412742
move,1870,28,291.4954838820444,,1736412754.298364,,1736412742
move,1869,28,424.5246963562753,,1736412754.3007195,,1736412742
move,1869,29,1589.3535430087154,,1736412754.3013487,,1736412742
move,1869,30,302.83783393501807,,1736412754.3062544,,1736412742
move,1868,30,382.48258252781324,,1736412754.3072653,,1736412742
move,1868,31,663.235926628716,,1736412754.308773,,1736412742
move,1866,31,1979.3789523360076,,1736412754.3097835,,1736412742
move,1866,33,3821.6892938496585,,1736412754.3103068,,1736412742
move,1865,33,294.5851945497963,,1736412754.3142126,,1736412742
move,1865,34,980.8942937324603,,1736412754.3147209,,1736412742
move,1864,35,847.9830738407037,,1736412754.3163886,,1736412742
move,1864,36,593.5895839230116,,1736412754.3180733,,1736412742
move,1863,36,615.3615023474179,,1736412754.3196983,,1736412742
move,1863,37,990.8584927947082,,1736412754.321216,,1736412742
move,1863,38,1966.3872480075013,,1736412754.3222284,,1736412742
move,1862,38,656.6939095036794,,1736412754.322739,,1736412742
move,1861,39,1399.3020999093471,,1736412754.3237495,,1736412742
move,1860,42,1019.4107938786316,,1736412754.3268516,,1736412742
move,1858,42,4321.797011849562,,1736412754.3273144,,1736412742
move,1858,43,990.8584927947082,,1736412754.3283236,,1736412742
move,1858,44,989.4560037744751,,1736412754.3293343,,1736412742
move,1857,45,937.068183493795,,1736412754.3308434,,1736412742
move,1856,45,989.4560037744751,,1736412754.331854,,1736412742
move,1856,46,983.1936240037506,,1736412754.3328712,,1736412742
move,1855,48,2499.000496216168,,1736412754.3347776,,1736412742
move,1855,49,988.5232147065756,,1736412754.3347776,,1736412742
move,1854,50,1029.0842473136229,,1736412754.3361518,,1736412742
move,1854,51,991.5612293144208,,1736412754.3371603,,1736412742
move,1853,52,2230.7790904534495,,1736412754.3377943,,1736412742
move,1852,53,1401.28551890284,,1736412754.3388035,,1736412742
move,1850,54,1416.9434751925182,,1736412754.3403816,,1736412742
move,1850,56,0,,1736412754.3403816,,1736412742
move,1849,57,674.2800501893512,,1736412754.342479,,1736412742
move,1848,60,3133.369676152817,,1736412754.3434882,,1736412742
move,1847,61,771.6458438292862,,1736412754.345321,,1736412742
move,1846,62,657.3184398842777,,1736412754.3474724,,1736412742
move,1845,67,4849.623116086229,,1736412754.3485239,,1736412742
move,1844,68,1501.3013418161788,,1736412754.3504727,,1736412742
move,1842,71,1794.7754731644566,,1736412754.3514748,,1736412742
move,1841,72,2776.98576849987,,1736412754.351984,,1736412742
move,1839,76,2643.3903219558283,,1736412754.3536758,,1736412742
move,1839,77,0,,1736412754.3552978,,1736412742
move,1837,79,1319.168598135377,,1736412754.35582,,1736412742
move,1836,82,3134.8508246643523,,1736412754.3568287,,1736412742
move,1835,83,881.1113490070888,,1736412754.3584337,,1736412742
move,1833,86,0,,1736412754.3584337,,1736412742
move,1832,88,1426.4256824789777,,1736412754.3600013,,1736412742
move,1831,90,1103.1226608208983,,1736412754.3620284,,1736412742
move,1830,92,2216.6742761284045,,1736412754.363037,,1736412742
move,1828,95,3320.0391079876426,,1736412754.364123,,1736412742
move,1827,98,0,,1736412754.364123,,1736412742
move,1826,99,1405.2692730432889,,1736412754.3651295,,1736412742
move,1825,103,5089.334437301547,,1736412754.3659396,,1736412742
move,1823,104,3409.214417411588,,1736412754.3671038,,1736412742
move,1822,106,4399.037927907729,,1736412754.3671038,,1736412742
move,1819,109,2426.3600769767063,,1736412754.3688524,,1736412742
move,1818,114,0,,1736412754.37045,,1736412742
move,1817,116,1399.6043668555856,,1736412754.37045,,1736412742
move,1817,119,1864.1351111111112,,1736412754.3725865,,1736412742
move,1812,123,4167.698572557658,,1736412754.3735957,,1736412742
move,1810,130,14362.650060700298,,1736412754.3741026,,1736412742
move,1810,132,3103.4435812060674,,1736412754.374747,,1736412742
move,1807,137,5781.745828926058,,1736412754.3757555,,1736412742
move,1806,141,8122.855057750426,,1736412754.3772695,,1736412742
move,1803,146,5794.073645192425,,1736412754.3772695,,1736412742
move,1802,148,1439.562373338339,,1736412754.3788228,,1736412742
move,1798,155,4760.073187319763,,1736412754.3805165,,1736412742
move,1797,159,2605.6288109011084,,1736412754.3824158,,1736412742
move,1795,163,14113.993773211856,,1736412754.3824158,,1736412742
move,1794,168,5040.499161428298,,1736412754.3834274,,1736412742
move,1791,172,0,,1736412754.385152,,1736412742
move,1790,177,2956.433223934237,,1736412754.385152,,1736412742
move,1788,181,1186.582598975111,,1736412754.388921,,1736412742
move,1785,187,1072.9606294816701,,1736412754.395173,,1736412742
move,1783,192,1546.95009185833,,1736412754.3986542,,1736412742
move,1782,196,917.1868691567572,,1736412754.40416,,1736412742
move,1779,203,1882.203028755961,,1736412754.4071958,,1736412742
move,1777,207,0,,1736412754.4089487,,1736412742
move,1774,212,3326.548538677533,,1736412754.4099584,,1736412742
move,1773,218,6024.310557704827,,1736412754.4110885,,1736412742
move,1771,222,2729.5543836726656,,1736412754.4115968,,1736412742
move,1770,228,2258.7831086215087,,1736412754.4142897,,1736412742
move,1767,233,2278.865528918862,,1736412754.4168484,,1736412742
move,1765,239,4002.883307425645,,1736412754.41961,,1736412742
move,1764,243,1467.047711057911,,1736412754.421239,,1736412742
move,1762,249,4025.3577660561077,,1736412754.42281,,1736412742
move,1761,254,1407.8624147153098,,1736412754.426432,,1736412742
move,1758,260,3555.249758263563,,1736412754.4283187,,1736412742
move,1756,266,5534.551987963645,,1736412754.4294615,,1736412742
move,1755,271,2954.799384075749,,1736412754.4311872,,1736412742
move,1753,277,10362.151436839746,,1736412754.432807,,1736412742
move,1750,283,6645.3109558095975,,1736412754.4345725,,1736412742
move,1748,288,3050.23879692417,,1736412754.4363005,,1736412742
move,1747,292,1320.2197433354193,,1736412754.4389007,,1736412742
move,1744,299,6319.063818203247,,1736412754.4389007,,1736412742
move,1725,357,28769.38921403368,,1736412754.4410222,,1736412742
move,1724,361,757.5590685978034,,1736412754.4464648,,1736412742
move,1721,366,3414.798220658646,,1736412754.4481723,,1736412742
move,1719,372,3909.6695178054165,,1736412754.44979,,1736412742
move,1717,378,3685.8562843281575,,1736412754.451506,,1736412742
move,1697,439,42143.279042136055,,1736412754.454038,,1736412742
move,1696,443,4087.3454072206705,,1736412754.4557526,,1736412742
move,1693,449,1500.4397710589715,,1736412754.4600868,,1736412742
move,1691,452,1001.6411535888006,,1736412754.4621084,,1736412742
move,1676,503,15374.044591916674,,1736412754.4655662,,1736412742
move,1674,507,3685.890690626559,,1736412754.46836,,1736412742
move,1673,510,721.8260592737347,,1736412754.4711604,,1736412742
move,1658,552,27327.74796690416,,1736412754.4727924,,1736412742
move,1651,570,0,,1736412754.4743674,,1736412742
move,1651,571,318.2807709819396,,1736412754.4759343,,1736412742
move,1649,573,0,,1736412754.4759343,,1736412742
move,1648,576,1201.6265482111683,,1736412754.478566,,1736412742
move,1647,579,6259.345841979648,,1736412754.48008,,1736412742
move,1646,580,1401.9479086541533,,1736412754.4815998,,1736412742
move,1644,582,1860.9071691029717,,1736412754.4815998,,1736412742
move,1643,587,3259.19505363308,,1736412754.4831643,,1736412742
move,1642,588,906.4244501093708,,1736412754.4847245,,1736412742
move,1641,591,975.2613117025643,,1736412754.487967,,1736412742
move,1639,594,3206.016140954783,,1736412754.4890916,,1736412742
move,1631,607,9521.604986297105,,1736412754.4917042,,1736412742
move,1630,608,931.4763821475694,,1736412754.4933193,,1736412742
move,1629,610,2021.2820823920858,,1736412754.4933193,,1736412742
move,1628,613,2033.3518073209987,,1736412754.4948745,,1736412742
move,1628,614,631.6722891566266,,1736412754.4964576,,1736412742
move,1625,617,0,,1736412754.4964576,,1736412742
move,1625,619,1261.4448120300751,,1736412754.498043,,1736412742
move,1622,621,2237.0973575271764,,1736412754.4996548,,1736412742
move,1622,623,0,,1736412754.4996548,,1736412742
move,1620,626,1473.8113377725088,,1736412754.5021012,,1736412742
move,1618,627,4266.946707142529,,1736412754.5026252,,1736412742
move,1617,630,2031.1721040053408,,1736412754.504182,,1736412742
move,1615,632,2661.1222976741687,,1736412754.505245,,1736412742
move,1613,636,2855.8918581910107,,1736412754.506811,,1736412742
move,1610,638,2283.3728124541312,,1736412754.50839,,1736412742
move,1609,640,1410.7624642447772,,1736412754.509975,,1736412742
move,1608,642,0,,1736412754.51156,,1736412742
move,1607,644,1075.4212661735212,,1736412754.5120542,,1736412742
move,1606,645,1405.2692730432889,,1736412754.5130606,,1736412742
move,1604,648,2262.534131789903,,1736412754.5146542,,1736412742
move,1603,649,0,,1736412754.5146542,,1736412742
move,1602,651,1425.125188010831,,1736412754.5162232,,1736412742
move,1601,653,1433.1828946056355,,1736412754.5177834,,1736412742
move,1600,655,1321.3227475766805,,1736412754.5194757,,1736412742
move,1598,656,0,,1736412754.5204275,,1736412742
move,1597,659,2011.1529703039992,,1736412754.521048,,1736412742
move,1594,660,0,,1736412754.522614,,1736412742
move,1593,663,2019.4204992623136,,1736412754.522614,,1736412742
move,1592,665,1419.08743566338,,1736412754.5241897,,1736412742
move,1591,667,0,,1736412754.5241897,,1736412742
move,1588,670,2703.574111903246,,1736412754.525759,,1736412742
move,1587,671,915.6594012836867,,1736412754.5273035,,1736412742
move,1586,673,0,,1736412754.5283132,,1736412742
move,1584,675,1866.4699815971437,,1736412754.5288188,,1736412742
move,1583,676,0,,1736412754.5288188,,1736412742
move,1582,679,2018.1913936632493,,1736412754.5303857,,1736412742
move,1581,680,2345.449427250187,,1736412754.5315647,,1736412742
move,1578,681,5489.881555941587,,1736412754.5315647,,1736412742
move,1577,684,1604.2034154759162,,1736412754.533536,,1736412742
move,1576,685,1399.9626154155587,,1736412754.5345461,,1736412742
move,1575,688,4128.090208264823,,1736412754.5353122,,1736412742
move,1573,689,1730.0772666111932,,1736412754.5366046,,1736412742
move,1571,691,2311.6296186733134,,1736412754.5378282,,1736412742
move,1570,692,0,,1736412754.5388374,,1736412742
move,1569,693,931.6226796789261,,1736412754.5398679,,1736412742
move,1568,695,4286.448291727275,,1736412754.5398679,,1736412742
move,1566,697,2798.6041998186943,,1736412754.5408785,,1736412742
move,1565,698,1259.3718899184123,,1736412754.5420015,,1736412742
move,1563,700,2825.93692306609,,1736412754.5430024,,1736412742
move,1561,701,0,,1736412754.5430024,,1736412742
move,1560,703,1600.4690891295697,,1736412754.5443995,,1736412742
move,1559,704,1592.3870071183148,,1736412754.5452876,,1736412742
move,1557,706,2806.5491372205925,,1736412754.5462954,,1736412742
move,1555,707,0,,1736412754.5462954,,1736412742
move,1555,709,1217.328109127848,,1736412754.5489626,,1736412742
move,1553,710,1457.9121502097432,,1736412754.549472,,1736412742
move,1552,712,2206.2453216417966,,1736412754.5504856,,1736412742
move,1549,714,0,,1736412754.5504856,,1736412742
move,1548,715,887.1734372593064,,1736412754.5520797,,1736412742
move,1548,718,2809.3127930341593,,1736412754.5531476,,1736412742
move,1545,719,1999.0284610632818,,1736412754.5547295,,1736412742
move,1543,721,0,,1736412754.5547295,,1736412742
move,1543,722,612.843950905903,,1736412754.5563612,,1736412742
move,1540,724,2240.7435378402297,,1736412754.5579703,,1736412742
move,1540,725,0,,1736412754.5594995,,1736412742
move,1539,726,924.7960089672158,,1736412754.5594995,,1736412742
move,1538,727,893.8579869674085,,1736412754.5610816,,1736412742
move,1537,728,0,,1736412754.5610816,,1736412742
move,1536,729,903.5249964228061,,1736412754.5626469,,1736412742
move,1535,731,2080.9294125358947,,1736412754.5637214,,1736412742
move,1532,732,2034.9116046570841,,1736412754.5652754,,1736412742
move,1532,733,0,,1736412754.5652754,,1736412742
move,1531,734,896.2891510298765,,1736412754.5668533,,1736412742
move,1530,735,0,,1736412754.5684428,,1736412742
move,1529,736,889.7017551396013,,1736412754.5684428,,1736412742
move,1527,737,1562.6039424024123,,1736412754.5698738,,1736412742
move,1526,739,0,,1736412754.5698738,,1736412742
move,1525,740,910.4591867253603,,1736412754.571427,,1736412742
move,1524,741,901.0544738744832,,1736412754.5729966,,1736412742
move,1523,742,0,,1736412754.5729966,,1736412742
move,1522,743,906.28595897872,,1736412754.574557,,1736412742
move,1521,744,1336.5573685253994,,1736412754.5756152,,1736412742
move,1519,745,0,,1736412754.5771737,,1736412742
move,1518,747,1434.717586400379,,1736412754.5771737,,1736412742
move,1517,748,899.687790310287,,1736412754.5787456,,1736412742
move,1516,749,0,,1736412754.5787456,,1736412742
move,1515,750,927.6887084009576,,1736412754.58027,,1736412742
move,1514,751,847.1353329785379,,1736412754.5819395,,1736412742
move,1513,752,0,,1736412754.5819395,,1736412742
move,1512,753,893.8579869674085,,1736412754.5835216,,1736412742
move,1510,755,1846.1380645862814,,1736412754.5850537,,1736412742
move,1509,756,0,,1736412754.5861385,,1736412742
move,1508,757,1303.6574948386203,,1736412754.5861385,,1736412742
move,1507,758,893.9927055788579,,1736412754.5877204,,1736412742
move,1504,759,0,,1736412754.5877204,,1736412742
move,1504,760,638.208155812538,,1736412754.5892873,,1736412742
move,1503,761,925.0844668614664,,1736412754.590816,,1736412742
move,1502,763,0,,1736412754.590816,,1736412742
move,1501,764,903.1123023014194,,1736412754.592382,,1736412742
move,1500,766,1397.3106171482834,,1736412754.5939822,,1736412742
move,1499,767,1319.608810125856,,1736412754.595054,,1736412742
move,1498,769,0,,1736412754.595054,,1736412742
move,1495,770,1971.1032603885978,,1736412754.5966582,,1736412742
move,1494,771,872.5568698905153,,1736412754.598279,,1736412742
move,1493,771,601.5063817582103,,1736412754.5999415,,1736412742
move,1492,773,1473.2561832075523,,1736412754.6014593,,1736412742
move,1490,775,0,,1736412754.6014593,,1736412742
move,1489,776,905.1795515818285,,1736412754.6030216,,1736412742
move,1487,777,0,,1736412754.6030216,,1736412742
move,1485,780,2115.3697212034845,,1736412754.604726,,1736412742
move,1484,781,895.342128530675,,1736412754.6063056,,1736412742
move,1483,782,2493.3340065219513,,1736412754.6074421,,1736412742
move,1481,783,3927.449272319631,,1736412754.6074421,,1736412742
move,1479,786,0,,1736412754.6089973,,1736412742
move,1478,787,909.3425726683615,,1736412754.6089973,,1736412742
move,1477,788,900.2339659304481,,1736412754.611085,,1736412742
move,1476,789,926.8190002368316,,1736412754.6120942,,1736412742
move,1473,791,7109.90979637222,,1736412754.6131082,,1736412742
move,1473,792,976.3277467411546,,1736412754.614165,,1736412742
move,1471,793,4144.387477816738,,1736412754.614998,,1736412742
move,1469,796,2688.016021486618,,1736412754.6155064,,1736412742
move,1467,797,0,,1736412754.6171126,,1736412742
move,1466,798,672.7505502456303,,1736412754.6176085,,1736412742
move,1464,799,2320.3238155119443,,1736412754.6190782,,1736412742
move,1463,801,2192.3209121784193,,1736412754.6195922,,1736412742
move,1462,803,2111.8551817832195,,1736412754.620651,,1736412742
move,1461,804,901.8764788681348,,1736412754.622219,,1736412742
move,1460,805,2667.105036652753,,1736412754.6227493,,1736412742
move,1457,807,2378.543274124522,,1736412754.6242652,,1736412742
move,1456,808,1400.9545586952581,,1736412754.6252747,,1736412742
move,1455,809,0,,1736412754.6252747,,1736412742
move,1454,810,926.8190002368316,,1736412754.6268005,,1736412742
move,1453,811,787.3163792826815,,1736412754.6285968,,1736412742
move,1450,812,3140.0458899514383,,1736412754.6296039,,1736412742
move,1449,815,4386.095846281374,,1736412754.6303248,,1736412742
move,1448,816,977.8505772363538,,1736412754.631771,,1736412742
move,1447,816,603.1498418176589,,1736412754.633429,,1736412742
move,1445,817,2148.133042212386,,1736412754.63447,,1736412742
move,1444,819,0,,1736412754.63447,,1736412742
move,1443,820,0,,1736412754.636173,,1736412742
move,1439,822,2625.997161500568,,1736412754.636173,,1736412742
move,1439,825,1856.1604956483257,,1736412754.6377892,,1736412742
move,1437,825,1800.1304721030042,,1736412754.6389003,,1736412742
move,1436,826,0,,1736412754.6389003,,1736412742
move,1433,827,1839.605248149081,,1736412754.6406193,,1736412742
move,1433,828,635.7896013339397,,1736412754.6421921,,1736412742
move,1432,829,886.908134197925,,1736412754.6442099,,1736412742
move,1429,831,3225.8485786867986,,1736412754.6454122,,1736412742
move,1427,832,4403.168479952713,,1736412754.6454122,,1736412742
move,1426,833,900.2339659304481,,1736412754.6469831,,1736412742
move,1424,836,0,,1736412754.6469831,,1736412742
move,1422,836,1258.4170417041705,,1736412754.649448,,1736412742
move,1421,838,1593.3993989635198,,1736412754.6499758,,1736412742
move,1420,838,629.3029257314329,,1736412754.6515648,,1736412742
move,1419,839,0,,1736412754.6531408,,1736412742
move,1417,840,1418.8727477003447,,1736412754.6531408,,1736412742
move,1416,842,0,,1736412754.6547046,,1736412742
move,1415,843,904.3515172306331,,1736412754.6547046,,1736412742
move,1413,844,1419.3021886046124,,1736412754.65628,,1736412742
move,1412,845,904.3515172306331,,1736412754.6578438,,1736412742
move,1410,845,1828.778722476564,,1736412754.6589375,,1736412742
move,1409,846,1232.1648528283595,,1736412754.6600852,,1736412742
move,1408,847,3168.6119666216464,,1736412754.6611989,,1736412742
move,1406,849,2400.016832496752,,1736412754.66171,,1736412742
move,1406,850,0,,1736412754.6632795,,1736412742
move,1404,850,1274.2834573902476,,1736412754.6632795,,1736412742
move,1403,850,639.5706007929247,,1736412754.664843,,1736412742
move,1402,851,1296.8171406899262,,1736412754.6659336,,1736412742
move,1401,852,2793.9903916701473,,1736412754.6664398,,1736412742
move,1400,852,589.58448130447,,1736412754.668136,,1736412742
move,1399,854,2217.72259690217,,1736412754.6691442,,1736412742
move,1396,854,1770.9939479239972,,1736412754.670838,,1736412742
move,1395,855,1202.1973249930527,,1736412754.6720145,,1736412742
move,1394,857,0,,1736412754.6720145,,1736412742
move,1393,857,625.5486950037285,,1736412754.673613,,1736412742
move,1392,858,860.1568447673611,,1736412754.6752572,,1736412742
move,1391,858,577.6482578157279,,1736412754.6769884,,1736412742
move,1390,859,0,,1736412754.6769884,,1736412742
move,1390,860,641.0368332569158,,1736412754.6785483,,1736412742
move,1388,860,1947.2163416898793,,1736412754.6795754,,1736412742
move,1387,861,827.7479209483286,,1736412754.681284,,1736412742
move,1386,862,0,,1736412754.681284,,1736412742
move,1385,862,630.7224060150376,,1736412754.6828694,,1736412742
move,1384,863,896.0183688090215,,1736412754.6844478,,1736412742
move,1381,865,2263.8889426472624,,1736412754.6860404,,1736412742
move,1381,866,640.4495342800427,,1736412754.6891775,,1736412742
move,1380,866,477.1134114435218,,1736412754.6896977,,1736412742
move,1379,867,1294.8355384229912,,1736412754.69079,,1736412742
move,1379,868,0,,1736412754.692332,,1736412742
move,1378,868,356.4160435078178,,1736412754.693933,,1736412742
move,1377,869,1019.0073185905725,,1736412754.6949835,,1736412742
move,1376,870,1583.0375237565313,,1736412754.6971774,,1736412742
move,1374,870,674.9765046668813,,1736412754.69884,,1736412742
move,1374,871,993.9109004739337,,1736412754.699846,,1736412742
move,1373,871,1972.8617121354657,,1736412754.700353,,1736412742
move,1372,873,847.5283627597396,,1736412754.7029912,,1736412742
move,1371,874,899.9607952534855,,1736412754.7045627,,1736412742
move,1371,875,638.6940764428201,,1736412754.7061284,,1736412742
move,1370,875,618.9940968122786,,1736412754.707744,,1736412742
move,1370,876,472.1188653759568,,1736412754.709862,,1736412742
move,1369,876,1970.0817285110381,,1736412754.7103696,,1736412742
move,1369,877,0,,1736412754.7121592,,1736412742
move,1368,877,298.4632462819327,,1736412754.71372,,1736412742
move,1367,878,900.6440330269849,,1736412754.7152903,,1736412742
move,1367,879,315.24269071777525,,1736412754.7184625,,1736412742
move,1365,879,1271.0012121212121,,1736412754.720036,,1736412742
move,1364,879,489.5884206840201,,1736412754.7230895,,1736412742
move,1363,881,866.7173886239052,,1736412754.7246585,,1736412742
move,1362,881,321.1073342520288,,1736412754.7277727,,1736412742
move,1362,882,0,,1736412754.7293298,,1736412742
move,1361,882,325.0642486243509,,1736412754.730849,,1736412742
move,1360,882,634.6351944318354,,1736412754.7340465,,1736412742
move,1359,882,210.76904522613066,,1736412754.7371693,,1736412742
move,1357,882,1185.8365846762792,,1736412754.7388558,,1736412742
move,1356,882,466.3446742272626,,1736412754.7410002,,1736412742
move,1355,882,478.91116693308976,,1736412754.7430882,,1736412742
move,1354,883,898.4613149826905,,1736412754.7446623,,1736412742
move,1353,883,0,,1736412754.746316,,1736412742
move,1352,883,307.2750183150183,,1736412754.7479167,,1736412742
move,1351,883,343.3451211525868,,1736412754.7508292,,1736412742
move,1349,883,1916.0822293284605,,1736412754.751873,,1736412742
move,1348,883,2859.102931152011,,1736412754.753229,,1736412742
move,1347,883,408.88126340417233,,1736412754.7546685,,1736412742
move,1346,883,0,,1736412754.7546685,,1736412742
move,1345,883,630.1538461538462,,1736412754.7562554,,1736412742
move,1344,883,572.2106412005458,,1736412754.758003,,1736412742
move,1343,883,622.2079810117193,,1736412754.7596102,,1736412742
move,1340,883,1911.4251860853715,,1736412754.7611797,,1736412742
move,1339,883,930.826453617399,,1736412754.762254,,1736412742
move,1337,883,1125.9876510067113,,1736412754.7640302,,1736412742
move,1334,883,1080.0782832618027,,1736412754.7668078,,1736412742
move,1332,883,1280.3125763125763,,1736412754.76837,,1736412742
move,1331,883,607.5179606025492,,1736412754.770016,,1736412742
move,1329,883,1350.822544283414,,1736412754.7714965,,1736412742
move,1328,883,651.4917676296986,,1736412754.7740393,,1736412742
move,1327,883,652.9115815691158,,1736412754.774563,,1736412742
move,1326,883,990.624468587624,,1736412754.7755725,,1736412742
move,1324,883,0,,1736412754.7770412,,1736412742
move,1321,883,649.8095434827515,,1736412754.7801893,,1736412742
move,1321,883,0.0,,1736412754.7817583,,1736412742
move,1314,883,3447.6430248943166,,1736412754.7837887,,1736412742
move,1313,883,1975.649552520019,,1736412754.7853038,,1736412742
move,1313,883,0.0,,1736412754.7884462,,1736412742
move,1313,882,7.536176054161666,,1736412754.9211395,,1736412742
move,1313,882,0.0,,1736412754.9237845,,1736412742
move,1313,880,1289.5631053036127,,1736412754.9253354,,1736412742
move,1315,880,1284.6260336906585,,1736412754.9268923,,1736412742
move,1315,879,622.762286562732,,1736412754.928498,,1736412742
move,1319,879,2526.6891566265062,,1736412754.9310894,,1736412742
move,1320,879,660.2084054777271,,1736412754.9331613,,1736412742
move,1320,879,0.0,,1736412754.9347358,,1736412742
move,1320,881,1246.4499257057948,,1736412754.9363403,,1736412742
move,1322,881,1251.844202357857,,1736412754.937938,,1736412742
move,1323,881,990.3905548996458,,1736412754.9389477,,1736412742
move,1325,881,3943.868359191349,,1736412754.9394548,,1736412742
move,1326,881,396.21235594180996,,1736412754.9419787,,1736412742
move,1327,881,0,,1736412754.9432561,,1736412742
move,1329,882,1750.4197204739228,,1736412754.9432561,,1736412742
move,1331,882,1281.6818945760122,,1736412754.9463866,,1736412742
move,1332,883,900.7808050897073,,1736412754.9463866,,1736412742
move,1333,883,863.2031282156822,,1736412754.947545,,1736412742
move,1334,883,639.6681409181028,,1736412754.9491084,,1736412742
move,1336,883,0,,1736412754.9491084,,1736412742
move,1338,883,1265.2500754147813,,1736412754.950689,,1736412742
move,1339,883,660.4163123917493,,1736412754.9522033,,1736412742
move,1340,883,0,,1736412754.9533422,,1736412742
move,1341,883,878.0205149675529,,1736412754.9533422,,1736412742
move,1342,884,905.8707393884732,,1736412754.9549034,,1736412742
move,1345,884,2315.589252852411,,1736412754.956199,,1736412742
move,1346,884,0,,1736412754.956199,,1736412742
move,1347,885,983.6884911303023,,1736412754.9576366,,1736412742
move,1350,885,1896.4449133383573,,1736412754.9592185,,1736412742
move,1352,886,1612.5771771491193,,1736412754.9606051,,1736412742
move,1353,886,0,,1736412754.9606051,,1736412742
move,1356,888,2368.485221125092,,1736412754.9621274,,1736412742
move,1357,888,0,,1736412754.963737,,1736412742
move,1361,889,2561.629153895816,,1736412754.963737,,1736412742
move,1362,890,988.11287714738,,1736412754.9651682,,1736412742
move,1366,890,3328.8126984126984,,1736412754.9663699,,1736412742
move,1369,892,0,,1736412754.9663699,,1736412742
move,1370,893,906.9788381522511,,1736412754.9679291,,1736412742
move,1374,894,0,,1736412754.9694986,,1736412742
move,1377,895,2014.8190550136526,,1736412754.9694986,,1736412742
move,1381,897,2793.7887585044023,,1736412754.9710994,,1736412742
move,1384,898,0,,1736412754.972649,,1736412742
move,1388,900,2885.76888070747,,1736412754.972649,,1736412742
move,1392,901,2619.4423535217593,,1736412754.9742231,,1736412742
move,1395,902,0,,1736412754.9742231,,1736412742
move,1400,904,3421.7570506322495,,1736412754.975797,,1736412742
move,1404,905,0,,1736412754.9773154,,1736412742
move,1408,908,3292.7492542000314,,1736412754.9773154,,1736412742
move,1413,910,3464.2666090833554,,1736412754.97887,,1736412742
move,1416,911,2971.2262184486726,,1736412754.9799342,,1736412742
move,1422,914,0,,1736412754.9799342,,1736412742
move,1426,917,3142.7423947250113,,1736412754.9815252,,1736412742
move,1431,919,5293.41886365678,,1736412754.983054,,1736412742
move,1434,922,8296.002239882127,,1736412754.983054,,1736412742
move,1440,925,4270.1846390799565,,1736412754.9846249,,1736412742
move,1444,926,3584.900169558594,,1736412754.985775,,1736412742
move,1449,929,0,,1736412754.985775,,1736412742
move,1453,932,2911.9022493751736,,1736412754.987492,,1736412742
move,1458,935,3683.2507313791,,1736412754.9890752,,1736412742
move,1462,937,0,,1736412754.990147,,1736412742
move,1467,940,5439.676347054543,,1736412754.990147,,1736412742
move,1471,943,3477.2873486983917,,1736412754.991585,,1736412742
move,1476,946,0,,1736412754.9930577,,1736412742
move,1480,949,2509.7558640497846,,1736412754.9935772,,1736412742
move,1485,950,5044.065552344404,,1736412754.9945881,,1736412742
move,1487,953,0,,1736412754.996156,,1736412742
move,1494,956,4857.492031784886,,1736412754.996156,,1736412742
move,1497,959,2698.654049825169,,1736412754.997728,,1736412742
move,1501,964,0,,1736412754.997728,,1736412742
move,1506,965,3234.059873270871,,1736412754.9993048,,1736412742
move,1509,968,3947.410116359176,,1736412755.0003796,,1736412742
move,1511,971,2256.4574958047915,,1736412755.0019774,,1736412742
move,1516,974,0,,1736412755.0019774,,1736412742
move,1520,977,3034.513095065837,,1736412755.0036252,,1736412742
move,1522,978,1384.9304285734315,,1736412755.0052397,,1736412742
move,1525,981,0,,1736412755.0052397,,1736412742
move,1530,984,3681.033241474597,,1736412755.0068238,,1736412742
move,1534,987,0,,1736412755.0083838,,1736412742
move,1536,989,1813.1259671452613,,1736412755.0083838,,1736412742
move,1539,991,2306.356281360944,,1736412755.009947,,1736412742
move,1542,995,3073.200468933177,,1736412755.011574,,1736412742
move,1544,997,2806.5491372205925,,1736412755.0125818,,1736412742
move,1549,1000,0,,1736412755.0125818,,1736412742
move,1552,1002,2236.4356901632227,,1736412755.014194,,1736412742
move,1553,1005,2760.9396001571345,,1736412755.0153394,,1736412742
move,1556,1007,0,,1736412755.0168962,,1736412742
move,1559,1009,2315.8925171337996,,1736412755.0168962,,1736412742
move,1561,1011,1798.012004096915,,1736412755.0184693,,1736412742
move,1564,1014,3372.1669138804555,,1736412755.0197275,,1736412742
move,1565,1016,0,,1736412755.02091,,1736412742
move,1568,1019,2386.978511676347,,1736412755.0220952,,1736412742
move,1571,1021,6107.745612634779,,1736412755.0220952,,1736412742
move,1571,1023,1318.5488839987424,,1736412755.023612,,1736412742
move,1575,1027,0,,1736412755.02516,,1736412742
move,1578,1030,2740.632189211022,,1736412755.02516,,1736412742
move,1579,1031,901.8764788681348,,1736412755.0267282,,1736412742
move,1580,1032,2663.512169517612,,1736412755.028267,,1736412742
move,1582,1035,3577.6622041361984,,1736412755.028267,,1736412742
move,1584,1036,1281.6000085131564,,1736412755.0300117,,1736412742
move,1586,1039,0,,1736412755.0300117,,1736412742
move,1586,1040,637.7229740003041,,1736412755.0315797,,1736412742
move,1587,1041,0,,1736412755.0331461,,1736412742
move,1588,1042,902.8373822702774,,1736412755.0331461,,1736412742
move,1589,1045,1916.9755512581116,,1736412755.0347958,,1736412742
move,1589,1047,1450.0618841832325,,1736412755.036175,,1736412742
move,1590,1047,0,,1736412755.036175,,1736412742
move,1590,1049,1271.193817245037,,1736412755.0377483,,1736412742
move,1592,1051,2440.502613254772,,1736412755.0389073,,1736412742
move,1592,1052,0,,1736412755.0389073,,1736412742
move,1593,1053,893.3195183005606,,1736412755.0404904,,1736412742
move,1594,1054,0,,1736412755.0420578,,1736412742
move,1594,1056,1276.0279890477639,,1736412755.0420578,,1736412742
move,1594,1057,656.2828978250665,,1736412755.0435815,,1736412742
move,1594,1058,0,,1736412755.0451403,,1736412742
move,1594,1060,1283.0541449984705,,1736412755.0451403,,1736412742
move,1595,1060,631.9578122645773,,1736412755.0467227,,1736412742
move,1595,1063,0,,1736412755.048311,,1736412742
move,1596,1064,415.61390145149403,,1736412755.0501254,,1736412742
move,1596,1065,0,,1736412755.0501254,,1736412742
move,1596,1066,803.9685643089898,,1736412755.0513692,,1736412742
move,1596,1067,641.1348211556099,,1736412755.052929,,1736412742
move,1596,1068,991.5612293144208,,1736412755.0539374,,1736412742
move,1596,1070,0,,1736412755.0539374,,1736412742
move,1596,1072,1277.3881528856402,,1736412755.0570722,,1736412742
move,1596,1073,319.32272554244383,,1736412755.0586348,,1736412742
move,1596,1074,0,,1736412755.0601842,,1736412742
move,1596,1075,645.3768272041852,,1736412755.0601842,,1736412742
move,1596,1076,391.07729603729604,,1736412755.0627413,,1736412742
move,1596,1078,3903.493718008376,,1736412755.0632536,,1736412742
move,1596,1080,742.6175637393768,,1736412755.0659468,,1736412742
move,1596,1080,0,,1736412755.0659468,,1736412742
move,1596,1080,0.0,,1736412755.0690937,,1736412742
move,1596,1080,0.0,,1736412755.0706625,,1736412742
move,1596,1081,0,,1736412755.0706625,,1736412742
move,1596,1080,245.6544453555113,,1736412755.0747333,,1736412742
move,1596,1080,0,,1736412755.0747333,,1736412742
move,1595,1080,320.5184166284579,,1736412755.0778532,,1736412742
move,1595,1080,0.0,,1736412755.0794013,,1736412742
move,1595,1080,0.0,,1736412755.0809877,,1736412742
move,1594,1079,892.6473440956693,,1736412755.082572,,1736412742
move,1594,1080,991.0926275992439,,1736412755.083581,,1736412742
move,1594,1081,0,,1736412755.083581,,1736412742
move,1593,1079,1332.2086452129656,,1736412755.0852594,,1736412742
move,1593,1080,637.916958174905,,1736412755.086827,,1736412742
move,1591,1079,1440.0044314907536,,1736412755.0883799,,1736412742
move,1591,1080,813.7958866899495,,1736412755.0896087,,1736412742
move,1591,1080,0.0,,1736412755.0911667,,1736412742
move,1590,1079,987.1262442196243,,1736412755.0925994,,1736412742
move,1589,1080,1060.1682933897628,,1736412755.0950928,,1736412742
move,1588,1080,364.6586680577291,,1736412755.0966756,,1736412742
move,1587,1080,315.19531073870894,,1736412755.1011095,,1736412742
move,1587,1081,243.03534592652682,,1736412755.103963,,1736412742
move,1586,1079,0,,1736412755.103963,,1736412742
move,1585,1080,532.5111411720732,,1736412755.1066186,,1736412742
move,1583,1079,0,,1736412755.1081805,,1736412742
move,1583,1080,237.08688033463343,,1736412755.1108365,,1736412742
move,1582,1079,0,,1736412755.1108365,,1736412742
move,1581,1080,864.1668999877218,,1736412755.1140468,,1736412742
move,1580,1079,480.8789299972211,,1736412755.116984,,1736412742
move,1579,1079,342.6998937821717,,1736412755.118332,,1736412742
move,1579,1080,641.5270724992353,,1736412755.1198907,,1736412742
move,1578,1079,0,,1736412755.1198907,,1736412742
move,1578,1080,656.2828978250665,,1736412755.1214144,,1736412742
move,1577,1079,355.550057035049,,1736412755.125392,,1736412742
move,1575,1079,1287.781393920786,,1736412755.126945,,1736412742
move,1574,1080,456.842390751365,,1736412755.1300406,,1736412742
move,1574,1080,0.0,,1736412755.1346827,,1736412742
move,1573,1079,0,,1736412755.1346827,,1736412742
move,1572,1079,321.4765080095041,,1736412755.1377933,,1736412742
move,1572,1081,483.99538426032774,,1736412755.1419256,,1736412742
move,1571,1079,597.7913737203951,,1736412755.1456661,,1736412742
move,1570,1079,480.83274102946234,,1736412755.1477458,,1736412742
move,1570,1080,640.0585991149092,,1736412755.1493082,,1736412742
move,1569,1079,457.75903700538066,,1736412755.1523976,,1736412742
move,1569,1080,237.2746506760197,,1736412755.1566122,,1736412742
move,1568,1079,0,,1736412755.1566122,,1736412742
move,1566,1079,635.5969086225185,,1736412755.1597588,,1736412742
move,1566,1080,323.2604238921002,,1736412755.1628523,,1736412742
move,1565,1079,458.1479571727599,,1736412755.165939,,1736412742
move,1564,1079,644.9798554513302,,1736412755.1690936,,1736412742
move,1563,1079,315.8361445783133,,1736412755.1706557,,1736412742
move,1563,1080,326.0750991215113,,1736412755.1749952,,1736412742
move,1562,1079,1111.2104911044814,,1736412755.1749952,,1736412742
move,1561,1079,265.6472227500158,,1736412755.1787596,,1736412742
move,1560,1079,401.6378435315522,,1736412755.1812494,,1736412742
move,1558,1079,773.2148585123052,,1736412755.183836,,1736412742
move,1557,1079,641.1348211556099,,1736412755.1853957,,1736412742
move,1557,1080,656.180225281602,,1736412755.1869197,,1736412742
move,1556,1079,497.3705854029618,,1736412755.189763,,1736412742
move,1555,1079,1979.3789523360076,,1736412755.1902683,,1736412742
move,1554,1079,317.4857315873136,,1736412755.193418,,1736412742
move,1553,1079,0,,1736412755.1950054,,1736412742
move,1552,1079,317.509765329296,,1736412755.1965675,,1736412742
move,1550,1079,1245.7095337095336,,1736412755.198173,,1736412742
move,1549,1079,895.4534585824082,,1736412755.1992898,,1736412742
move,1548,1079,635.019530658592,,1736412755.2008646,,1736412742
move,1547,1079,632.0530440024111,,1736412755.2024467,,1736412742
move,1546,1079,656.180225281602,,1736412755.2039707,,1736412742
move,1545,1079,635.7896013339397,,1736412755.2055435,,1736412742
move,1544,1079,611.8605397520058,,1736412755.2071779,,1736412742
move,1542,1079,1601.796448348291,,1736412755.2084265,,1736412742
move,1541,1079,0,,1736412755.2099907,,1736412742
move,1540,1079,286.2029341521665,,1736412755.2119205,,1736412742
move,1539,1079,632.4342581423401,,1736412755.2135017,,1736412742
move,1538,1079,640.1562881562882,,1736412755.2150638,,1736412742
move,1537,1079,782.957625536681,,1736412755.216341,,1736412742
move,1536,1079,361.7962563615975,,1736412755.219105,,1736412742
move,1535,1079,748.5818311618775,,1736412755.2204409,,1736412742
move,1533,1079,910.123467505696,,1736412755.2231555,,1736412742
move,1532,1079,480.2821481735944,,1736412755.2247205,,1736412742
move,1531,1079,638.4996194245699,,1736412755.2262866,,1736412742
move,1530,1079,222.85234578396472,,1736412755.230774,,1736412742
move,1529,1079,366.73113578735683,,1736412755.2335007,,1736412742
move,1528,1079,237.22097166449862,,1736412755.2377162,,1736412742
move,1527,1079,210.494027903242,,1736412755.242467,,1736412742
move,1527,1079,0.0,,1736412755.2518613,,1736412742
move,1527,1078,27.289078003109974,,1736412755.29007,,1736412742
move,1527,1077,157.2490533498294,,1736412755.2948654,,1736412742
move,1527,1076,318.5708643475619,,1736412755.2990334,,1736412742
move,1527,1076,0.0,,1736412755.3053381,,1736412742
move,1527,1075,642.0180621460279,,1736412755.3068957,,1736412742
move,1527,1073,371.6213175032118,,1736412755.3122776,,1736412742
move,1528,1073,382.83169039795547,,1736412755.3148897,,1736412742
move,1528,1072,215.07045431237822,,1736412755.3195393,,1736412742
move,1528,1071,211.75867117685667,,1736412755.3242617,,1736412742
move,1529,1071,137.51365528999048,,1736412755.3315337,,1736412742
move,1529,1070,209.88310648518814,,1736412755.3362982,,1736412742
move,1529,1069,139.4846691054207,,1736412755.3434675,,1736412742
move,1530,1069,321.30412134211736,,1736412755.3465798,,1736412742
move,1530,1068,136.05501492149995,,1736412755.3539298,,1736412742
move,1531,1068,324.1848817437007,,1736412755.3570144,,1736412742
move,1532,1068,72.8696467971994,,1736412755.3707376,,1736412742
move,1534,1067,133.75855872754508,,1736412755.3874547,,1736412742
move,1534,1066,222.1324012286834,,1736412755.3931112,,1736412742
move,1534,1066,0.0,,1736412755.3963776,,1736412742
move,1535,1066,96.7745091253086,,1736412755.4067109,,1736412742
move,1536,1066,38.321994719001545,,1736412755.4328055,,1736412742
move,1536,1066,0.0,,1736412755.4448621,,1736412742
move,1537,1066,158.97752340522305,,1736412755.4511523,,1736412742
move,1538,1066,11.283018055824563,,1736412755.539781,,1736412742
move,1539,1066,169.3299959628583,,1736412755.5461986,,1736412742
move,1540,1066,173.0966117783005,,1736412755.5514638,,1736412742
move,1541,1066,315.9551035781544,,1736412755.5546288,,1736412742
move,1543,1066,349.84602552339646,,1736412755.5603456,,1736412742
move,1544,1066,380.0221074567364,,1736412755.562977,,1736412742
move,1544,1064,629.7280984911042,,1736412755.566153,,1736412742
move,1545,1064,645.0790525992003,,1736412755.5677032,,1736412742
move,1546,1064,324.10972876902866,,1736412755.5707886,,1736412742
move,1547,1064,101.48573640784922,,1736412755.581153,,1736412742
move,1547,1063,233.15937517371728,,1736412755.5849311,,1736412742
move,1547,1063,0.0,,1736412755.6910276,,1736412742
move,1546,1063,151.0970856298858,,1736412755.699201,,1736412742
move,1545,1063,39.58048108409063,,1736412755.722911,,1736412742
move,1544,1063,72.00645504643856,,1736412755.7367985,,1736412742
move,1542,1063,23.343317805642283,,1736412755.8230684,,1736412742
move,1542,1062,1688.5281803542673,,1736412755.8230684,,1736412742
move,1541,1062,89.05671274178822,,1736412755.8342972,,1736412742
move,1540,1062,310.8042978881067,,1736412755.8375146,,1736412742
move,1539,1062,135.3918460892863,,1736412755.8449006,,1736412742
move,1538,1062,291.8588824716443,,1736412755.848327,,1736412742
move,1538,1061,621.6546613309619,,1736412755.8499355,,1736412742
move,1537,1061,593.6736022646851,,1736412755.85162,,1736412742
move,1536,1061,0,,1736412755.853219,,1736412742
move,1535,1061,311.7282794500186,,1736412755.854828,,1736412742
move,1535,1060,0,,1736412755.854828,,1736412742
move,1533,1060,898.3302634397087,,1736412755.8570542,,1736412742
move,1532,1060,0,,1736412755.8580675,,1736412742
move,1530,1060,775.5022649533142,,1736412755.8596332,,1736412742
move,1530,1059,0,,1736412755.8612058,,1736412742
move,1529,1059,327.1687987519501,,1736412755.8626897,,1736412742
move,1528,1059,0,,1736412755.8626897,,1736412742
move,1526,1059,1211.526285384171,,1736412755.8643405,,1736412742
move,1525,1058,885.9808217349847,,1736412755.8659368,,1736412742
move,1524,1058,0,,1736412755.8659368,,1736412742
move,1523,1058,631.1969902182092,,1736412755.867521,,1736412742
move,1522,1058,0,,1736412755.8690963,,1736412742
move,1519,1056,2288.9023969855775,,1736412755.8690963,,1736412742
move,1518,1056,636.3683811257775,,1736412755.8706677,,1736412742
move,1516,1056,1276.416311625076,,1736412755.8732467,,1736412742
move,1515,1055,927.1087217123668,,1736412755.87376,,1736412742
move,1514,1055,935.8107987505578,,1736412755.8748286,,1736412742
move,1511,1055,0,,1736412755.8748286,,1736412742
move,1510,1055,636.8515031885819,,1736412755.8763988,,1736412742
move,1509,1054,908.5069078749766,,1736412755.8779554,,1736412742
move,1506,1053,0,,1736412755.8791199,,1736412742
move,1505,1053,858.7846027846028,,1736412755.8791199,,1736412742
move,1503,1053,1766.0227368421054,,1736412755.8802524,,1736412742
move,1502,1052,902.4253159159779,,1736412755.8818195,,1736412742
move,1501,1052,0,,1736412755.8818195,,1736412742
move,1498,1052,1967.617200938233,,1736412755.8833442,,1736412742
move,1495,1050,2262.1956824059403,,1736412755.884938,,1736412742
move,1494,1050,0,,1736412755.884938,,1736412742
move,1492,1050,1235.799646434885,,1736412755.8865564,,1736412742
move,1491,1049,0,,1736412755.8865564,,1736412742
move,1488,1049,1896.1591320072332,,1736412755.8881385,,1736412742
move,1486,1048,1422.7470968293808,,1736412755.8897102,,1736412742
move,1484,1048,1628.223602484472,,1736412755.8909385,,1736412742
move,1482,1047,0,,1736412755.8909385,,1736412742
move,1479,1047,1931.375594781274,,1736412755.8924918,,1736412742
move,1477,1047,1981.248937175248,,1736412755.8935013,,1736412742
move,1476,1045,0,,1736412755.8935013,,1736412742
move,1473,1045,1552.4876002467613,,1736412755.8954337,,1736412742
move,1470,1044,1976.3900818290679,,1736412755.8970337,,1736412742
move,1468,1044,0,,1736412755.8970337,,1736412742
move,1465,1043,2014.5130375387112,,1736412755.8986034,,1736412742
move,1464,1043,0,,1736412755.900176,,1736412742
move,1460,1041,2843.7686059124558,,1736412755.900176,,1736412742
move,1458,1041,1264.6778230061811,,1736412755.9017575,,1736412742
move,1456,1041,0,,1736412755.9017575,,1736412742
move,1454,1039,1347.9471881640093,,1736412755.9038558,,1736412742
move,1450,1039,3971.878787878788,,1736412755.9048629,,1736412742
move,1448,1039,1884.6569310267355,,1736412755.905924,,1736412742
move,1446,1038,0,,1736412755.905924,,1736412742
move,1442,1036,2845.062600424474,,1736412755.907496,,1736412742
move,1440,1036,0,,1736412755.9090662,,1736412742
move,1437,1035,2013.9012813779038,,1736412755.9090662,,1736412742
move,1434,1033,2183.4793729257453,,1736412755.9107175,,1736412742
move,1431,1033,0,,1736412755.9107175,,1736412742
move,1429,1032,1429.4694196462854,,1736412755.9122818,,1736412742
move,1426,1032,1902.7539694541056,,1736412755.9138584,,1736412742
move,1423,1031,0,,1736412755.915159,,1736412742
move,1421,1031,1537.7833180568286,,1736412755.915159,,1736412742
move,1416,1029,4273.797216882399,,1736412755.916419,,1736412742
move,1414,1029,1251.657415696807,,1736412755.918017,,1736412742
move,1411,1028,0,,1736412755.918017,,1736412742
move,1407,1028,2628.8335944844875,,1736412755.9195385,,1736412742
move,1404,1026,0,,1736412755.9211018,,1736412742
move,1403,1026,639.6681409181028,,1736412755.9211018,,1736412742
move,1399,1026,2545.8597875569044,,1736412755.922673,,1736412742
move,1396,1025,0,,1736412755.9242299,,1736412742
move,1394,1025,1284.6260336906585,,1736412755.9242299,,1736412742
move,1391,1024,2678.9646211179306,,1736412755.9254103,,1736412742
move,1388,1024,2824.447138047138,,1736412755.9264724,,1736412742
move,1384,1022,2796.2876751041376,,1736412755.9280717,,1736412742
move,1383,1022,1903.0417422867513,,1736412755.9285972,,1736412742
move,1379,1021,4098.970945235993,,1736412755.929603,,1736412742
move,1378,1021,0,,1736412755.929603,,1736412742
move,1372,1020,3841.1555573441647,,1736412755.9311867,,1736412742
move,1371,1020,633.1980676328502,,1736412755.932766,,1736412742
move,1369,1018,0,,1736412755.932766,,1736412742
move,1366,1018,1849.3403880070546,,1736412755.9343882,,1736412742
move,1364,1017,1422.9629589287329,,1736412755.9359596,,1736412742
move,1361,1017,2804.9291127953634,,1736412755.9370291,,1736412742
move,1358,1016,2770.744482798177,,1736412755.9381704,,1736412742
move,1356,1016,0,,1736412755.939701,,1736412742
move,1353,1016,1959.955140186916,,1736412755.939701,,1736412742
move,1349,1014,2735.5254082832953,,1736412755.941336,,1736412742
move,1348,1014,0,,1736412755.941336,,1736412742
move,1345,1013,2009.9339050090734,,1736412755.9429092,,1736412742
move,1343,1013,1273.5096402003946,,1736412755.9444797,,1736412742
move,1338,1011,0,,1736412755.9444797,,1736412742
move,1337,1011,640.0585991149092,,1736412755.946042,,1736412742
move,1333,1010,0,,1736412755.947604,,1736412742
move,1331,1010,1280.5080140436576,,1736412755.9491825,,1736412742
move,1327,1009,1584.3846466285531,,1736412755.9507358,,1736412742
move,1323,1009,7553.901846015308,,1736412755.9507358,,1736412742
move,1320,1009,1916.6659558263518,,1736412755.952301,,1736412742
move,1318,1007,0,,1736412755.952301,,1736412742
move,1316,1006,1438.4584144630794,,1736412755.9538555,,1736412742
move,1313,1006,1898.4477972238985,,1736412755.9554358,,1736412742
move,1311,1006,0,,1736412755.9554358,,1736412742
move,1307,1005,2548.4170966623424,,1736412755.9570537,,1736412742
move,1305,1005,1653.2534489554591,,1736412755.9582634,,1736412742
move,1302,1005,0,,1736412755.9598498,,1736412742
move,1300,1005,949.0449145830976,,1736412755.9603708,,1736412742
move,1297,1004,3101.1348700385493,,1736412755.9613905,,1736412742
move,1295,1004,0,,1736412755.9613905,,1736412742
move,1290,1004,3213.041213421174,,1736412755.9629467,,1736412742
move,1289,1002,0,,1736412755.9645107,,1736412742
move,1285,1002,2557.5024390243902,,1736412755.9645107,,1736412742
move,1283,1001,1434.498143514726,,1736412755.9660695,,1736412742
move,1280,1001,1897.3027744270205,,1736412755.9676507,,1736412742
move,1275,1001,4713.760395594516,,1736412755.9687114,,1736412742
move,1272,1000,0,,1736412755.9702737,,1736412742
move,1268,1000,2560.2343964596366,,1736412755.9702737,,1736412742
move,1265,1000,1905.3470623864325,,1736412755.9718482,,1736412742
move,1263,998,0,,1736412755.9718482,,1736412742
move,1258,998,3058.410383549657,,1736412755.973483,,1736412742
move,1256,997,0,,1736412755.9750595,,1736412742
move,1253,997,1903.0417422867513,,1736412755.9750595,,1736412742
move,1250,996,2026.2074303627978,,1736412755.9766202,,1736412742
move,1248,996,0,,1736412755.9781814,,1736412742
move,1243,994,2426.6242255289512,,1736412755.9788394,,1736412742
move,1241,994,3583.3438701409655,,1736412755.9793975,,1736412742
move,1238,994,1931.0791896869246,,1736412755.980951,,1736412742
move,1235,993,3004.883062789958,,1736412755.9820035,,1736412742
move,1233,991,0,,1736412755.9820035,,1736412742
move,1230,991,1907.6579745300182,,1736412755.983576,,1736412742
move,1227,990,2007.804093120629,,1736412755.985151,,1736412742
move,1225,989,0,,1736412755.985151,,1736412742
move,1222,989,1901.603747922019,,1736412755.9867287,,1736412742
move,1219,987,0,,1736412755.9867287,,1736412742
move,1217,986,1434.717586400379,,1736412755.9882872,,1736412742
move,1214,986,2533.302194483592,,1736412755.9894714,,1736412742
move,1213,983,0,,1736412755.9910629,,1736412742
move,1210,983,1153.5489548954895,,1736412755.992072,,1736412742
move,1207,982,6218.2624656141,,1736412755.9925807,,1736412742
move,1205,981,1847.6652605002519,,1736412755.9937909,,1736412742
move,1202,979,0,,1736412755.9937909,,1736412742
move,1201,978,912.8411205779813,,1736412755.99534,,1736412742
move,1200,977,907.8116929163946,,1736412755.996898,,1736412742
move,1197,976,2841.3782860228953,,1736412755.9980109,,1736412742
move,1194,974,0,,1736412755.9980109,,1736412742
move,1193,973,894.9368740971216,,1736412755.999591,,1736412742
move,1191,972,0,,1736412755.999591,,1736412742
move,1190,972,636.9482156416097,,1736412756.001161,,1736412742
move,1189,971,924.2196325203681,,1736412756.0026913,,1736412742
move,1186,969,0,,1736412756.0039985,,1736412742
move,1185,968,1081.8241111646403,,1736412756.0039985,,1736412742
move,1182,967,1959.7449525938055,,1736412756.0056121,,1736412742
move,1181,966,0,,1736412756.0056121,,1736412742
move,1180,965,898.0532326291783,,1736412756.007187,,1736412742
move,1179,964,884.3956465656363,,1736412756.0099916,,1736412742
move,1178,964,829.4055764287127,,1736412756.0110784,,1736412742
move,1176,961,2264.2278989195556,,1736412756.0125928,,1736412742
move,1174,960,2216.6742761284045,,1736412756.0125928,,1736412742
move,1173,959,753.0330838537162,,1736412756.0144708,,1736412742
move,1172,958,896.8312067607684,,1736412756.0160477,,1736412742
move,1171,958,602.6298850574713,,1736412756.017707,,1736412742
move,1170,957,0,,1736412756.017707,,1736412742
move,1170,956,638.208155812538,,1736412756.0199697,,1736412742
move,1170,955,823.381232822929,,1736412756.0204885,,1736412742
move,1169,955,0,,1736412756.0204885,,1736412742
move,1168,953,1428.163371752593,,1736412756.0230632,,1736412742
move,1166,951,1865.882856720894,,1736412756.02357,,1736412742
move,1165,950,900.9176186992288,,1736412756.0251398,,1736412742
move,1165,949,380.29776044972346,,1736412756.0277693,,1736412742
move,1164,948,1389.7941896709754,,1736412756.0293071,,1736412742
move,1163,948,1922.2291475710358,,1736412756.0293071,,1736412742
move,1163,947,640.3517557251909,,1736412756.0308688,,1736412742
move,1163,945,0,,1736412756.0308688,,1736412742
move,1163,944,640.1562881562882,,1736412756.032431,,1736412742
move,1162,944,658.9637077769049,,1736412756.0339484,,1736412742
move,1162,942,1625.3842278628172,,1736412756.035179,,1736412742
move,1161,942,0,,1736412756.035179,,1736412742
move,1160,939,1988.836982929206,,1736412756.036769,,1736412742
move,1160,938,314.133013780707,,1736412756.0399523,,1736412742
move,1158,937,2119.0123954584906,,1736412756.0410075,,1736412742
move,1157,936,900.9176186992288,,1736412756.0425773,,1736412742
move,1157,935,651.8967982592477,,1736412756.0441113,,1736412742
move,1157,934,0,,1736412756.0441113,,1736412742
move,1156,934,643.890696960393,,1736412756.0456643,,1736412742
move,1156,933,0,,1736412756.0472472,,1736412742
move,1156,931,1263.5348697092936,,1736412756.0472472,,1736412742
move,1156,930,847.1629973742678,,1736412756.0484276,,1736412742
move,1155,929,855.5663639861132,,1736412756.0500805,,1736412742
move,1155,928,0,,1736412756.051139,,1736412742
move,1155,927,944.6630630630631,,1736412756.051139,,1736412742
move,1155,926,588.674245614035,,1736412756.0528378,,1736412742
move,1154,925,1388.1679385714306,,1736412756.0538566,,1736412742
move,1153,923,4337.996698565808,,1736412756.054372,,1736412742
move,1153,922,640.3517557251909,,1736412756.0559337,,1736412742
move,1152,921,0,,1736412756.0559337,,1736412742
move,1152,920,634.4432007260626,,1736412756.05751,,1736412742
move,1152,919,0,,1736412756.059073,,1736412742
move,1150,918,1430.5596190206343,,1736412756.059073,,1736412742
move,1150,917,772.2894494568219,,1736412756.0603678,,1736412742
move,1149,916,1394.368030445633,,1736412756.061382,,1736412742
move,1148,914,0,,1736412756.0632594,,1736412742
move,1148,913,532.6776733553467,,1736412756.0632594,,1736412742
move,1148,912,659.0672532998115,,1736412756.0647767,,1736412742
move,1147,910,0,,1736412756.0647767,,1736412742
move,1146,907,2017.8843510048493,,1736412756.0680683,,1736412742
move,1144,906,1296.6609791648386,,1736412756.0680683,,1736412742
move,1144,905,626.4830470500374,,1736412756.0696645,,1736412742
move,1143,903,0,,1736412756.0712526,,1736412742
move,1142,902,655.0680951425425,,1736412756.0718234,,1736412742
move,1142,900,3600.2609442060084,,1736412756.0723789,,1736412742
move,1141,899,1311.1497792917157,,1736412756.0734575,,1736412742
move,1140,898,929.7243889523075,,1736412756.0749786,,1736412742
move,1140,896,0,,1736412756.076269,,1736412742
move,1139,895,1096.0165560819887,,1736412756.076269,,1736412742
move,1138,894,903.5249964228061,,1736412756.0778341,,1736412742
move,1138,893,0,,1736412756.0778341,,1736412742
move,1138,891,1278.361475160012,,1736412756.0793986,,1736412742
move,1136,891,1275.639902676399,,1736412756.0809665,,1736412742
move,1135,888,0,,1736412756.082024,,1736412742
move,1134,887,1337.1599642731564,,1736412756.082024,,1736412742
move,1134,886,549.7842443308429,,1736412756.0843596,,1736412742
move,1133,885,917.2168859619178,,1736412756.0853848,,1736412742
move,1132,884,0,,1736412756.0853848,,1736412742
move,1131,881,2031.1721040053408,,1736412756.0869417,,1736412742
move,1131,880,0,,1736412756.0869417,,1736412742
move,1131,878,1281.877750611247,,1736412756.088502,,1736412742
move,1128,876,2324.4356189492332,,1736412756.090053,,1736412742
move,1128,875,0,,1736412756.090053,,1736412742
move,1127,874,905.8707393884732,,1736412756.0921793,,1736412742
move,1125,871,3223.7855759717995,,1736412756.0927327,,1736412742
move,1124,870,0,,1736412756.0927327,,1736412742
move,1124,869,646.2718027734977,,1736412756.09428,,1736412742
move,1123,867,1477.4336582071958,,1736412756.0957935,,1736412742
move,1122,865,0,,1736412756.0957935,,1736412742
move,1121,863,1440.889362774509,,1736412756.0973454,,1736412742
move,1119,862,0,,1736412756.099015,,1736412742
move,1119,859,1796.7888047979438,,1736412756.099015,,1736412742
move,1118,858,896.6956313704795,,1736412756.1005921,,1736412742
move,1117,856,1424.2595083218341,,1736412756.1021621,,1736412742
move,1116,853,5579.955338306637,,1736412756.1027288,,1736412742
move,1116,852,985.9670897978373,,1736412756.103743,,1736412742
move,1113,849,0,,1736412756.1053085,,1736412742
move,1113,848,478.96585588671917,,1736412756.105831,,1736412742
move,1112,846,2222.4523370377437,,1736412756.106837,,1736412742
move,1111,845,0,,1736412756.106837,,1736412742
move,1110,842,2026.8266869124197,,1736412756.1083972,,1736412742
move,1108,841,1429.905299938905,,1736412756.109961,,1736412742
move,1107,838,2967.2379953366612,,1736412756.1110268,,1736412742
move,1106,837,0,,1736412756.1110268,,1736412742
move,1105,836,706.3159801757231,,1736412756.113029,,1736412742
move,1104,834,2009.5883570386284,,1736412756.1141417,,1736412742
move,1102,831,0,,1736412756.1157124,,1736412742
move,1101,830,900.3706134662602,,1736412756.1157124,,1736412742
move,1100,827,2004.4663501820878,,1736412756.11729,,1736412742
move,1098,825,0,,1736412756.11729,,1736412742
move,1097,823,1422.531300212237,,1736412756.118862,,1736412742
move,1096,821,1420.807281063366,,1736412756.1204357,,1736412742
move,1095,820,0,,1736412756.1204357,,1736412742
move,1094,817,2009.324926398254,,1736412756.1220095,,1736412742
move,1092,815,2762.1148319048766,,1736412756.1230335,,1736412742
move,1091,812,6120.698587519555,,1736412756.1235502,,1736412742
move,1090,811,0,,1736412756.125136,,1736412742
move,1089,808,1994.2194916786761,,1736412756.125136,,1736412742
move,1087,805,2277.5268278439326,,1736412756.126719,,1736412742
move,1087,804,0,,1736412756.126719,,1736412742
move,1085,802,1328.326413954926,,1736412756.1288483,,1736412742
move,1084,801,1403.2745686102962,,1736412756.129856,,1736412742
move,1082,797,2873.8314270872615,,1736412756.1314123,,1736412742
move,1081,796,0,,1736412756.1314123,,1736412742
move,1079,793,1694.4289229001358,,1736412756.1335402,,1736412742
move,1077,792,4320.013294472261,,1736412756.1340578,,1736412742
move,1076,789,2031.1721040053408,,1736412756.1356146,,1736412742
move,1075,787,0,,1736412756.1356146,,1736412742
move,1072,784,2713.0545516918987,,1736412756.1371784,,1736412742
move,1072,783,0,,1736412756.1387467,,1736412742
move,1069,780,2705.2181217006937,,1736412756.1387467,,1736412742
move,1069,778,1282.4656780308821,,1736412756.1403062,,1736412742
move,1067,776,2202.2059036627893,,1736412756.1415906,,1736412742
move,1065,773,0,,1736412756.1415906,,1736412742
move,1064,771,1417.371748874003,,1736412756.1431682,,1736412742
move,1063,770,1354.2560734054161,,1736412756.1442125,,1736412742
move,1062,767,0,,1736412756.1461468,,1736412742
move,1057,761,4037.7864484967313,,1736412756.1461468,,1736412742
move,1056,760,1321.9615782294902,,1736412756.1472166,,1736412742
move,1055,758,1422.9629589287329,,1736412756.148788,,1736412742
move,1054,755,2010.2385327606662,,1736412756.150361,,1736412742
move,1051,754,2950.735003149027,,1736412756.1514328,,1736412742
move,1049,751,0,,1736412756.1514328,,1736412742
move,1047,750,1434.2787677472515,,1736412756.1529918,,1736412742
move,1045,747,0,,1736412756.1542537,,1736412742
move,1044,744,1768.9455640377266,,1736412756.1547794,,1736412742
move,1043,743,1383.6346166353446,,1736412756.1558015,,1736412742
move,1040,742,0,,1736412756.1558015,,1736412742
move,1039,737,3275.6682404564667,,1736412756.1573582,,1736412742
move,1036,736,1975.801257136135,,1736412756.1589587,,1736412742
move,1035,735,0,,1736412756.1589587,,1736412742
move,1034,732,2012.3735152715635,,1736412756.16053,,1736412742
move,1031,731,1977.8636801602856,,1736412756.162129,,1736412742
move,1028,730,0,,1736412756.162129,,1736412742
move,1027,728,1427.0768201916126,,1736412756.1636958,,1736412742
move,1026,726,1794.975858813259,,1736412756.1649415,,1736412742
move,1023,725,0,,1736412756.1649415,,1736412742
move,1022,722,1921.1404749644953,,1736412756.1665876,,1736412742
move,1019,721,0,,1736412756.1681857,,1736412742
move,1016,719,2256.120861835553,,1736412756.1681857,,1736412742
move,1014,718,1569.9278309841443,,1736412756.16961,,1736412742
move,1012,715,2490.9863509938577,,1736412756.1710575,,1736412742
move,1011,714,0,,1736412756.1710575,,1736412742
move,1009,713,1430.3414461337927,,1736412756.1726208,,1736412742
move,1006,710,3835.1131044282683,,1736412756.173727,,1736412742
move,1003,710,2503.0658444400237,,1736412756.1749256,,1736412742
move,1000,707,7666.921501312867,,1736412756.175479,,1736412742
move,998,706,1810.2198151513758,,1736412756.1767142,,1736412742
move,996,706,0,,1736412756.1767142,,1736412742
move,993,703,2741.4766298793966,,1736412756.1782618,,1736412742
move,990,703,2536.877419354839,,1736412756.1794443,,1736412742
move,989,702,1329.964484644781,,1736412756.1805077,,1736412742
move,985,699,4966.024153445418,,1736412756.1820223,,1736412742
move,982,699,5907.470422535212,,1736412756.1820223,,1736412742
move,980,698,1427.0768201916126,,1736412756.1835892,,1736412742
move,977,696,0,,1736412756.1851747,,1736412742
move,972,695,2357.1958494368205,,1736412756.1857524,,1736412742
move,968,695,7169.750427350427,,1736412756.1863103,,1736412742
move,965,694,2032.105690080416,,1736412756.1878664,,1736412742
move,961,694,0,,1736412756.1878664,,1736412742
move,958,692,2293.0671928557563,,1736412756.1894388,,1736412742
move,954,692,3776.950923007654,,1736412756.1904979,,1736412742
move,951,691,2078.2754370346092,,1736412756.1920195,,1736412742
move,947,691,0,,1736412756.1920195,,1736412742
move,943,689,2741.9233627537724,,1736412756.1936505,,1736412742
move,937,689,0,,1736412756.195217,,1736412742
move,933,689,2553.6097412480976,,1736412756.1962852,,1736412742
move,930,689,2808.058915420665,,1736412756.1962852,,1736412742
move,924,689,3838.0088455086166,,1736412756.1978486,,1736412742
move,920,689,0,,1736412756.1994426,,1736412742
move,915,689,3136.631767873168,,1736412756.1994426,,1736412742
move,911,689,2437.485979950603,,1736412756.2010837,,1736412742
move,905,689,0,,1736412756.2026176,,1736412742
move,901,689,2607.587193036991,,1736412756.2026176,,1736412742
move,895,689,3808.9638262448916,,1736412756.2041929,,1736412742
move,891,689,0,,1736412756.205753,,1736412742
move,885,689,3845.633251833741,,1736412756.205753,,1736412742
move,880,689,4703.189055842117,,1736412756.2068162,,1736412742
move,874,690,0,,1736412756.2085843,,1736412742
move,870,690,2262.2998921251346,,1736412756.2085843,,1736412742
move,864,691,5530.6644725514725,,1736412756.2096841,,1736412742
move,859,693,0,,1736412756.2112443,,1736412742
move,853,693,2886.319990824636,,1736412756.211763,,1736412742
move,851,694,2210.405105420523,,1736412756.2127745,,1736412742
move,843,694,0,,1736412756.2127745,,1736412742
move,838,696,3433.1993146714512,,1736412756.214343,,1736412742
move,834,697,2621.4276819691763,,1736412756.215916,,1736412742
move,828,697,5728.619166856362,,1736412756.2169633,,1736412742
move,824,699,0,,1736412756.2169633,,1736412742
move,819,699,3150.2959290971908,,1736412756.2185504,,1736412742
move,815,700,0,,1736412756.2201324,,1736412742
move,809,702,3998.0569221265637,,1736412756.2201324,,1736412742
move,804,703,4023.864147119524,,1736412756.2213995,,1736412742
move,800,705,2827.0531612055097,,1736412756.2229815,,1736412742
move,796,706,4086.3795883626312,,1736412756.2239904,,1736412742
move,791,706,0,,1736412756.2239904,,1736412742
move,787,708,2858.503158274696,,1736412756.225555,,1736412742
move,784,710,0,,1736412756.227109,,1736412742
move,778,710,3860.9733046946917,,1736412756.227109,,1736412742
move,775,712,2067.93082686773,,1736412756.2288525,,1736412742
move,773,712,1966.8483001172333,,1736412756.2298694,,1736412742
move,770,713,0,,1736412756.2298694,,1736412742
move,766,715,3000.719520812439,,1736412756.2313597,,1736412742
move,763,716,2031.1721040053408,,1736412756.2329166,,1736412742
move,762,716,0,,1736412756.2329166,,1736412742
move,759,717,1996.3205657969409,,1736412756.2345006,,1736412742
move,757,719,1803.20462122381,,1736412756.2360692,,1736412742
move,754,719,0,,1736412756.2360692,,1736412742
move,751,720,2160.891795235398,,1736412756.2375326,,1736412742
move,750,721,0,,1736412756.2390935,,1736412742
move,749,721,640.6451809989308,,1736412756.2390935,,1736412742
move,748,722,881.2422524908219,,1736412756.2406983,,1736412742
move,747,722,788.8478465299982,,1736412756.241966,,1736412742
move,746,723,0,,1736412756.241966,,1736412742
move,744,725,1805.1252591344255,,1736412756.243533,,1736412742
move,741,726,1482.292561371801,,1736412756.2456663,,1736412742
move,741,727,482.103908045977,,1736412756.2477405,,1736412742
move,741,728,846.8209166161922,,1736412756.2489214,,1736412742
move,741,729,651.3905886007144,,1736412756.2520263,,1736412742
move,741,730,318.6676796839386,,1736412756.2535946,,1736412742
move,741,732,0,,1736412756.2551596,,1736412742
move,741,733,209.91461888794353,,1736412756.2583585,,1736412742
move,741,733,0.0,,1736412756.2597888,,1736412742
move,743,733,0,,1736412756.2597888,,1736412742
move,744,733,639.0833460307786,,1736412756.2613535,,1736412742
move,745,734,897.3739185349051,,1736412756.2629294,,1736412742
move,747,734,645.8240049272462,,1736412756.2660263,,1736412742
move,748,735,899.5513499417232,,1736412756.2675984,,1736412742
move,750,735,1320.624685138539,,1736412756.2691128,,1736412742
move,751,735,990.1567516525024,,1736412756.2701228,,1736412742
move,752,735,0,,1736412756.2701228,,1736412742
move,754,736,1350.2373829973046,,1736412756.2717788,,1736412742
move,753,736,15.841909654026288,,1736412756.3349025,,1736412742
move,753,735,641.7233782129742,,1736412756.3364608,,1736412742
move,752,734,880.0655195127184,,1736412756.3380678,,1736412742
move,751,731,6031.629758597032,,1736412756.339603,,1736412742
move,750,730,1398.9720758291799,,1736412756.339603,,1736412742
move,750,728,903.5553640672124,,1736412756.3418164,,1736412742
move,743,724,0,,1736412756.3418164,,1736412742
move,743,723,643.7918649270913,,1736412756.3433697,,1736412742
move,742,721,1508.5650413864048,,1736412756.344852,,1736412742
move,739,719,0,,1736412756.3460264,,1736412742
move,739,718,851.4624441737718,,1736412756.3460264,,1736412742
move,737,716,1771.9616434699694,,1736412756.3476226,,1736412742
move,733,712,0,,1736412756.3492134,,1736412742
move,732,711,480.8399482421954,,1736412756.3505638,,1736412742
move,727,705,6969.906692905102,,1736412756.3516843,,1736412742
move,725,703,1774.3468745186128,,1736412756.3532784,,1736412742
move,721,700,3100.9197101877867,,1736412756.3548908,,1736412742
move,716,695,6636.430523065252,,1736412756.3559563,,1736412742
move,715,694,897.9172875440089,,1736412756.3575313,,1736412742
move,712,694,1924.8756310234053,,1736412756.3596177,,1736412742
move,711,692,4236.11059724448,,1736412756.3596177,,1736412742
move,710,691,1378.8102281533525,,1736412756.3606434,,1736412742
move,707,690,0,,1736412756.3622057,,1736412742
move,706,690,640.0585991149092,,1736412756.3622057,,1736412742
move,704,689,1427.2939982193393,,1736412756.3637724,,1736412742
move,703,688,0,,1736412756.3637724,,1736412742
move,701,688,947.9724262628546,,1736412756.3663573,,1736412742
move,699,688,1349.3015924079139,,1736412756.3673644,,1736412742
move,698,687,0,,1736412756.3673644,,1736412742
move,697,687,630.9121540312876,,1736412756.3689494,,1736412742
move,696,685,2046.4213096878198,,1736412756.370042,,1736412742
move,693,685,1924.5812174977057,,1736412756.3716009,,1736412742
move,692,684,1322.5510817203394,,1736412756.3726702,,1736412742
move,691,684,0,,1736412756.373865,,1736412742
move,690,683,1183.7241272232534,,1736412756.373865,,1736412742
move,687,682,2028.3764855719337,,1736412756.375424,,1736412742
move,685,680,1849.5920179344316,,1736412756.3769531,,1736412742
move,683,680,0,,1736412756.3769531,,1736412742
move,682,679,893.3195183005606,,1736412756.3785362,,1736412742
move,681,679,0,,1736412756.3800943,,1736412742
move,680,678,445.6195328311714,,1736412756.3817098,,1736412742
move,674,677,1276.860778333414,,1736412756.3864737,,1736412742
move,671,676,2022.8082719467554,,1736412756.3896003,,1736412742
move,668,675,1010.2485976963115,,1736412756.3911672,,1736412742
move,666,671,1705.8473740085992,,1736412756.3942971,,1736412742
move,664,671,1320.0012588512982,,1736412756.395304,,1736412742
move,663,670,401.51909575006584,,1736412756.3988261,,1736412742
move,662,670,471.37603955945156,,1736412756.4009476,,1736412742
move,660,670,285.3170980578892,,1736412756.4079573,,1736412742
move,660,670,0.0,,1736412756.4095597,,1736412742
move,660,671,232.75826859045506,,1736412756.413856,,1736412742
move,660,673,1753.8381768764373,,1736412756.4149964,,1736412742
move,661,673,0,,1736412756.4165783,,1736412742
move,661,674,363.0803324099723,,1736412756.4177506,,1736412742
move,662,675,1334.7528356246,,1736412756.4188101,,1736412742
move,662,676,643.6930632289748,,1736412756.4203637,,1736412742
move,662,677,659.7929841120025,,1736412756.4218793,,1736412742
move,662,678,747.1150694691842,,1736412756.4232178,,1736412742
move,663,679,908.2286941533796,,1736412756.424775,,1736412742
move,664,681,1036.66948848229,,1736412756.4269319,,1736412742
move,664,683,990.3905548996458,,1736412756.4289513,,1736412742
move,664,684,1922.2291475710358,,1736412756.4294715,,1736412742
move,665,684,641.1348211556099,,1736412756.4310312,,1736412742
move,665,685,1909.9744990892532,,1736412756.4315548,,1736412742
move,666,686,1382.989415135398,,1736412756.4325774,,1736412742
move,666,687,0,,1736412756.4341319,,1736412742
move,667,687,643.2981595092025,,1736412756.4341319,,1736412742
move,667,689,1510.9164265129682,,1736412756.4354556,,1736412742
move,667,690,623.4102259215219,,1736412756.4370596,,1736412742
move,669,691,0,,1736412756.4370596,,1736412742
move,669,692,743.9347286271727,,1736412756.4384038,,1736412742
move,670,693,0,,1736412756.4399602,,1736412742
move,671,694,908.6460786635604,,1736412756.4399602,,1736412742
move,672,697,2020.9589881387894,,1736412756.443118,,1736412742
move,672,698,627.7018856629752,,1736412756.443118,,1736412742
move,673,698,638.1110603986003,,1736412756.4446852,,1736412742
move,673,699,864.4484748557296,,1736412756.445842,,1736412742
move,676,702,0,,1736412756.4470623,,1736412742
move,677,703,509.5474273271817,,1736412756.4486175,,1736412742
move,678,704,0,,1736412756.450182,,1736412742
move,678,706,1278.361475160012,,1736412756.450182,,1736412742
move,678,707,659.6892104435357,,1736412756.4516978,,1736412742
move,681,709,0,,1736412756.4516978,,1736412742
move,681,710,637.6260261477653,,1736412756.4532661,,1736412742
move,681,712,1275.2520522955306,,1736412756.4548345,,1736412742
move,682,713,0,,1736412756.4548345,,1736412742
move,683,715,1567.3042884858419,,1736412756.4562612,,1736412742
move,683,716,638.8886519421172,,1736412756.4578264,,1736412742
move,684,717,846.0478678527631,,1736412756.459498,,1736412742
move,685,718,0,,1736412756.459498,,1736412742
move,685,720,1281.0946854001222,,1736412756.461059,,1736412742
move,685,722,1981.248937175248,,1736412756.4620686,,1736412742
move,686,723,2790.0477899885805,,1736412756.4625754,,1736412742
move,687,724,909.9005371246698,,1736412756.4641297,,1736412742
move,689,725,0,,1736412756.4657164,,1736412742
move,689,727,1260.4970698722766,,1736412756.4668465,,1736412742
move,690,729,1978.6390004850798,,1736412756.4668465,,1736412742
move,690,730,0,,1736412756.4684277,,1736412742
move,691,731,894.3971051742645,,1736412756.4684277,,1736412742
move,692,733,1432.9639209013412,,1736412756.469988,,1736412742
move,692,734,0,,1736412756.469988,,1736412742
move,692,736,1278.1666920615571,,1736412756.4715528,,1736412742
move,693,738,2190.2729711114616,,1736412756.4730878,,1736412742
move,694,739,2751.2252326139715,,1736412756.4730878,,1736412742
move,694,740,627.7958389462656,,1736412756.4746807,,1736412742
move,696,741,0,,1736412756.476261,,1736412742
move,696,743,1265.6318648159324,,1736412756.476261,,1736412742
move,696,745,1657.8276679841897,,1736412756.4774673,,1736412742
move,697,746,0,,1736412756.4790285,,1736412742
move,698,747,905.8707393884732,,1736412756.4790285,,1736412742
move,698,748,641.4289646734975,,1736412756.4805875,,1736412742
move,699,751,2023.73418357566,,1736412756.48215,,1736412742
move,699,752,1900.4549161758043,,1736412756.4826763,,1736412742
move,700,753,1388.1679385714306,,1736412756.483695,,1736412742
move,700,754,921.825054945055,,1736412756.4847798,,1736412742
move,701,756,2102.858489304771,,1736412756.4858432,,1736412742
move,701,757,0,,1736412756.4858432,,1736412742
move,701,758,458.64450519409513,,1736412756.4880235,,1736412742
move,701,759,1786.3304940374787,,1736412756.4885833,,1736412742
move,703,764,1697.3786947639196,,1736412756.491756,,1736412742
move,704,765,0,,1736412756.491756,,1736412742
move,704,766,635.308088458043,,1736412756.49333,,1736412742
move,704,767,629.5863104172921,,1736412756.4949183,,1736412742
move,705,767,0,,1736412756.4949183,,1736412742
move,705,769,1276.416311625076,,1736412756.4964852,,1736412742
move,706,771,1114.7924476761295,,1736412756.4990175,,1736412742
move,706,772,1899.5942028985507,,1736412756.4990175,,1736412742
move,706,773,641.0368332569158,,1736412756.5005774,,1736412742
move,707,773,0,,1736412756.502166,,1736412742
move,707,774,629.4918205012757,,1736412756.502166,,1736412742
move,707,775,361.0488077816992,,1736412756.5049357,,1736412742
move,707,776,0,,1736412756.5049357,,1736412742
move,707,777,612.4859813084112,,1736412756.5065684,,1736412742
move,707,779,906.5825137793148,,1736412756.5092964,,1736412742
move,708,779,1916.0822293284605,,1736412756.5092964,,1736412742
move,708,780,667.7764687151728,,1736412756.510794,,1736412742
move,708,781,633.1980676328502,,1736412756.5123732,,1736412742
move,708,782,319.9560607216416,,1736412756.5154986,,1736412742
move,708,783,703.1523889354569,,1736412756.518105,,1736412742
move,708,784,185.63795697972913,,1736412756.5223076,,1736412742
move,708,785,159.81345018098685,,1736412756.5290978,,1736412742
move,708,785,0.0,,1736412756.820569,,1736412742
move,708,784,164.1285071414596,,1736412756.8266618,,1736412742
move,708,783,158.3234183904575,,1736412756.832978,,1736412742
move,708,782,208.588820370002,,1736412756.8377721,,1736412742
move,708,781,207.6799366211131,,1736412756.8425872,,1736412742
move,708,780,185.9177304964539,,1736412756.847966,,1736412742
move,708,778,287.3007740256182,,1736412756.8549273,,1736412742
move,708,777,320.54291173098966,,1736412756.858047,,1736412742
move,708,776,316.50347117416237,,1736412756.8612065,,1736412742
move,709,776,458.6946631671041,,1736412756.8633866,,1736412742
move,709,775,614.1001464128843,,1736412756.865015,,1736412742
move,710,774,447.53595907014653,,1736412756.868175,,1736412742
move,710,773,231.014760960564,,1736412756.8725038,,1736412742
move,712,772,706.8698268238829,,1736412756.875667,,1736412742
move,712,770,641.870686357028,,1736412756.878783,,1736412742
move,712,769,623.3175806211918,,1736412756.8803873,,1736412742
move,713,769,641.8215761285386,,1736412756.8819454,,1736412742
move,713,768,629.1141442927853,,1736412756.883535,,1736412742
move,714,768,626.1089714882818,,1736412756.885132,,1736412742
move,714,767,644.0884520884521,,1736412756.8866847,,1736412742
move,714,766,635.5969086225185,,1736412756.888258,,1736412742
move,714,765,628.0778676250375,,1736412756.8898501,,1736412742
move,715,765,636.1753374791446,,1736412756.891422,,1736412742
move,715,764,659.8967904342354,,1736412756.8939977,,1736412742
move,716,764,943.1760737575894,,1736412756.8939977,,1736412742
move,716,762,1291.3497536945813,,1736412756.8955464,,1736412742
move,716,761,316.43183704262543,,1736412756.8987067,,1736412742
move,717,761,875.2721202003339,,1736412756.8998492,,1736412742
move,717,760,0,,1736412756.8998492,,1736412742
move,718,760,234.90921310557266,,1736412756.9041061,,1736412742
move,718,759,380.43573696145125,,1736412756.9067347,,1736412742
move,720,758,706.2310890285601,,1736412756.909901,,1736412742
move,721,758,115.32000769844106,,1736412756.9201589,,1736412742
move,722,758,143.09658489986694,,1736412756.9255607,,1736412742
move,723,757,258.70732735152313,,1736412756.9310272,,1736412742
move,724,757,598.8440890919475,,1736412756.932697,,1736412742
move,725,757,255.03490210385505,,1736412756.9381628,,1736412742
move,725,756,647.3690384318568,,1736412756.9381628,,1736412742
move,726,756,616.2656479576845,,1736412756.9397855,,1736412742
move,728,756,752.4090052919545,,1736412756.9424436,,1736412742
move,728,755,633.9637243047158,,1736412756.944021,,1736412742
move,729,755,0,,1736412756.944021,,1736412742
move,730,755,321.033601224646,,1736412756.947136,,1736412742
move,731,755,401.1768531802965,,1736412756.9496286,,1736412742
move,731,753,1699.1306461413815,,1736412756.9508057,,1736412742
move,732,753,0,,1736412756.9508057,,1736412742
move,733,752,448.44950491537935,,1736412756.9539592,,1736412742
move,734,751,492.2932692767634,,1736412756.956832,,1736412742
move,736,751,3360.8205128205127,,1736412756.957427,,1736412742
move,736,750,908.6447140381282,,1736412756.9600973,,1736412742
move,737,750,637.0449574726609,,1736412756.9600973,,1736412742
move,738,750,563.6747748958473,,1736412756.9618714,,1736412742
move,739,749,1204.8835266129845,,1736412756.9641047,,1736412742
move,740,748,538.603614048463,,1736412756.9656708,,1736412742
move,741,748,0,,1736412756.9656708,,1736412742
move,741,747,465.72329558072397,,1736412756.967818,,1736412742
move,742,747,983.8855266244428,,1736412756.9688344,,1736412742
move,743,747,641.1348211556099,,1736412756.9703941,,1736412742
move,743,745,1284.6260336906585,,1736412756.971951,,1736412742
move,745,745,0,,1736412756.9735203,,1736412742
move,745,744,637.2385293223944,,1736412756.9735203,,1736412742
move,746,744,642.7067116150781,,1736412756.9750762,,1736412742
move,746,743,0,,1736412756.9750762,,1736412742
move,747,743,642.4113953132179,,1736412756.9766328,,1736412742
move,748,742,0,,1736412756.9782345,,1736412742
move,749,742,314.18007490636705,,1736412756.9804406,,1736412742
move,750,741,1251.9294220168263,,1736412756.9809453,,1736412742
move,750,740,641.5270724992353,,1736412756.9825041,,1736412742
move,751,739,1282.2398619791877,,1736412756.983607,,1736412742
move,753,739,0,,1736412756.9851966,,1736412742
move,754,737,748.8620937639156,,1736412756.987113,,1736412742
move,755,736,2719.688950717892,,1736412756.9881222,,1736412742
move,756,736,384.3049294484149,,1736412756.989715,,1736412742
move,756,734,1281.6818945760122,,1736412756.9912755,,1736412742
move,757,734,0,,1736412756.9912755,,1736412742
move,758,733,495.7494025504156,,1736412756.9941282,,1736412742
move,759,730,1458.1743446740188,,1736412756.996297,,1736412742
move,761,730,3929.0903981264637,,1736412756.996806,,1736412742
move,761,729,435.31956408925794,,1736412756.9997113,,1736412742
move,762,729,456.7963406665215,,1736412757.0012922,,1736412742
move,763,727,1779.6487404742463,,1736412757.0025487,,1736412742
move,764,726,912.4198740987114,,1736412757.0040987,,1736412742
move,765,725,0,,1736412757.0056622,,1736412742
move,765,724,639.5706007929247,,1736412757.0056622,,1736412742
move,766,723,875.9069110330364,,1736412757.0072768,,1736412742
move,766,721,879.8623872456471,,1736412757.0095499,,1736412742
move,766,720,1806.3324720068906,,1736412757.0113604,,1736412742
move,767,719,792.1529916554116,,1736412757.0118887,,1736412742
move,767,718,983.1936240037506,,1736412757.0129058,,1736412742
move,769,718,1242.3886255924172,,1736412757.0145156,,1736412742
move,769,716,1261.065544197234,,1736412757.0161016,,1736412742
move,770,716,363.2060962937305,,1736412757.0188549,,1736412742
move,770,715,977.0100163056138,,1736412757.0198784,,1736412742
move,770,713,0,,1736412757.0198784,,1736412742
move,771,713,633.580664652568,,1736412757.0214567,,1736412742
move,771,712,635.8859915100061,,1736412757.0230293,,1736412742
move,772,711,0,,1736412757.024628,,1736412742
move,772,710,323.95952730362245,,1736412757.0261161,,1736412742
move,772,709,0,,1736412757.0261161,,1736412742
move,772,708,354.6380316225586,,1736412757.028936,,1736412742
move,773,708,969.1090573012939,,1736412757.0299678,,1736412742
move,773,707,0,,1736412757.0299678,,1736412742
move,773,705,1268.1191232048375,,1736412757.031545,,1736412742
move,774,705,598.3315263908702,,1736412757.0332162,,1736412742
move,774,704,850.254206365295,,1736412757.0354085,,1736412742
move,774,703,655.4624160025004,,1736412757.035918,,1736412742
move,775,702,0,,1736412757.0375197,,1736412742
move,776,702,624.3381958916344,,1736412757.0375197,,1736412742
move,776,701,634.9234029669997,,1736412757.0401707,,1736412742
move,776,700,369.0544654641443,,1736412757.0418043,,1736412742
move,778,700,1260.8759957913724,,1736412757.0433905,,1736412742
move,778,699,632.8159324079662,,1736412757.0449708,,1736412742
move,779,699,1841.2221246707638,,1736412757.0455139,,1736412742
move,779,697,758.5322361877204,,1736412757.0481505,,1736412742
move,780,697,266.42342628469794,,1736412757.051904,,1736412742
move,780,696,346.00758950668205,,1736412757.054794,,1736412742
move,781,696,637.916958174905,,1736412757.0581348,,1736412742
move,781,695,201.26218809980807,,1736412757.0613303,,1736412742
move,782,695,609.4600406858472,,1736412757.062971,,1736412742
move,782,695,0.0,,1736412757.0800745,,1736412742
move,782,695,0.0,,1736412757.0816271,,1736412742
move,783,695,939.584229390681,,1736412757.0826914,,1736412742
move,786,701,0,,1736412757.0842519,,1736412742
move,789,695,4298.891762704024,,1736412757.0842519,,1736412742
move,791,695,1275.4459480006083,,1736412757.08582,,1736412742
move,790,695,315.81236352684283,,1736412757.0889864,,1736412742
move,790,695,0.0,,1736412757.0906477,,1736412742
move,789,695,632.9114229666516,,1736412757.0922277,,1736412742
move,789,695,0.0,,1736412757.0932367,,1736412742
move,791,698,2198.3977521273023,,1736412757.0948768,,1736412742
move,787,696,2892.889840314398,,1736412757.0964227,,1736412742
move,786,696,621.6546613309619,,1736412757.0980313,,1736412742
move,789,698,2343.163640669927,,1736412757.09957,,1736412742
move,784,698,5.138179319996433,,1736412758.0726774,,1736412742
move,784,699,633.580664652568,,1736412758.0742557,,1736412742
move,787,699,1898.7342688999547,,1736412758.0758357,,1736412742
move,783,698,2493.30427017743,,1736412758.0774894,,1736412742
move,786,695,4168.405904086944,,1736412758.0803785,,1736412742
move,784,695,1068.7486303987769,,1736412758.0803785,,1736412742
move,783,695,592.2485173679752,,1736412758.082067,,1736412742
move,783,694,622.300296735905,,1736412758.083674,,1736412742
move,779,693,1372.2868130416327,,1736412758.0866785,,1736412742
move,778,692,662.9754779832036,,1736412758.0888116,,1736412742
move,778,691,476.03041652479857,,1736412758.0909123,,1736412742
move,778,690,629.4918205012757,,1736412758.0941093,,1736412742
move,778,688,630.5801698864917,,1736412758.0956726,,1736412742
move,777,687,1131.3449554674276,,1736412758.0980172,,1736412742
move,777,686,913.592681333043,,1736412758.0980172,,1736412742
move,777,685,520.9021361152509,,1736412758.099937,,1736412742
move,777,684,654.4396941800593,,1736412758.1030378,,1736412742
move,773,680,1795.69866086906,,1736412758.1046152,,1736412742
move,772,680,0,,1736412758.106191,,1736412742
move,772,679,634.6351944318354,,1736412758.106191,,1736412742
move,772,678,635.1156874621441,,1736412758.1077654,,1736412742
move,771,676,1422.7470968293808,,1736412758.109337,,1736412742
move,771,675,391.15023780658396,,1736412758.1118937,,1736412742
move,771,674,559.91242824723,,1736412758.1136796,,1736412742
move,770,674,0,,1736412758.1136796,,1736412742
move,770,673,627.8898203592814,,1736412758.1152723,,1736412742
move,769,673,635.4043326768672,,1736412758.116846,,1736412742
move,769,672,0,,1736412758.116846,,1736412742
move,769,671,271.3179377708778,,1736412758.1205318,,1736412742
move,767,670,1104.68184479379,,1736412758.1230752,,1736412742
move,766,668,1071.7345288880447,,1736412758.1246424,,1736412742
move,765,668,638.8886519421172,,1736412758.1262076,,1736412742
move,765,667,636.1753374791446,,1736412758.1277795,,1736412742
move,765,666,320.71448233674874,,1736412758.1308975,,1736412742
move,765,665,154.7199822937032,,1736412758.1373608,,1736412742
move,765,664,71.67177594367834,,1736412758.1513133,,1736412742
move,765,663,126.11034607173998,,1736412758.1592429,,1736412742
move,765,662,81.35117731486869,,1736412758.172153,,1736412742
move,765,662,0.0,,1736412758.1748364,,1736412742
move,766,662,81.18583899502545,,1736412758.1871538,,1736412742
move,768,662,234.7317346167837,,1736412758.1956742,,1736412742
move,769,662,135.86110391293082,,1736412758.2030346,,1736412742
move,770,662,155.0631816333321,,1736412758.2094836,,1736412742
move,771,662,241.9697703934464,,1736412758.2136164,,1736412742
move,772,662,83.37747738793361,,1736412758.22561,,1736412742
move,772,661,22.293407603871565,,1736412758.2720716,,1736412742
move,772,659,104.98752205854746,,1736412758.2895162,,1736412742
move,772,658,56.73728779168076,,1736412758.3071413,,1736412742
move,772,658,0.0,,1736412758.3351204,,1736412742
move,772,658,0.0,,1736412758.3429966,,1736412742
move,772,660,136.63563214646382,,1736412758.358188,,1736412742
move,771,660,167.85272931006884,,1736412758.3651547,,1736412742
move,771,661,639.7657107992678,,1736412758.3651547,,1736412742
move,770,661,157.5502967470513,,1736412758.371502,,1736412742
move,770,662,214.00602071534263,,1736412758.3761747,,1736412742
move,769,662,111.03385837193912,,1736412758.385181,,1736412742
move,767,662,157.69542250211487,,1736412758.3978636,,1736412742
move,768,662,653.7256857855361,,1736412758.3993933,,1736412742
move,767,662,97.22540565600372,,1736412758.4096787,,1736412742
move,767,662,0.0,,1736412758.4189234,,1736412742
move,766,662,59.23572528139873,,1736412758.435805,,1736412742
move,766,661,631.1020162503762,,1736412758.4373896,,1736412742
move,766,659,245.99302073252983,,1736412758.44717,,1736412742
move,765,659,606.0257188267591,,1736412758.44717,,1736412742
move,764,659,88.94340182793647,,1736412758.4584131,,1736412742
move,764,658,634.155427880254,,1736412758.45999,,1736412742
move,763,658,28.932220459405393,,1736412758.4945536,,1736412742
move,762,658,106.88303348453188,,1736412758.5039096,,1736412742
move,762,658,0.0,,1736412758.5054874,,1736412742
move,762,658,0.0,,1736412758.510417,,1736412742
move,762,658,0.0,,1736412758.5168636,,1736412742
move,761,658,211.79074934356694,,1736412758.5215852,,1736412742
move,761,660,691.3308059996704,,1736412758.5244782,,1736412742
move,761,661,106.3977068060171,,1736412758.533877,,1736412742
move,759,661,338.5369869647686,,1736412758.5397847,,1736412742
move,761,661,622.6236176055816,,1736412758.542997,,1736412742
move,759,661,923.5503688208742,,1736412758.5451624,,1736412742
move,759,662,202.87820450807777,,1736412758.5500915,,1736412742
move,758,662,125.86058514628657,,1736412758.5580368,,1736412742
move,758,663,207.04432816665022,,1736412758.5628667,,1736412742
move,757,663,92.43034069372824,,1736412758.5736856,,1736412742
move,757,663,0.0,,1736412758.5758803,,1736412742
move,757,663,0.0,,1736412758.5844696,,1736412742
move,757,663,0.0,,1736412758.5860367,,1736412742
move,757,663,0.0,,1736412758.587598,,1736412742
move,757,663,0,,1736412758.587598,,1736412742
move,757,663,0.0,,1736412758.5892859,,1736412742
move,756,663,374.52486829181174,,1736412758.591956,,1736412742
move,753,663,1058.009921802741,,1736412758.5947914,,1736412742
move,754,663,559.0914422820581,,1736412758.5972033,,1736412742
move,755,663,97.45130111524163,,1736412758.6068416,,1736412742
move,755,663,0.0,,1736412758.6605644,,1736412742
move,755,663,0.0,,1736412758.6750135,,1736412742
move,755,663,0.0,,1736412758.6802008,,1736412742
move,755,663,0.0,,1736412758.720146,,1736412742
move,755,663,0.0,,1736412758.7259605,,1736412742
move,753,662,622.7175394926817,,1736412758.7311714,,1736412742
move,753,662,0.0,,1736412758.7478356,,1736412742
move,752,662,203.25179298313626,,1736412758.7527556,,1736412742
move,752,663,424.78266153534537,,1736412758.7551098,,1736412742
move,752,664,154.60022115739034,,1736412758.761578,,1736412742
move,752,665,155.08038157213636,,1736412758.7680264,,1736412742
move,752,666,85.00818808269153,,1736412758.77979,,1736412742
move,752,666,0.0,,1736412758.840114,,1736412742
move,752,665,13.788344203660845,,1736412758.9111211,,1736412742
move,752,664,37.69381610992784,,1736412758.9376507,,1736412742
move,752,663,42.866819970361284,,1736412758.9609787,,1736412742
move,752,662,72.27944648365472,,1736412758.974814,,1736412742
move,752,660,280.49916404734836,,1736412758.981944,,1736412742
move,752,659,123.42722617856512,,1736412758.990046,,1736412742
move,752,658,149.63090863686634,,1736412758.9967291,,1736412742
move,752,657,137.4911165016718,,1736412759.0040023,,1736412742
move,752,656,69.27237893902358,,1736412759.018438,,1736412742
move,752,656,0.0,,1736412759.1027083,,1736412742
move,752,657,32.95569297011888,,1736412759.133052,,1736412742
move,752,658,22.31926906232872,,1736412759.1778564,,1736412742
move,752,658,0.0,,1736412759.2601624,,1736412742
move,752,657,52.29153472135644,,1736412759.278281,,1736412742
move,752,656,19.68454448178115,,1736412759.3290823,,1736412742
move,752,656,0.0,,1736412759.3724453,,1736412742
move,751,656,97.68279845358424,,1736412759.3826826,,1736412742
move,750,656,75.96450175680081,,1736412759.3958466,,1736412742
move,750,657,320.3225904994654,,1736412759.3989685,,1736412742
move,749,657,138.11136356152656,,1736412759.406209,,1736412742
move,748,657,113.88899750190073,,1736412759.4149895,,1736412742
move,746,657,96.49398394184094,,1736412759.4357162,,1736412742
move,746,658,18.504908254249777,,1736412759.4897559,,1736412742
move,745,658,56.89120379789759,,1736412759.5073333,,1736412742
move,745,659,50.04837420201659,,1736412759.527314,,1736412742
move,745,661,77.6284505973478,,1736412759.5530777,,1736412742
move,745,662,126.41060880048222,,1736412759.5609884,,1736412742
move,745,663,102.89992885356101,,1736412759.5707066,,1736412742
move,745,664,73.5069050122678,,1736412759.5843108,,1736412742
move,745,665,88.67637793610858,,1736412759.5955877,,1736412742
move,744,665,617.7178203240059,,1736412759.5972066,,1736412742
move,744,666,316.0979727183661,,1736412759.6003702,,1736412742
move,744,667,69.04545080415494,,1736412759.6148534,,1736412742
move,744,669,17.805633796837753,,1736412759.7271774,,1736412742
move,743,669,102.05615845053288,,1736412759.736976,,1736412742
move,743,670,643.2981595092025,,1736412759.7400517,,1736412742
move,742,670,110.1763639706848,,1736412759.7476068,,1736412742
move,742,671,168.09490221224752,,1736412759.7551782,,1736412742
move,741,671,616.3562086700955,,1736412759.7551782,,1736412742
move,740,671,136.5955839249658,,1736412759.762499,,1736412742
move,738,671,329.18447592512655,,1736412759.7685747,,1736412742
move,738,672,602.6298850574713,,1736412759.770234,,1736412742
move,737,672,658.8601947847942,,1736412759.7717519,,1736412742
move,735,672,417.5098546685248,,1736412759.7765422,,1736412742
move,732,672,464.93171741058234,,1736412759.7829947,,1736412742
move,731,672,629.5863104172921,,1736412759.784583,,1736412742
move,731,673,622.300296735905,,1736412759.78619,,1736412742
move,730,673,635.2118733908829,,1736412759.7877643,,1736412742
move,729,673,869.8266279552053,,1736412759.788914,,1736412742
move,728,673,641.9198041016223,,1736412759.7904718,,1736412742
move,727,673,636.8515031885819,,1736412759.792042,,1736412742
move,726,673,353.77058029689607,,1736412759.7948687,,1736412742
move,724,673,0,,1736412759.7948687,,1736412742
move,723,673,264.94245467753143,,1736412759.7992046,,1736412742
move,722,673,553.9228737453777,,1736412759.8004484,,1736412742
move,721,673,0,,1736412759.8020165,,1736412742
move,720,674,494.01529120643977,,1736412759.803311,,1736412742
move,719,675,341.7828638153686,,1736412759.8074489,,1736412742
move,718,676,457.3355128385291,,1736412759.8105412,,1736412742
move,718,678,649.5244289585753,,1736412759.8136203,,1736412742
move,714,679,3495.0603108226874,,1736412759.8148,,1736412742
move,714,680,0,,1736412759.8163602,,1736412742
move,714,681,213.8750701137117,,1736412759.8194757,,1736412742
move,714,682,641.8215761285386,,1736412759.8210337,,1736412742
move,713,683,906.8401775746404,,1736412759.8241594,,1736412742
move,713,685,1276.9992388491398,,1736412759.8241594,,1736412742
move,713,686,637.7229740003041,,1736412759.8257275,,1736412742
move,713,687,318.23247344461305,,1736412759.8288698,,1736412742
move,714,688,1309.4131570674883,,1736412759.8299499,,1736412742
move,714,688,0.0,,1736412759.8304732,,1736412742
move,713,689,605.3313196770816,,1736412759.8328094,,1736412742
move,714,690,904.3515172306331,,1736412759.8343732,,1736412742
move,714,692,1270.8086653537343,,1736412759.835947,,1736412742
move,720,697,2493.420722838635,,1736412759.8390794,,1736412742
move,720,699,0,,1736412759.8390794,,1736412742
move,721,700,564.0587296990988,,1736412759.8415866,,1736412742
move,722,700,614.8202873057754,,1736412759.843213,,1736412742
move,722,702,1290.7536544083705,,1736412759.8447626,,1736412742
move,722,702,0.0,,1736412759.8479133,,1736412742
move,722,703,0,,1736412759.8479133,,1736412742
move,722,704,625.6420047732697,,1736412759.8495116,,1736412742
move,722,706,1279.1412015858493,,1736412759.8510752,,1736412742
move,722,707,739.3449673893883,,1736412759.8540146,,1736412742
move,722,708,321.6244153055747,,1736412759.855537,,1736412742
move,722,709,641.3308868501529,,1736412759.8570962,,1736412742
move,722,710,320.1270035109144,,1736412759.86022,,1736412742
move,723,713,1175.2218535490763,,1736412759.8629107,,1736412742
move,724,714,934.705578555897,,1736412759.8644238,,1736412742
move,724,715,325.16505155438404,,1736412759.867499,,1736412742
move,724,716,639.180737580006,,1736412759.8690636,,1736412742
move,726,716,1245.3396674584324,,1736412759.8706696,,1736412742
move,726,717,1.3906668284683417,,1736412760.589749,,1736412742
move,725,717,108.7593413717101,,1736412760.5989437,,1736412742
move,724,717,104.53875679178506,,1736412760.6085095,,1736412742
move,723,717,286.1834061135371,,1736412760.6120038,,1736412742
move,723,717,0.0,,1736412760.6136096,,1736412742
move,723,717,0.0,,1736412760.6168585,,1736412742
move,723,717,0.0,,1736412760.6174996,,1736412742
move,722,717,1533.566361974406,,1736412760.6181517,,1736412742
move,722,717,0.0,,1736412760.6197531,,1736412742
move,722,717,0,,1736412760.621372,,1736412742
move,721,717,617.7178203240059,,1736412760.621372,,1736412742
move,720,717,649.4741406008052,,1736412760.6229117,,1736412742
move,717,717,1940.9088385006942,,1736412760.6260319,,1736412742
move,717,716,635.1156874621441,,1736412760.6260319,,1736412742
move,719,716,1291.3497536945813,,1736412760.6275806,,1736412742
move,719,715,0,,1736412760.6291568,,1736412742
move,717,715,1268.8864014521253,,1736412760.6291568,,1736412742
move,717,714,270.11231324059764,,1736412760.632859,,1736412742
move,719,714,1324.377644458478,,1736412760.6343691,,1736412742
move,714,714,4976.630280018984,,1736412760.6353738,,1736412742
move,713,714,641.6252103411351,,1736412760.6369324,,1736412742
move,713,711,2766.083095185755,,1736412760.638017,,1736412742
move,711,711,716.5463397967028,,1736412760.640808,,1736412742
move,711,710,0,,1736412760.640808,,1736412742
move,710,710,321.52579532387887,,1736412760.6439183,,1736412742
move,709,709,0,,1736412760.6439183,,1736412742
move,708,708,453.35077969395616,,1736412760.6470377,,1736412742
move,707,708,642.7067116150781,,1736412760.6485937,,1736412742
move,707,707,0,,1736412760.6503012,,1736412742
move,706,706,431.32937765530266,,1736412760.6518724,,1736412742
move,705,706,636.9482156416097,,1736412760.6534424,,1736412742
move,703,706,1283.2504206822703,,1736412760.655001,,1736412742
move,703,704,1274.4770586447887,,1736412760.6565702,,1736412742
move,702,704,0,,1736412760.6581368,,1736412742
move,701,704,324.86283014483774,,1736412760.6596484,,1736412742
move,700,703,1406.9358637371258,,1736412760.6606536,,1736412742
move,699,703,638.5968331303288,,1736412760.6622195,,1736412742
move,699,702,845.6258064516129,,1736412760.663402,,1736412742
move,698,702,896.4103440906176,,1736412760.6645176,,1736412742
move,698,701,608.7523947750362,,1736412760.6661603,,1736412742
move,698,700,0,,1736412760.6661603,,1736412742
move,697,700,631.9578122645773,,1736412760.6677427,,1736412742
move,695,700,0,,1736412760.6677427,,1736412742
move,694,699,927.9789739542745,,1736412760.6692667,,1736412742
move,692,697,1072.1448895645228,,1736412760.6719048,,1736412742
move,691,696,894.9368740971216,,1736412760.675061,,1736412742
move,690,696,634.5391830559757,,1736412760.675061,,1736412742
move,688,696,1273.8964312832195,,1736412760.676631,,1736412742
move,688,695,0,,1736412760.6781838,,1736412742
move,687,694,910.7387688493355,,1736412760.6781838,,1736412742
move,686,694,655.5648640200062,,1736412760.6797092,,1736412742
move,685,694,609.9031554456885,,1736412760.6824384,,1736412742
move,684,693,1297.9522103973134,,1736412760.6824384,,1736412742
move,684,692,684.0026092628832,,1736412760.6839004,,1736412742
move,683,692,636.6581663630844,,1736412760.685471,,1736412742
move,682,692,638.1110603986003,,1736412760.6870382,,1736412742
move,680,692,1705.694997966653,,1736412760.6882107,,1736412742
move,680,691,0,,1736412760.6882107,,1736412742
move,679,690,906.8401775746404,,1736412760.6902947,,1736412742
move,678,690,1906.5018181818182,,1736412760.691314,,1736412742
move,677,688,856.5067454154592,,1736412760.6929054,,1736412742
move,676,688,0,,1736412760.6929054,,1736412742
move,675,687,915.9421867689504,,1736412760.6960049,,1736412742
move,674,686,432.84016356652967,,1736412760.6977167,,1736412742
move,672,686,1271.9648218347234,,1736412760.699289,,1736412742
move,671,686,933.311971517579,,1736412760.7003605,,1736412742
move,671,685,643.1008892977615,,1736412760.7019155,,1736412742
move,670,685,0,,1736412760.7030818,,1736412742
move,670,684,857.380212591987,,1736412760.7030818,,1736412742
move,669,684,836.3517447657028,,1736412760.7042775,,1736412742
move,668,684,637.8199513381995,,1736412760.7058454,,1736412742
move,667,684,637.3353593678772,,1736412760.7074144,,1736412742
move,667,683,0,,1736412760.708975,,1736412742
move,664,683,959.575383207504,,1736412760.7121234,,1736412742
move,664,682,631.8626092196445,,1736412760.7121234,,1736412742
move,663,680,1355.3105292339997,,1736412760.7137733,,1736412742
move,662,680,318.9342255341799,,1736412760.7169087,,1736412742
move,661,680,638.6940764428201,,1736412760.7200372,,1736412742
move,660,679,547.8058368595975,,1736412760.721056,,1736412742
move,659,679,714.4104922500426,,1736412760.7240045,,1736412742
move,658,679,321.87123014350396,,1736412760.7255626,,1736412742
move,658,678,0,,1736412760.7271307,,1736412742
move,656,678,638.6454510848877,,1736412760.7286942,,1736412742
move,655,678,624.896305125149,,1736412760.7302945,,1736412742
move,654,678,383.14643281264273,,1736412760.7329044,,1736412742
move,654,677,643.1008892977615,,1736412760.7344594,,1736412742
move,653,677,0,,1736412760.7360315,,1736412742
move,652,677,320.788068833652,,1736412760.7375767,,1736412742
move,652,676,642.4113953132179,,1736412760.7391334,,1736412742
move,651,676,380.2632819582956,,1736412760.741763,,1736412742
move,650,676,660.5203149606299,,1736412760.743277,,1736412742
move,648,676,632.8636740852509,,1736412760.7464373,,1736412742
move,647,676,643.9895593428528,,1736412760.7479901,,1736412742
move,646,676,639.3756097560976,,1736412760.7495542,,1736412742
move,645,676,641.0368332569158,,1736412760.7511141,,1736412742
move,644,676,991.3268730796502,,1736412760.7521229,,1736412742
move,644,675,644.3853126440314,,1736412760.7536747,,1736412742
move,643,675,317.4376750170287,,1736412760.756825,,1736412742
move,642,675,648.2695517774343,,1736412760.7583675,,1736412742
move,640,675,1250.7243178768451,,1736412760.7599666,,1736412742
move,639,675,624.896305125149,,1736412760.7615669,,1736412742
move,638,675,992.0302743614002,,1736412760.762575,,1736412742
move,638,674,649.8766656337156,,1736412760.7641137,,1736412742
move,637,674,645.4761465066174,,1736412760.765663,,1736412742
move,636,674,468.74206526598124,,1736412760.7677963,,1736412742
move,633,674,1451.986152780983,,1736412760.7698624,,1736412742
move,632,674,318.13592233009706,,1736412760.7730057,,1736412742
move,631,672,1132.1522045267116,,1736412760.7749808,,1736412742
move,630,672,636.0788595693055,,1736412760.776553,,1736412742
move,629,672,312.6344663088849,,1736412760.7797515,,1736412742
move,628,671,909.4819996190927,,1736412760.7813065,,1736412742
move,627,671,348.7696657242641,,1736412760.7841737,,1736412742
move,626,671,380.1598839844104,,1736412760.7868042,,1736412742
move,624,671,1216.445475638051,,1736412760.7884483,,1736412742
move,624,670,619.6342148027774,,1736412760.7900622,,1736412742
move,623,670,633.1024905660378,,1736412760.7916417,,1736412742
move,622,670,184.49476554939739,,1736412760.797062,,1736412742
move,621,670,158.0549421562347,,1736412760.8033888,,1736412742
move,621,669,682.0006504065041,,1736412760.804855,,1736412742
move,620,669,113.20964128586466,,1736412760.8136883,,1736412742
move,619,668,98.66664894899569,,1736412760.8280215,,1736412742
move,619,667,93.30420661579872,,1736412760.8387392,,1736412742
move,619,666,57.97962427945425,,1736412760.8559866,,1736412742
move,618,666,0,,1736412760.8574314,,1736412742
move,618,665,42.203859853897086,,1736412760.8801851,,1736412742
move,616,665,339.0432463018349,,1736412760.88558,,1736412742
move,616,663,402.2348597458643,,1736412760.8921468,,1736412742
move,616,662,92.15010106336233,,1736412760.903045,,1736412742
move,615,662,155.8409749572713,,1736412760.907821,,1736412742
move,615,661,204.63014099624334,,1736412760.9127078,,1736412742
move,615,660,160.30820975386027,,1736412760.9189458,,1736412742
move,615,659,85.77659617980285,,1736412760.930604,,1736412742
move,614,659,323.31025977029213,,1736412760.933697,,1736412742
move,614,658,82.17841258645349,,1736412760.9458656,,1736412742
move,613,658,8.061287483038697,,1736412761.0699153,,1736412742
move,612,658,321.35335580753906,,1736412761.0730271,,1736412742
move,611,658,146.88509893188584,,1736412761.0798352,,1736412742
move,610,658,237.7858155224219,,1736412761.0840406,,1736412742
move,608,658,596.3324091846165,,1736412761.0873945,,1736412742
move,607,658,298.3146514935989,,1736412761.0907466,,1736412742
move,606,658,190.11440485903364,,1736412761.0960066,,1736412742
move,605,658,391.1867188957284,,1736412761.100164,,1736412742
move,604,658,209.04625199362042,,1736412761.1033466,,1736412742
move,603,658,185.43277775321633,,1736412761.1087394,,1736412742
move,602,658,448.92475650219416,,1736412761.110967,,1736412742
move,600,658,338.7010134453103,,1736412761.1168718,,1736412742
move,599,658,622.3926398575456,,1736412761.1184785,,1736412742
move,598,658,139.09610665251708,,1736412761.1256678,,1736412742
move,597,658,197.9939577039275,,1736412761.1307185,,1736412742
move,596,658,342.6718954248366,,1736412761.1336367,,1736412742
move,595,658,234.88290306322452,,1736412761.1378942,,1736412742
move,594,658,637.6260261477653,,1736412761.1394625,,1736412742
move,593,658,224.91977691977692,,1736412761.1439085,,1736412742
move,591,658,720.7946382539956,,1736412761.1466832,,1736412742
move,590,658,337.9777598710717,,1736412761.149642,,1736412742
move,589,658,318.9342255341799,,1736412761.1527774,,1736412742
move,588,658,647.66893143916,,1736412761.1543214,,1736412742
move,587,658,379.9532566355648,,1736412761.1569533,,1736412742
move,586,658,587.8491941135248,,1736412761.160213,,1736412742
move,586,658,0.0,,1736412761.160213,,1736412742
move,585,658,633.6763861610515,,1736412761.161791,,1736412742
move,583,658,1264.8685162846803,,1736412761.164967,,1736412742
move,582,658,627.0449992525041,,1736412761.164967,,1736412742
move,581,658,476.46302396910147,,1736412761.1670659,,1736412742
move,580,658,471.48201438848923,,1736412761.1691868,,1736412742
move,579,658,647.4689719049089,,1736412761.1707313,,1736412742
move,578,658,307.6807511737089,,1736412761.1739814,,1736412742
move,577,658,638.4024353120244,,1736412761.1755478,,1736412742
move,577,657,781.0621973929236,,1736412761.1768281,,1736412742
move,575,657,3835.6689529035207,,1736412761.1773496,,1736412742
move,574,655,863.7639401638679,,1736412761.1799383,,1736412742
move,573,655,623.7810826888757,,1736412761.183106,,1736412742
move,572,655,318.7645538835689,,1736412761.1846786,,1736412742
move,571,655,321.50114977770966,,1736412761.187789,,1736412742
move,570,655,157.28443394457568,,1736412761.1941469,,1736412742
move,569,655,215.75637860082304,,1736412761.1987817,,1736412742
move,569,654,995.3260560037969,,1736412761.1997864,,1736412742
move,567,654,1277.971968312005,,1736412761.2013514,,1736412742
move,566,654,637.4322188449848,,1736412761.2029202,,1736412742
move,566,653,311.381143281366,,1736412761.2061317,,1736412742
move,565,653,621.4704400651948,,1736412761.2077408,,1736412742
move,564,653,377.62708202034753,,1736412761.210389,,1736412742
move,563,653,135.23469289053685,,1736412761.2177835,,1736412742
move,563,652,377.32133861101113,,1736412761.2219872,,1736412742
move,562,652,265.63039898670047,,1736412761.2241983,,1736412742
move,562,651,60.97258322430586,,1736412761.2405992,,1736412742
move,562,650,45.306602143104044,,1736412761.262671,,1736412742
move,562,649,200.64600076540376,,1736412761.267655,,1736412742
move,562,649,0.0,,1736412761.2692163,,1736412742
move,562,647,1273.7030063771638,,1736412761.2707865,,1736412742
move,563,647,1935.534840793724,,1736412761.2713032,,1736412742
move,563,646,421.8772882719775,,1736412761.2736735,,1736412742
move,564,646,736.3595505617977,,1736412761.2750316,,1736412742
move,564,645,0,,1736412761.2750316,,1736412742
move,565,644,444.2844432264042,,1736412761.2782147,,1736412742
move,566,643,1071.4670522969152,,1736412761.2811131,,1736412742
move,566,642,309.31445427728613,,1736412761.2827675,,1736412742
move,568,642,0,,1736412761.2843113,,1736412742
move,568,641,319.1526403895906,,1736412761.2859008,,1736412742
move,569,641,0,,1736412761.2859008,,1736412742
move,569,639,1271.386480751743,,1736412761.287474,,1736412742
move,570,639,316.575137746245,,1736412761.2906327,,1736412742
move,570,637,648.3196537599505,,1736412761.2937176,,1736412742
move,571,637,0,,1736412761.2937176,,1736412742
move,571,636,212.2945791365086,,1736412761.298428,,1736412742
move,572,636,321.3287366888838,,1736412761.3015401,,1736412742
move,573,635,933.9697057968386,,1736412761.3040633,,1736412742
move,573,634,172.71882721133255,,1736412761.308844,,1736412742
move,574,633,155.01075632456286,,1736412761.3179674,,1736412742
move,574,631,312.40160881871,,1736412761.3243694,,1736412742
move,574,632,11.18579501662813,,1736412761.4137685,,1736412742
move,574,632,0.0,,1736412761.5377004,,1736412742
move,573,632,315.97890613228867,,1736412761.5408652,,1736412742
move,572,632,125.48403889304413,,1736412761.5488343,,1736412742
move,571,632,466.2409959982214,,1736412761.5509791,,1736412742
move,570,632,659.1708313688512,,1736412761.5524962,,1736412742
move,569,632,240.67848740460207,,1736412761.556651,,1736412742
move,567,632,1702.579257154455,,1736412761.5578258,,1736412742
move,567,633,458.54422214933857,,1736412761.5600066,,1736412742
move,566,633,1975.649552520019,,1736412761.5605128,,1736412742
move,565,633,623.0398098633393,,1736412761.5621178,,1736412742
move,564,633,968.8851928851929,,1736412761.5644422,,1736412742
move,563,633,390.603836841125,,1736412761.56571,,1736412742
move,562,633,644.0884520884521,,1736412761.5672626,,1736412742
move,561,633,626.2959534119755,,1736412761.5688593,,1736412742
move,561,634,0,,1736412761.5688593,,1736412742
move,560,634,637.8199513381995,,1736412761.5704272,,1736412742
move,558,634,1270.616176916086,,1736412761.5720012,,1736412742
move,556,634,1426.3914300289066,,1736412761.5734034,,1736412742
move,555,634,640.8409472880061,,1736412761.5749638,,1736412742
move,554,634,387.9663305892147,,1736412761.5780551,,1736412742
move,553,634,482.76979742173114,,1736412761.5796127,,1736412742
move,551,635,0,,1736412761.5796127,,1736412742
move,550,635,641.7233782129742,,1736412761.581171,,1736412742
move,548,635,1760.0939991607218,,1736412761.5840273,,1736412742
move,547,635,304.0231951290229,,1736412761.5855966,,1736412742
move,546,635,0,,1736412761.5855966,,1736412742
move,544,636,1072.347228710185,,1736412761.5876818,,1736412742
move,543,636,994.6179748636472,,1736412761.5886872,,1736412742
move,542,636,0,,1736412761.5886872,,1736412742
move,541,637,902.6999850122846,,1736412761.5902538,,1736412742
move,540,637,636.9482156416097,,1736412761.5918238,,1736412742
move,539,637,964.6513339466421,,1736412761.5928605,,1736412742
move,536,637,1975.649552520019,,1736412761.594379,,1736412742
move,535,637,639.6681409181028,,1736412761.5959423,,1736412742
move,534,637,0,,1736412761.5959423,,1736412742
move,533,638,906.4244501093708,,1736412761.5975025,,1736412742
move,532,638,574.0903367095538,,1736412761.5992444,,1736412742
move,531,638,0,,1736412761.5992444,,1736412742
move,528,638,1914.333181195801,,1736412761.6008115,,1736412742
move,528,639,0,,1736412761.602388,,1736412742
move,526,639,1268.6944948578343,,1736412761.6034,,1736412742
move,525,639,988.0574793875147,,1736412761.6046135,,1736412742
move,524,639,824.0282907662082,,1736412761.6046135,,1736412742
move,521,639,2485.7589885420784,,1736412761.6058204,,1736412742
move,520,639,0,,1736412761.6074317,,1736412742
move,519,639,468.6373184357542,,1736412761.6079543,,1736412742
move,518,639,991.5612293144208,,1736412761.6089628,,1736412742
move,517,641,0,,1736412761.6089628,,1736412742
move,514,641,1589.3535430087154,,1736412761.6108503,,1736412742
move,513,641,978.3774201073012,,1736412761.6118724,,1736412742
move,512,641,1920.4688644688645,,1736412761.6123931,,1736412742
move,509,641,1910.8446469248292,,1736412761.6139631,,1736412742
move,508,641,820.9637893912703,,1736412761.6151812,,1736412742
move,507,641,0,,1736412761.6151812,,1736412742
move,506,641,635.8859915100061,,1736412761.6167538,,1736412742
move,504,641,1889.3261261261262,,1736412761.6178124,,1736412742
move,503,641,0,,1736412761.6178124,,1736412742
move,501,641,1272.3506749582891,,1736412761.6193843,,1736412742
move,500,641,639.2781588172535,,1736412761.6209486,,1736412742
move,498,641,0,,1736412761.6209486,,1736412742
move,497,641,639.180737580006,,1736412761.622513,,1736412742
move,494,641,1974.4095402479209,,1736412761.624552,,1736412742
move,493,641,1924.8756310234053,,1736412761.624552,,1736412742
move,492,641,654.3375975039002,,1736412761.6260803,,1736412742
move,490,641,1980.7811097992917,,1736412761.62709,,1736412742
move,488,641,0,,1736412761.62709,,1736412742
move,487,642,910.7387688493355,,1736412761.6286428,,1736412742
move,486,642,0,,1736412761.6286428,,1736412742
move,484,642,1276.9992388491398,,1736412761.630209,,1736412742
move,483,642,619.725768321513,,1736412761.6318226,,1736412742
move,480,642,5696.202806699865,,1736412761.6323493,,1736412742
move,478,642,920.4090410357692,,1736412761.6345222,,1736412742
move,476,642,0,,1736412761.636106,,1736412742
move,475,642,631.3870239349692,,1736412761.636106,,1736412742
move,474,642,626.1089714882818,,1736412761.6377032,,1736412742
move,473,642,0,,1736412761.6377032,,1736412742
move,471,642,1282.6617737003057,,1736412761.6392624,,1736412742
move,470,642,657.6205707118219,,1736412761.640783,,1736412742
move,468,642,0,,1736412761.640783,,1736412742
move,467,642,640.0585991149092,,1736412761.6423454,,1736412742
move,466,642,633.8679159740063,,1736412761.643923,,1736412742
move,465,642,839.0286057211442,,1736412761.645115,,1736412742
move,464,642,0,,1736412761.645115,,1736412742
move,463,642,624.80321763742,,1736412761.6467154,,1736412742
move,462,642,807.5286869464767,,1736412761.6479537,,1736412742
move,460,642,0,,1736412761.6479537,,1736412742
move,459,642,635.5006060606061,,1736412761.6495273,,1736412742
move,458,642,658.9637077769049,,1736412761.6510448,,1736412742
move,457,642,1781.7774001699236,,1736412761.651606,,1736412742
move,456,642,1969.156807511737,,1736412761.652114,,1736412742
move,453,642,1914.6244674376142,,1736412761.6536808,,1736412742
move,452,642,320.0781440781441,,1736412761.656805,,1736412742
move,451,642,0,,1736412761.656805,,1736412742
move,449,642,639.4243463678634,,1736412761.6599329,,1736412742
move,449,640,0,,1736412761.6599329,,1736412742
move,446,640,1013.3616815655955,,1736412761.6628933,,1736412742
move,445,640,615.0005865102639,,1736412761.6645193,,1736412742
move,444,640,923.2454325335681,,1736412761.6656024,,1736412742
move,443,640,632.529633539436,,1736412761.6671834,,1736412742
move,442,640,380.74655047204067,,1736412761.6698098,,1736412742
move,441,640,0,,1736412761.6698098,,1736412742
move,440,640,323.73448595245446,,1736412761.6728988,,1736412742
move,438,640,1093.8333550658494,,1736412761.6747272,,1736412742
move,437,640,650.1788869942644,,1736412761.6762652,,1736412742
move,436,640,989.9230587679962,,1736412761.6772754,,1736412742
move,435,639,895.747750153386,,1736412761.6788542,,1736412742
move,434,639,610.4357444331247,,1736412761.6820521,,1736412742
move,433,639,320.1758778625954,,1736412761.6836157,,1736412742
move,432,639,631.0070708590341,,1736412761.6852005,,1736412742
move,430,639,1979.3789523360076,,1736412761.6862109,,1736412742
move,429,639,322.787748191473,,1736412761.689309,,1736412742
move,428,639,634.4432007260626,,1736412761.690885,,1736412742
move,427,639,363.646956823305,,1736412761.693635,,1736412742
move,426,639,701.0369379909745,,1736412761.6950614,,1736412742
move,425,639,605.3260210708615,,1736412761.6967134,,1736412742
move,424,639,1785.570029799915,,1736412761.6972735,,1736412742
move,422,639,776.1480384900074,,1736412761.6998503,,1736412742
move,421,639,627.8898203592814,,1736412761.701443,,1736412742
move,420,639,640.4495342800427,,1736412761.7030044,,1736412742
move,419,639,637.4322188449848,,1736412761.7045732,,1736412742
move,418,639,636.3683811257775,,1736412761.7061446,,1736412742
move,417,639,945.5148782687105,,1736412761.7072022,,1736412742
move,416,639,618.5376788084353,,1736412761.708819,,1736412742
move,414,639,639.6681409181028,,1736412761.7119455,,1736412742
move,413,639,0,,1736412761.7119455,,1736412742
move,412,639,634.6351944318354,,1736412761.7150824,,1736412742
move,411,639,320.8616891064871,,1736412761.7166378,,1736412742
move,410,639,922.0276983952517,,1736412761.7177224,,1736412742
move,409,639,624.059514953132,,1736412761.7193248,,1736412742
move,408,639,656.5911083281152,,1736412761.7208478,,1736412742
move,407,639,831.7081102518342,,1736412761.7220502,,1736412742
move,405,639,1284.232700551133,,1736412761.7236075,,1736412742
move,404,639,0,,1736412761.7236075,,1736412742
move,403,639,314.9349752215047,,1736412761.7267828,,1736412742
move,402,639,870.1875518672199,,1736412761.727932,,1736412742
move,401,639,630.1538461538462,,1736412761.731046,,1736412742
move,400,639,654.848399687744,,1736412761.731046,,1736412742
move,399,639,658.8601947847942,,1736412761.7341263,,1736412742
move,397,639,638.6940764428201,,1736412761.7356951,,1736412742
move,396,639,0,,1736412761.7356951,,1736412742
move,395,639,317.077713940127,,1736412761.738849,,1736412742
move,394,639,0,,1736412761.738849,,1736412742
move,393,639,384.23451813851227,,1736412761.7419572,,1736412742
move,392,639,1977.5124941065535,,1736412761.7419572,,1736412742
move,391,639,643.9895593428528,,1736412761.74351,,1736412742
move,389,639,641.4289646734975,,1736412761.746628,,1736412742
move,388,639,0,,1736412761.746628,,1736412742
move,387,639,325.0390576565406,,1736412761.7497046,,1736412742
move,386,639,987.5921827172122,,1736412761.7507172,,1736412742
move,385,639,660.4163123917493,,1736412761.7522314,,1736412742
move,384,639,640.1562881562882,,1736412761.7537935,,1736412742
move,383,639,0,,1736412761.7553551,,1736412742
move,381,639,1280.7035114503817,,1736412761.7569718,,1736412742
move,380,639,618.5376788084353,,1736412761.7569718,,1736412742
move,379,639,635.5969086225185,,1736412761.7590663,,1736412742
move,378,639,971.1285019680481,,1736412761.759575,,1736412742
move,377,639,377.86522522522523,,1736412761.7622213,,1736412742
move,376,639,629.9645539200961,,1736412761.7638087,,1736412742
move,375,639,637.8199513381995,,1736412761.7653766,,1736412742
move,374,639,638.4024353120244,,1736412761.766943,,1736412742
move,372,639,0,,1736412761.766943,,1736412742
move,370,639,636.3201092315861,,1736412761.770086,,1736412742
move,370,638,386.4649405694278,,1736412761.7726736,,1736412742
move,369,638,1974.719397363465,,1736412761.77318,,1736412742
move,368,638,382.34311759343666,,1736412761.7757955,,1736412742
move,367,638,0,,1736412761.7757955,,1736412742
move,365,638,1286.0045991108386,,1736412761.7773507,,1736412742
move,364,638,379.3347200868228,,1736412761.7799869,,1736412742
move,363,638,1717.5692055692057,,1736412761.7811534,,1736412742
move,362,638,1711.2623419012648,,1736412761.7811534,,1736412742
move,361,637,906.5629835726306,,1736412761.7827134,,1736412742
move,360,637,632.9114229666516,,1736412761.7842934,,1736412742
move,359,637,643.6930632289748,,1736412761.785847,,1736412742
move,357,637,1295.5379150579151,,1736412761.7890456,,1736412742
move,356,637,604.2794986313212,,1736412761.7890456,,1736412742
move,355,636,910.7387688493355,,1736412761.7905984,,1736412742
move,354,636,0,,1736412761.792175,,1736412742
move,353,636,323.21060337520225,,1736412761.7936924,,1736412742
move,352,636,0,,1736412761.7936924,,1736412742
move,351,636,321.23029792448494,,1736412761.7968054,,1736412742
move,349,636,0,,1736412761.7968054,,1736412742
move,348,635,899.4149509500717,,1736412761.7999675,,1736412742
move,347,635,321.87123014350396,,1736412761.8014846,,1736412742
move,346,634,1406.9358637371258,,1736412761.8024898,,1736412742
move,345,634,989.9230587679962,,1736412761.8035,,1736412742
move,344,634,549.2802514405448,,1736412761.8053205,,1736412742
move,343,634,374.993652212785,,1736412761.8079872,,1736412742
move,342,634,0,,1736412761.8090632,,1736412742
move,340,634,1858.7653445601595,,1736412761.8090632,,1736412742
move,339,634,388.217697149204,,1736412761.811639,,1736412742
move,338,633,668.655349060503,,1736412761.813754,,1736412742
move,337,633,991.3268730796502,,1736412761.8147628,,1736412742
move,336,631,1476.5032843670149,,1736412761.8162773,,1736412742
move,335,631,642.4113953132179,,1736412761.817834,,1736412742
move,334,631,640.5473427000611,,1736412761.8200247,,1736412742
move,332,631,1738.2113551595523,,1736412761.8221166,,1736412742
move,331,631,357.08360292865655,,1736412761.8233461,,1736412742
move,330,631,635.5006060606061,,1736412761.8249197,,1736412742
move,329,631,639.180737580006,,1736412761.8280566,,1736412742
move,329,630,635.9824109173617,,1736412761.8280566,,1736412742
move,328,630,552.100039489272,,1736412761.8298678,,1736412742
move,327,630,387.5719829975975,,1736412761.832448,,1736412742
move,326,630,626.7638971906754,,1736412761.8340435,,1736412742
move,324,630,416.5975367500993,,1736412761.8388443,,1736412742
move,323,630,643.3968400061359,,1736412761.8419473,,1736412742
move,323,629,645.6748768472906,,1736412761.8419473,,1736412742
move,322,629,184.0171982626245,,1736412761.8473816,,1736412742
move,321,629,212.24086630907803,,1736412761.8520932,,1736412742
move,320,629,208.79649542015133,,1736412761.8568826,,1736412742
move,319,629,153.62062776984214,,1736412761.863392,,1736412742
move,318,629,297.3629209500177,,1736412761.866755,,1736412742
move,318,629,0.0,,1736412761.8699732,,1736412742
move,316,629,631.719858423074,,1736412761.8731391,,1736412742
move,315,629,633.1980676328502,,1736412761.8747184,,1736412742
move,314,629,313.78050422682725,,1736412761.8779054,,1736412742
move,313,630,296.6117412499111,,1736412761.8826733,,1736412742
move,312,630,604.0184331797235,,1736412761.8843288,,1736412742
move,311,630,273.4048627859983,,1736412761.8879864,,1736412742
move,310,630,645.6748768472906,,1736412761.8911314,,1736412742
move,309,630,186.95359928682862,,1736412761.894884,,1736412742
move,307,630,477.79278920088854,,1736412761.9000835,,1736412742
move,307,632,1973.3258056927782,,1736412761.9016185,,1736412742
move,306,632,651.4917676296986,,1736412761.9016185,,1736412742
move,305,632,235.74100719424462,,1736412761.9058604,,1736412742
move,305,633,324.0846855200124,,1736412761.908946,,1736412742
move,304,633,0,,1736412761.908946,,1736412742
move,303,633,209.17135447835628,,1736412761.9137268,,1736412742
move,302,633,311.82097985279904,,1736412761.9169338,,1736412742
move,301,633,197.0359374265984,,1736412761.922009,,1736412742
move,299,633,752.4764980265519,,1736412761.924667,,1736412742
move,298,633,257.57209530827805,,1736412761.9285493,,1736412742
move,297,633,140.37631781518792,,1736412761.935673,,1736412742
move,296,633,319.00699726194097,,1736412761.9388077,,1736412742
move,295,633,233.75711976815472,,1736412761.9430857,,1736412742
move,294,633,134.9692367100013,,1736412761.9504948,,1736412742
move,294,633,0.0,,1736412761.9611142,,1736412742
move,293,633,593.0021207408455,,1736412761.9611142,,1736412742
move,291,631,221.0453558484683,,1736412761.9739099,,1736412742
move,290,630,132.3997589677847,,1736412761.9845912,,1736412742
move,290,629,82.2186850668444,,1736412761.996754,,1736412742
move,289,629,13.725176051729102,,1736412762.0696127,,1736412742
move,289,629,0.0,,1736412762.0979133,,1736412742
move,288,629,26.27433833432518,,1736412762.1359732,,1736412742
move,288,629,0.0,,1736412762.1487045,,1736412742
move,288,628,69.37435286723233,,1736412762.163119,,1736412742
move,288,627,92.23318306761958,,1736412762.1739612,,1736412742
move,288,626,147.39094071757387,,1736412762.1807458,,1736412742
move,288,625,312.9377005148101,,1736412762.1839414,,1736412742
move,288,623,418.9067665418227,,1736412762.1887157,,1736412742
move,288,622,234.39722812115792,,1736412762.192982,,1736412742
move,288,621,623.4102259215219,,1736412762.196204,,1736412742
move,288,620,202.29111604128485,,1736412762.2000854,,1736412742
move,288,619,296.8578101776488,,1736412762.202898,,1736412742
move,288,618,168.85281803542674,,1736412762.2088203,,1736412742
move,288,617,209.6313474610156,,1736412762.2135906,,1736412742
move,288,615,632.7204706592246,,1736412762.2167516,,1736412742
move,288,614,136.36021977307453,,1736412762.224085,,1736412742
move,288,613,366.3467551751245,,1736412762.2268147,,1736412742
move,288,612,238.0422247446084,,1736412762.2320557,,1736412742
move,288,611,156.12521868602272,,1736412762.2374208,,1736412742
move,288,610,321.7477753912243,,1736412762.2405288,,1736412742
move,288,609,184.36501098901098,,1736412762.2459528,,1736412742
move,288,607,463.4590055248619,,1736412762.2502682,,1736412742
move,287,607,104.16490339244027,,1736412762.2598684,,1736412742
move,287,606,1864.9639839928857,,1736412762.2604046,,1736412742
move,287,605,126.7161329305136,,1736412762.2682962,,1736412742
move,286,604,71.66328305222508,,1736412762.2880304,,1736412742
move,286,604,0.0,,1736412762.3191893,,1736412742
move,285,604,38.49362615981865,,1736412762.3435626,,1736412742
move,285,604,0.0,,1736412762.37403,,1736412742
move,285,603,103.37927634822044,,1736412762.3837032,,1736412742
move,285,602,321.35335580753906,,1736412762.386815,,1736412742
move,285,601,208.63032232391564,,1736412762.3931944,,1736412742
move,283,601,623.5028987661661,,1736412762.394816,,1736412742
move,283,600,621.1943127962086,,1736412762.3964257,,1736412742
move,283,598,610.9247687713932,,1736412762.401288,,1736412742
move,283,597,189.85623755205503,,1736412762.4049666,,1736412742
move,283,596,486.8040854224698,,1736412762.4070208,,1736412742
move,283,595,1931.0791896869246,,1736412762.409094,,1736412742
move,282,595,321.08275281328946,,1736412762.410653,,1736412742
move,282,594,658.2397991211551,,1736412762.4121723,,1736412742
move,282,593,992.2649633309676,,1736412762.41318,,1736412742
move,282,592,333.30451366815004,,1736412762.4161804,,1736412742
move,281,592,646.2718027734977,,1736412762.4177277,,1736412742
move,281,590,638.2567146009283,,1736412762.4208612,,1736412742
move,281,589,322.98660095487446,,1736412762.4239573,,1736412742
move,280,588,899.1422770222408,,1736412762.4255302,,1736412742
move,280,587,633.7721365971593,,1736412762.427108,,1736412742
move,280,586,609.6372093023256,,1736412762.4287484,,1736412742
move,280,585,335.8667520819987,,1736412762.4317257,,1736412742
move,279,584,2699.882385760456,,1736412762.4322495,,1736412742
move,279,582,465.00044345898004,,1736412762.4365506,,1736412742
move,279,581,993.6754323619996,,1736412762.437557,,1736412742
move,279,580,317.29359255616913,,1736412762.4407086,,1736412742
move,279,579,822.4125490196078,,1736412762.4419246,,1736412742
move,279,578,633.8679159740063,,1736412762.445118,,1736412742
move,278,578,618.9027593330383,,1736412762.445118,,1736412742
move,278,577,641.6252103411351,,1736412762.4466765,,1736412742
move,278,576,627.0449992525041,,1736412762.4482713,,1736412742
move,278,574,639.9121214432832,,1736412762.4513967,,1736412742
move,277,573,907.6727775846554,,1736412762.4539778,,1736412742
move,277,572,317.67810346133456,,1736412762.457151,,1736412742
move,277,571,640.4495342800427,,1736412762.457664,,1736412742
move,277,570,436.2250650026001,,1736412762.4599564,,1736412742
move,277,569,642.5098039215686,,1736412762.463081,,1736412742
move,277,568,324.3854601701469,,1736412762.4645956,,1736412742
move,277,567,319.6634402865635,,1736412762.4677238,,1736412742
move,277,565,637.6260261477653,,1736412762.4708605,,1736412742
move,277,564,640.3517557251909,,1736412762.4724221,,1736412742
move,277,563,316.790332326284,,1736412762.476082,,1736412742
move,276,563,660.4163123917493,,1736412762.477093,,1736412742
move,276,562,403.6866217516843,,1736412762.4795702,,1736412742
move,276,561,321.0581751377832,,1736412762.4826849,,1736412742
move,276,560,641.1348211556099,,1736412762.4842446,,1736412742
move,276,559,236.41869116735245,,1736412762.4900713,,1736412742
move,276,557,326.60831646161034,,1736412762.494598,,1736412742
move,274,557,1288.9686539643515,,1736412762.4961495,,1736412742
move,274,556,227.530866876424,,1736412762.5005445,,1736412742
move,274,555,124.84162276393725,,1736412762.5090816,,1736412742
move,273,555,320.2492173780255,,1736412762.5132668,,1736412742
move,273,555,0.0,,1736412762.5389097,,1736412742
move,275,555,168.5644127398774,,1736412762.5507746,,1736412742
move,276,555,397.4136820162971,,1736412762.5532908,,1736412742
move,277,555,210.8326128480949,,1736412762.558034,,1736412742
move,278,555,318.8857294913708,,1736412762.5611699,,1736412742
move,279,555,208.91089306171241,,1736412762.5659566,,1736412742
move,279,555,0,,1736412762.5659566,,1736412742
move,280,555,612.0391069604552,,1736412762.5675905,,1736412742
move,281,555,228.0752582925503,,1736412762.571975,,1736412742
move,282,555,656.2828978250665,,1736412762.5750914,,1736412742
move,284,555,632.9591790537992,,1736412762.5766585,,1736412742
move,285,555,315.97890613228867,,1736412762.5798233,,1736412742
move,286,555,465.8267436694802,,1736412762.58197,,1736412742
move,287,555,380.9886456535562,,1736412762.5845947,,1736412742
move,288,555,979.062558356676,,1736412762.587038,,1736412742
move,289,555,329.48185388845246,,1736412762.5886512,,1736412742
move,290,555,318.3532447817837,,1736412762.5917923,,1736412742
move,292,555,1607.0130268199234,,1736412762.593037,,1736412742
move,293,555,354.06922167820363,,1736412762.5958612,,1736412742
move,294,555,642.0180621460279,,1736412762.598979,,1736412742
move,295,555,188.643698839615,,1736412762.6027198,,1736412742
move,296,555,353.68108609494897,,1736412762.6055472,,1736412742
move,302,560,2458.428627141012,,1736412762.608724,,1736412742
move,303,560,489.5884206840201,,1736412762.6107666,,1736412742
move,303,561,134.79573209924155,,1736412762.6181853,,1736412742
move,304,561,134.44574798858864,,1736412762.6256232,,1736412742
move,304,561,0.0,,1736412762.6271877,,1736412742
move,303,562,0,,1736412762.6283574,,1736412742
move,304,562,854.9335507541786,,1736412762.6283574,,1736412742
move,303,562,927.7381110373811,,1736412762.6294353,,1736412742
move,300,564,0,,1736412762.6294353,,1736412742
move,299,565,0,,1736412762.6294353,,1736412742
move,299,566,306.6235835952921,,1736412762.6326966,,1736412742
move,299,568,3776.950923007654,,1736412762.6332262,,1736412742
move,299,569,388.4334135951102,,1736412762.6358006,,1736412742
move,299,571,1278.946180820247,,1736412762.6373644,,1736412742
move,299,572,3.2873116927801163,,1736412762.9415643,,1736412742
move,298,572,646.1722384840549,,1736412762.943112,,1736412742
move,298,572,0.0,,1736412762.943919,,1736412742
move,298,569,1366.3711586491477,,1736412762.9461145,,1736412742
move,297,569,611.8605397520058,,1736412762.947749,,1736412742
move,297,568,645.4761465066174,,1736412762.9492981,,1736412742
move,295,568,383.8301532830016,,1736412762.9545088,,1736412742
move,295,566,1983.1224586288415,,1736412762.9555173,,1736412742
move,294,566,677.2652995317294,,1736412762.9569938,,1736412742
move,292,564,1832.1672900434664,,1736412762.9601076,,1736412742
move,291,564,331.53932495454904,,1736412762.9615538,,1736412742
move,291,563,705.7553424196534,,1736412762.9629707,,1736412742
move,291,562,712.3478260869565,,1736412762.9643745,,1736412742
move,288,562,1879.449141150112,,1736412762.9659708,,1736412742
move,288,561,642.1163502755664,,1736412762.9691005,,1736412742
move,286,561,1271.9648218347234,,1736412762.9691005,,1736412742
move,286,560,390.0952380952381,,1736412762.971664,,1736412742
move,285,559,2792.674953632638,,1736412762.9721704,,1736412742
move,284,559,185.1217725206338,,1736412762.9775722,,1736412742
move,284,557,633.9637243047158,,1736412762.980727,,1736412742
move,282,557,1316.8929356357928,,1736412762.9822457,,1736412742
move,281,556,536.5573587983466,,1736412762.9848814,,1736412742
move,280,556,129.62185549168674,,1736412762.994179,,1736412742
move,279,556,144.6112260377879,,1736412763.0011756,,1736412742
move,278,556,155.97426648321,,1736412763.0059226,,1736412742
move,277,556,202.40826175079624,,1736412763.010863,,1736412742
move,277,556,0.0,,1736412763.0190752,,1736412742
move,277,558,1007.0357743097239,,1736412763.0190752,,1736412742
move,277,558,0.0,,1736412763.0207276,,1736412742
move,276,556,1851.3124481443504,,1736412763.0219355,,1736412742
move,277,554,1388.8270194431036,,1736412763.0235455,,1736412742
move,272,556,3374.2184480465307,,1736412763.0251415,,1736412742
move,272,556,0.0,,1736412763.0267484,,1736412742
move,273,556,0,,1736412763.0283232,,1736412742
move,272,556,316.2886660131212,,1736412763.02991,,1736412742
move,269,556,0,,1736412763.02991,,1736412742
move,272,556,976.7824871914299,,1736412763.0329814,,1736412742
move,274,556,0,,1736412763.0329814,,1736412742
move,272,556,1255.4037713259504,,1736412763.0345745,,1736412742
move,272,556,0.0,,1736412763.036117,,1736412742
move,276,555,2617.8562546095454,,1736412763.0371695,,1736412742
move,269,550,5424.86352080258,,1736412763.0387552,,1736412742
move,269,548,521.2905791697738,,1736412763.0425918,,1736412742
move,269,547,216.43552298880232,,1736412763.0472121,,1736412742
move,269,546,112.84414431380989,,1736412763.056074,,1736412742
move,269,545,50.18070444104135,,1736412763.076002,,1736412742
move,269,544,74.480662002344,,1736412763.0910666,,1736412742
move,267,544,267.9296049059376,,1736412763.0968928,,1736412742
move,267,543,371.5719347980156,,1736412763.099584,,1736412742
move,267,542,234.9881786094459,,1736412763.1038396,,1736412742
move,266,540,329.42567131363813,,1736412763.1106274,,1736412742
move,266,539,48.92058271224792,,1736412763.1310687,,1736412742
move,266,538,124.64499257057949,,1736412763.1390915,,1736412742
move,265,538,114.88725758737812,,1736412763.1477957,,1736412742
move,265,538,0.0,,1736412763.151094,,1736412742
move,265,537,45.49926234487547,,1736412763.17408,,1736412742
move,265,537,0.0,,1736412763.2169044,,1736412742
move,265,537,0.0,,1736412763.2174308,,1736412742
move,265,537,0.0,,1736412763.237845,,1736412742
move,265,537,0.0,,1736412763.238348,,1736412742
move,265,537,0.0,,1736412763.2393517,,1736412742
move,265,537,0.0,,1736412763.2409096,,1736412742
move,265,537,0.0,,1736412763.2780302,,1736412742
move,265,537,0.0,,1736412763.2811809,,1736412742
move,265,537,0.0,,1736412763.2928221,,1736412742
move,265,537,0.0,,1736412763.298728,,1736412742
move,265,538,314.3684605006746,,1736412763.301909,,1736412742
move,265,539,113.18520117656583,,1736412763.310744,,1736412742
move,265,541,220.82257555017375,,1736412763.319801,,1736412742
move,265,542,89.72540966071963,,1736412763.3309462,,1736412742
move,265,543,125.52534865625186,,1736412763.3389127,,1736412742
move,265,544,312.75102527775704,,1736412763.3421102,,1736412742
move,265,545,22.443955714660287,,1736412763.3866656,,1736412742
move,265,546,121.38403658042485,,1736412763.394904,,1736412742
move,265,547,83.54188742381389,,1736412763.406874,,1736412742
move,265,549,66.66620042915044,,1736412763.4368742,,1736412742
move,264,549,207.61825561825563,,1736412763.4416907,,1736412742
move,264,550,54.91579925893921,,1736412763.4599004,,1736412742
move,264,550,0.0,,1736412763.501884,,1736412742
move,264,550,0.0,,1736412763.5056798,,1736412742
move,264,550,0.0,,1736412763.5120022,,1736412742
move,264,550,0.0,,1736412763.5182788,,1736412742
move,264,550,0.0,,1736412763.5228257,,1736412742
move,264,550,0.0,,1736412763.5287294,,1736412742
move,264,550,0.0,,1736412763.563851,,1736412742
move,263,550,22.833973008432825,,1736412763.6076455,,1736412742
move,263,550,0.0,,1736412763.609287,,1736412742
move,264,550,84.81565962953975,,1736412763.6210773,,1736412742
move,264,550,0.0,,1736412763.628133,,1736412742
move,264,548,11.118190469374177,,1736412763.8074765,,1736412742
move,263,548,1.5570080142607736,,1736412764.449734,,1736412742
move,263,549,648.5702798824802,,1736412764.4512758,,1736412742
move,263,550,160.3756356823309,,1736412764.4575112,,1736412742
move,262,550,987.3596986817325,,1736412764.458524,,1736412742
move,262,551,154.74852420306965,,1736412764.464986,,1736412742
move,261,551,0,,1736412764.464986,,1736412742
move,259,551,321.37797869895024,,1736412764.4712093,,1736412742
move,259,552,204.13218474716504,,1736412764.476108,,1736412742
move,259,553,131.991817981559,,1736412764.4836843,,1736412742
move,258,553,315.50353542951706,,1736412764.4868538,,1736412742
move,257,554,109.61988507911002,,1736412764.499755,,1736412742
move,256,554,58.74786749772393,,1736412764.5167768,,1736412742
move,255,554,38.86673771023491,,1736412764.5425057,,1736412742
move,255,555,89.07562596895109,,1736412764.5537322,,1736412742
move,254,555,109.97414719840583,,1736412764.5628252,,1736412742
move,253,555,93.78195152490832,,1736412764.5734882,,1736412742
move,253,556,635.8859915100061,,1736412764.5750608,,1736412742
move,251,556,303.03475182429014,,1736412764.5816607,,1736412742
move,250,556,80.2768335630072,,1736412764.5941176,,1736412742
move,250,558,1210.3026980233733,,1736412764.5957701,,1736412742
move,249,558,158.77291138282166,,1736412764.6020684,,1736412742
move,249,559,83.94652149547674,,1736412764.6139808,,1736412742
move,248,559,82.75727082593426,,1736412764.6260643,,1736412742
move,248,559,0.0,,1736412765.5893984,,1736412742
move,249,559,169.19338442920534,,1736412765.5953088,,1736412742
move,249,560,307.83882568807337,,1736412765.6001084,,1736412742
move,250,560,644.6824469720258,,1736412765.6001084,,1736412742
move,252,560,631.8626092196445,,1736412765.6032736,,1736412742
move,252,561,375.06071715997496,,1736412765.6059399,,1736412742
move,253,561,584.0022277917014,,1736412765.6076522,,1736412742
move,254,561,239.37358749001257,,1736412765.6118298,,1736412742
move,254,562,1959.0397010742643,,1736412765.6123402,,1736412742
move,255,562,636.3683811257775,,1736412765.6139116,,1736412742
move,255,563,232.732438131173,,1736412765.6182084,,1736412742
move,256,564,860.6560652228268,,1736412765.6198516,,1736412742
move,257,564,332.4854538248117,,1736412765.6228592,,1736412742
move,258,566,515.0046050353785,,1736412765.627201,,1736412742
move,260,566,464.434060458421,,1736412765.6315074,,1736412742
move,260,567,312.4947101773208,,1736412765.6347075,,1736412742
move,261,567,657.9300392156863,,1736412765.6362274,,1736412742
move,262,567,751.3980652096022,,1736412765.639162,,1736412742
move,262,568,316.1217968043413,,1736412765.641241,,1736412742
move,263,568,647.4689719049089,,1736412765.642266,,1736412742
move,264,569,495.046035846747,,1736412765.6451228,,1736412742
move,265,570,338.35158299673276,,1736412765.6493025,,1736412742
move,266,571,336.9102352332002,,1736412765.6550484,,1736412742
move,268,572,532.187985150047,,1736412765.6577017,,1736412742
move,269,572,233.78317819519538,,1736412765.6619792,,1736412742
move,269,574,0,,1736412765.6619792,,1736412742
move,269,575,208.11273196387813,,1736412765.6667843,,1736412742
move,270,575,0,,1736412765.6667843,,1736412742
move,270,576,353.83026826387714,,1736412765.6696105,,1736412742
move,271,576,213.2552369330893,,1736412765.6742997,,1736412742
move,271,577,231.37157987643425,,1736412765.6786218,,1736412742
move,272,578,345.1036538000769,,1736412765.6827197,,1736412742
move,272,579,102.35002440214738,,1736412765.6940815,,1736412742
move,272,580,108.666355769729,,1736412765.7016926,,1736412742
move,273,580,122.43998131714152,,1736412765.7098598,,1736412742
move,273,581,107.77285574798294,,1736412765.7191386,,1736412742
move,273,583,188.35566732530987,,1736412765.7297568,,1736412742
move,273,584,77.17210671573137,,1736412765.742715,,1736412742
move,273,585,98.3124487260624,,1736412765.7528865,,1736412742
move,273,586,155.29857819905214,,1736412765.7593257,,1736412742
move,273,587,118.18935978358881,,1736412765.7677867,,1736412742
move,274,588,359.1669150176035,,1736412765.7717242,,1736412742
move,274,589,141.22711202397386,,1736412765.778805,,1736412742
move,274,591,414.3545566806619,,1736412765.7836318,,1736412742
move,274,592,164.46961022664888,,1736412765.789712,,1736412742
move,274,593,242.69783589862286,,1736412765.7938323,,1736412742
move,275,593,627.1387559808612,,1736412765.7954268,,1736412742
move,275,594,321.30412134211736,,1736412765.7985392,,1736412742
move,277,595,517.4767635345,,1736412765.8028603,,1736412742
move,277,596,631.2919927754365,,1736412765.8044443,,1736412742
move,277,597,212.34831915755368,,1736412765.8091536,,1736412742
move,278,597,389.00983120014837,,1736412765.8117242,,1736412742
move,278,599,3964.3705103969755,,1736412765.8122287,,1736412742
move,279,599,309.0637388549112,,1736412765.8154643,,1736412742
move,279,600,643.6930632289748,,1736412765.8170178,,1736412742
move,279,601,349.55446287190597,,1736412765.8198786,,1736412742
move,280,601,491.3664479850047,,1736412765.8219137,,1736412742
move,280,602,991.7956963821234,,1736412765.822922,,1736412742
move,281,602,368.14745896603176,,1736412765.8256383,,1736412742
move,281,603,640.6451809989308,,1736412765.8271992,,1736412742
move,282,604,301.8647125453294,,1736412765.8318841,,1736412742
move,282,605,356.8405649140718,,1736412765.8346865,,1736412742
move,283,605,0,,1736412765.8346865,,1736412742
move,283,607,429.08480818414324,,1736412765.8393476,,1736412742
move,285,607,1255.7796407185629,,1736412765.8409402,,1736412742
move,286,608,351.81741408752805,,1736412765.84496,,1736412742
move,286,609,642.7067116150781,,1736412765.8480802,,1736412742
move,287,610,445.78698342971006,,1736412765.8496883,,1736412742
move,287,611,239.46925492435057,,1736412765.8538642,,1736412742
move,288,611,341.30555781593296,,1736412765.856794,,1736412742
move,288,612,608.5757399883923,,1736412765.8584373,,1736412742
move,289,613,439.5762265833498,,1736412765.8616545,,1736412742
move,290,613,0,,1736412765.8632205,,1736412742
move,290,614,324.76221447928765,,1736412765.8647337,,1736412742
move,291,614,441.5986523478627,,1736412765.8669982,,1736412742
move,293,614,3375.697384305835,,1736412765.8675907,,1736412742
move,294,616,701.6870314454046,,1736412765.8707774,,1736412742
move,294,617,617.5359246171967,,1736412765.8723967,,1736412742
move,295,617,0,,1736412765.8739986,,1736412742
move,296,617,319.17692717449205,,1736412765.8755298,,1736412742
move,296,618,0,,1736412765.8755298,,1736412742
move,297,618,587.3552723708165,,1736412765.8772323,,1736412742
move,298,618,620.2756580893226,,1736412765.8788445,,1736412742
move,299,619,902.0136255346293,,1736412765.8804123,,1736412742
move,301,620,1290.5943115865252,,1736412765.882145,,1736412742
move,302,620,639.7657107992678,,1736412765.883708,,1736412742
move,303,621,910.4591867253603,,1736412765.8852613,,1736412742
move,304,621,467.8010260985947,,1736412765.8879752,,1736412742
move,305,621,503.57834073718334,,1736412765.8893847,,1736412742
move,305,622,656.488339333229,,1736412765.890908,,1736412742
move,306,622,0,,1736412765.890908,,1736412742
move,307,624,1415.0194421091246,,1736412765.8924882,,1736412742
move,308,624,0,,1736412765.894062,,1736412742
move,308,625,635.4043326768672,,1736412765.894062,,1736412742
move,310,625,1271.9648218347234,,1736412765.8956344,,1736412742
move,311,626,640.5660476798836,,1736412765.8978422,,1736412742
move,312,627,2518.7437798368246,,1736412765.8999581,,1736412742
move,312,628,325.6700054352046,,1736412765.9014742,,1736412742
move,313,628,0,,1736412765.9030323,,1736412742
move,313,629,641.8215761285386,,1736412765.9030323,,1736412742
move,313,630,637.1417286951238,,1736412765.9046018,,1736412742
move,314,630,0,,1736412765.9046018,,1736412742
move,314,632,1280.5080140436576,,1736412765.9061637,,1736412742
move,314,633,789.887758945386,,1736412765.9074297,,1736412742
move,314,634,885.0609833298164,,1736412765.9085596,,1736412742
move,314,635,628.0778676250375,,1736412765.9111602,,1736412742
move,314,636,368.34144199525775,,1736412765.9128666,,1736412742
move,314,637,0,,1736412765.9128666,,1736412742
move,314,638,642.7067116150781,,1736412765.9160216,,1736412742
move,314,640,1250.7243178768451,,1736412765.9160216,,1736412742
move,314,641,739.9971771347919,,1736412765.917373,,1736412742
move,314,642,642.5098039215686,,1736412765.9189293,,1736412742
move,313,643,899.8242720745939,,1736412765.920501,,1736412742
move,313,645,1316.4795982423102,,1736412765.9220202,,1736412742
move,310,645,0,,1736412765.9220202,,1736412742
move,310,646,643.4955507824486,,1736412765.9235742,,1736412742
move,309,646,643.1995092777181,,1736412765.925129,,1736412742
move,308,648,1422.0999033054252,,1736412765.9267013,,1736412742
move,307,649,0,,1736412765.9267013,,1736412742
move,307,650,608.1345512541685,,1736412765.9283457,,1736412742
move,304,651,2946.147010029959,,1736412765.929419,,1736412742
move,300,651,0,,1736412765.9310062,,1736412742
move,300,658,4410.414300736067,,1736412765.9320152,,1736412742
move,299,658,5.005757277752847,,1736412766.1307762,,1736412742
move,299,659,321.00903107301394,,1736412766.1338913,,1736412742
move,298,659,0,,1736412766.1354606,,1736412742
move,295,659,973.3822232536552,,1736412766.1375725,,1736412742
move,294,659,833.1950735001986,,1736412766.1381736,,1736412742
move,293,660,879.673973233831,,1736412766.1397812,,1736412742
move,293,661,643.9895593428528,,1736412766.141334,,1736412742
move,292,661,0,,1736412766.141334,,1736412742
move,291,661,465.77501388117713,,1736412766.143481,,1736412742
move,290,661,981.812734082397,,1736412766.1460447,,1736412742
move,290,662,647.1692640024687,,1736412766.1460447,,1736412742
move,289,662,642.6082426842347,,1736412766.147601,,1736412742
move,288,662,0,,1736412766.1492894,,1736412742
move,286,663,531.5244467157426,,1736412766.1518078,,1736412742
move,285,663,0,,1736412766.1518078,,1736412742
move,284,663,319.1526403895906,,1736412766.154941,,1736412742
move,283,663,251.4269272269512,,1736412766.1589184,,1736412742
move,283,664,0,,1736412766.1589184,,1736412742
move,282,664,362.8290657439446,,1736412766.1616745,,1736412742
move,281,664,227.03821587095376,,1736412766.166079,,1736412742
move,281,666,1270.4237467817659,,1736412766.1681714,,1736412742
move,280,666,176.3498150016818,,1736412766.1733239,,1736412742
move,280,667,648.7709203402939,,1736412766.1748652,,1736412742
move,280,668,214.29029785929598,,1736412766.1800363,,1736412742
move,278,668,645.2279055457273,,1736412766.1826315,,1736412742
move,278,669,645.3768272041852,,1736412766.184181,,1736412742
move,278,670,213.60277042167448,,1736412766.1888626,,1736412742
move,278,671,155.82939515529796,,1736412766.1952798,,1736412742
move,278,672,52.874265688424984,,1736412766.2141926,,1736412742
move,279,672,309.88577761359437,,1736412766.2174196,,1736412742
move,278,672,607.2540900535688,,1736412766.219594,,1736412742
move,278,672,0.0,,1736412766.2204003,,1736412742
move,279,672,725.5326068154299,,1736412766.2217786,,1736412742
move,279,672,0.0,,1736412766.2288637,,1736412742
move,280,672,115.32000769844106,,1736412766.2375352,,1736412742
move,281,672,75.99753578546839,,1736412766.2506936,,1736412742
move,282,672,267.3063539608693,,1736412766.2560534,,1736412742
move,282,672,0.0,,1736412766.2560534,,1736412742
move,282,672,0.0,,1736412766.2576244,,1736412742
move,284,672,627.7958389462656,,1736412766.2608101,,1736412742
move,284,672,0,,1736412766.2624066,,1736412742
move,284,674,181.76438213689843,,1736412766.2718134,,1736412742
move,284,672,0,,1736412766.2718134,,1736412742
move,284,672,0.0,,1736412766.273508,,1736412742
move,284,672,0.0,,1736412766.2751577,,1736412742
move,284,672,0.0,,1736412766.2766147,,1736412742
move,284,672,0,,1736412766.2766147,,1736412742
move,286,672,635.7896013339397,,1736412766.2797604,,1736412742
move,286,672,0,,1736412766.2797604,,1736412742
move,287,672,646.1722384840549,,1736412766.281308,,1736412742
move,287,672,0.0,,1736412766.2826927,,1736412742
move,287,672,0.0,,1736412766.2837098,,1736412742
move,288,672,1918.711802378774,,1736412766.284231,,1736412742
move,286,672,1272.157719138611,,1736412766.285803,,1736412742
move,286,672,0.0,,1736412766.2873647,,1736412742
move,285,672,0,,1736412766.2889082,,1736412742
move,284,668,2671.2323784292025,,1736412766.2889082,,1736412742
move,284,671,1690.5699314792423,,1736412766.2906828,,1736412742
move,293,673,5832.514659939877,,1736412766.2922635,,1736412742
move,293,673,0.0,,1736412766.2938926,,1736412742
move,289,673,3963.433971178833,,1736412766.2949018,,1736412742
move,289,673,0,,1736412766.2949018,,1736412742
move,295,674,0,,1736412766.2949018,,1736412742
move,297,674,1275.2520522955306,,1736412766.2964702,,1736412742
move,298,674,641.1348211556099,,1736412766.29803,,1736412742
move,299,674,381.7167819439388,,1736412766.3006496,,1736412742
move,300,674,642.4113953132179,,1736412766.3022063,,1736412742
move,301,674,640.2540070218288,,1736412766.3037682,,1736412742
move,302,674,316.62293349437607,,1736412766.3069265,,1736412742
move,303,674,379.81562981073984,,1736412766.3095593,,1736412742
move,305,674,0,,1736412766.3111212,,1736412742
move,306,674,319.78530039646233,,1736412766.3126864,,1736412742
move,307,674,616.0846063454759,,1736412766.3143096,,1736412742
move,308,674,626.6702525026146,,1736412766.3159053,,1736412742
move,309,676,1008.2507914748741,,1736412766.318123,,1736412742
move,310,676,643.890696960393,,1736412766.3196762,,1736412742
move,311,676,781.0621973929236,,1736412766.3209565,,1736412742
move,313,676,1394.6147963424771,,1736412766.3223906,,1736412742
move,314,676,642.5098039215686,,1736412766.323947,,1736412742
move,315,676,887.1201353637902,,1736412766.3250742,,1736412742
move,316,676,646.1722384840549,,1736412766.3266218,,1736412742
move,317,676,637.916958174905,,1736412766.3281894,,1736412742
move,318,676,829.7337289812067,,1736412766.3293946,,1736412742
move,319,676,623.1323726043679,,1736412766.3309994,,1736412742
move,320,676,654.541822721598,,1736412766.3325272,,1736412742
move,322,676,0,,1736412766.334336,,1736412742
move,323,676,422.6424828698106,,1736412766.3348932,,1736412742
move,324,676,624.2452745944337,,1736412766.3364952,,1736412742
move,325,676,936.646717284502,,1736412766.3391278,,1736412742
move,326,676,638.9859841560025,,1736412766.3391278,,1736412742
move,327,676,642.5098039215686,,1736412766.3406842,,1736412742
move,328,676,630.7224060150376,,1736412766.3422697,,1736412742
move,330,676,1284.8227906264358,,1736412766.3438263,,1736412742
move,331,676,0,,1736412766.3438263,,1736412742
move,332,676,324.63653250773996,,1736412766.3469067,,1736412742
move,333,676,631.3870239349692,,1736412766.3484905,,1736412742
move,334,676,0,,1736412766.3500679,,1736412742
move,335,676,319.05553019930016,,1736412766.3516247,,1736412742
move,336,676,0,,1736412766.3516247,,1736412742
move,338,676,621.1483154387264,,1736412766.3548446,,1736412742
move,339,676,884.6876186458553,,1736412766.355975,,1736412742
move,340,676,658.9637077769049,,1736412766.3590436,,1736412742
move,341,676,644.6824469720258,,1736412766.3590436,,1736412742
move,342,676,379.71247510411007,,1736412766.3616772,,1736412742
move,343,676,646.1722384840549,,1736412766.3632247,,1736412742
move,344,676,854.237067209776,,1736412766.3643954,,1736412742
move,346,676,749.6521894548704,,1736412766.3670633,,1736412742
move,347,676,613.92037470726,,1736412766.3699656,,1736412742
move,348,676,354.15891243772694,,1736412766.3715158,,1736412742
move,349,676,338.5779786890539,,1736412766.3744693,,1736412742
move,350,675,340.72270673305314,,1736412766.37862,,1736412742
move,351,675,305.48463219227966,,1736412766.3818934,,1736412742
move,351,674,49.90783070168132,,1736412766.4019303,,1736412742
move,352,674,91.3473299067863,,1736412766.4128776,,1736412742
move,352,673,19.570013484320395,,1736412766.4639761,,1736412742
move,353,673,473.34431779708837,,1736412766.4660888,,1736412742
move,353,672,135.53622439087442,,1736412766.4734669,,1736412742
move,355,672,1260.8759957913724,,1736412766.475053,,1736412742
move,356,672,178.14746856948693,,1736412766.4806664,,1736412742
move,356,671,646.7700848111025,,1736412766.4822125,,1736412742
move,357,671,224.76308879481272,,1736412766.4866617,,1736412742
move,358,671,236.32544512057697,,1736412766.4908931,,1736412742
move,358,670,633.8679159740063,,1736412766.4924707,,1736412742
move,359,670,232.84872036862265,,1736412766.4967654,,1736412742
move,360,670,159.81345018098685,,1736412766.5030227,,1736412742
move,361,670,96.55173683847057,,1736412766.5133798,,1736412742
move,363,670,256.05469918500654,,1736412766.5211906,,1736412742
move,364,670,63.236751247606556,,1736412766.5370042,,1736412742
move,365,670,35.19715355050938,,1736412766.5654156,,1736412742
move,365,669,102.52515277438279,,1736412766.5751693,,1736412742
move,366,669,612.3965542414951,,1736412766.5768023,,1736412742
move,366,667,20.33463910328511,,1736412766.6751566,,1736412742
move,366,668,27.08676306289434,,1736412766.712075,,1736412742
move,366,667,201.7850476282113,,1736412766.7170308,,1736412742
move,366,668,220.88072041708358,,1736412766.721558,,1736412742
move,366,667,3.534274670929285,,1736412767.0045016,,1736412742
move,367,667,53.371473653403235,,1736412767.0232382,,1736412742
move,367,666,221.90910533834187,,1736412767.0277445,,1736412742
move,368,666,3.523263276380559,,1736412767.3130891,,1736412742
move,369,666,0.6005113569169914,,1736412768.9768198,,1736412742
move,371,666,1215.7402898550724,,1736412768.9784648,,1736412742
move,372,666,644.0884520884521,,1736412768.9800174,,1736412742
move,373,666,329.6372209996856,,1736412768.983051,,1736412742
move,373,665,616.6280505733607,,1736412768.9846728,,1736412742
move,374,665,650.4813895781638,,1736412768.98621,,1736412742
move,375,665,642.9037400367872,,1736412768.9877656,,1736412742
move,376,665,0,,1736412768.9877656,,1736412742
move,377,665,316.9818621523579,,1736412768.9909203,,1736412742
move,379,665,1909.9744990892532,,1736412768.9919674,,1736412742
move,380,665,621.5625370480142,,1736412768.9935763,,1736412742
move,381,665,0,,1736412768.9935763,,1736412742
move,382,665,318.37741005009866,,1736412768.9967172,,1736412742
move,383,665,0,,1736412768.9967172,,1736412742
move,384,665,646.3713977500386,,1736412768.9982643,,1736412742
move,385,665,606.9904486251809,,1736412768.9999118,,1736412742
move,388,664,2017.5774017576628,,1736412769.0014791,,1736412742
move,389,664,980.2065903248423,,1736412769.0024993,,1736412742
move,390,664,624.2452745944337,,1736412769.0041013,,1736412742
move,391,664,638.9859841560025,,1736412769.0056663,,1736412742
move,394,664,0,,1736412769.0056663,,1736412742
move,395,664,635.7896013339397,,1736412769.007239,,1736412742
move,396,664,626.2024484920872,,1736412769.008836,,1736412742
move,397,664,0,,1736412769.008836,,1736412742
move,398,664,639.8633104500382,,1736412769.0115414,,1736412742
move,401,663,1914.2089535509995,,1736412769.0125706,,1736412742
move,402,663,609.5486121203313,,1736412769.0136914,,1736412742
move,405,663,2967.6679245283017,,1736412769.0147023,,1736412742
move,407,662,0,,1736412769.0162783,,1736412742
move,409,662,1269.0783661119515,,1736412769.0162783,,1736412742
move,410,662,632.529633539436,,1736412769.0178592,,1736412742
move,413,662,1866.3470780183923,,1736412769.0194666,,1736412742
move,414,662,803.9685643089898,,1736412769.0207105,,1736412742
move,416,662,0,,1736412769.0207105,,1736412742
move,419,662,1926.6440055121727,,1736412769.0222676,,1736412742
move,421,660,2707.89390619298,,1736412769.023312,,1736412742
move,424,660,0,,1736412769.023312,,1736412742
move,425,660,637.3353593678772,,1736412769.0248811,,1736412742
move,427,660,0,,1736412769.0248811,,1736412742
move,432,660,3230.363524337646,,1736412769.026429,,1736412742
move,434,660,1286.0045991108386,,1736412769.0279841,,1736412742
move,435,659,0,,1736412769.0279841,,1736412742
move,439,659,2553.6097412480976,,1736412769.0295506,,1736412742
move,442,659,1833.7091227047508,,1736412769.0311866,,1736412742
move,444,659,1831.9737934046734,,1736412769.0322783,,1736412742
move,447,659,0,,1736412769.0322783,,1736412742
move,450,659,1969.465017999687,,1736412769.0338016,,1736412742
move,452,659,0,,1736412769.0338016,,1736412742
move,456,659,2515.3247376311842,,1736412769.0353918,,1736412742
move,459,658,0,,1736412769.036964,,1736412742
move,463,658,2544.315438277222,,1736412769.036964,,1736412742
move,466,658,1476.1745659314877,,1736412769.0389962,,1736412742
move,469,656,3582.7477225500384,,1736412769.0400026,,1736412742
move,473,656,0,,1736412769.0400026,,1736412742
move,475,656,1280.1171982298183,,1736412769.041565,,1736412742
move,480,656,0,,1736412769.04312,,1736412742
move,484,656,2572.403557191046,,1736412769.04312,,1736412742
move,487,656,2551.279805352798,,1736412769.0442958,,1736412742
move,491,655,2631.8000940421025,,1736412769.0458624,,1736412742
move,494,655,0,,1736412769.0458624,,1736412742
move,498,655,2530.5001508295627,,1736412769.0474432,,1736412742
move,500,655,1271.193817245037,,1736412769.0490165,,1736412742
move,505,655,4722.251745102454,,1736412769.0500753,,1736412742
move,507,653,0,,1736412769.0500753,,1736412742
move,512,653,3215.0114977770963,,1736412769.0516305,,1736412742
move,514,652,0,,1736412769.0516305,,1736412742
move,517,652,1917.5422127400184,,1736412769.053195,,1736412742
move,523,652,3802.058316966309,,1736412769.054773,,1736412742
move,524,652,806.907272027703,,1736412769.0560124,,1736412742
move,528,651,0,,1736412769.0560124,,1736412742
move,531,651,1938.2181146025878,,1736412769.0575602,,1736412742
move,535,651,0,,1736412769.0591218,,1736412742
move,537,651,778.6696370556019,,1736412769.0601287,,1736412742
move,539,650,4401.102234772069,,1736412769.0606368,,1736412742
move,542,650,0,,1736412769.0606368,,1736412742
move,545,650,1926.3490508266993,,1736412769.062194,,1736412742
move,549,650,2543.9296436694467,,1736412769.0637665,,1736412742
move,550,648,0,,1736412769.0637665,,1736412742
move,554,648,2568.465401102266,,1736412769.0653238,,1736412742
move,557,648,1907.9472327520848,,1736412769.0668962,,1736412742
move,559,648,0,,1736412769.0668962,,1736412742
move,564,648,3221.926563220157,,1736412769.068448,,1736412742
move,568,648,2573.5873600245436,,1736412769.0700023,,1736412742
move,570,648,3833.9159049360146,,1736412769.070524,,1736412742
move,573,648,2983.1465149359888,,1736412769.0715296,,1736412742
move,577,648,0,,1736412769.0715296,,1736412742
move,580,648,1910.8446469248292,,1736412769.0730996,,1736412742
move,584,648,2573.5873600245436,,1736412769.0746539,,1736412742
move,587,648,2955.122592766557,,1736412769.075669,,1736412742
move,589,648,0,,1736412769.075669,,1736412742
move,593,648,2543.1584053357587,,1736412769.077242,,1736412742
move,596,648,1912.5873233014136,,1736412769.0788105,,1736412742
move,600,648,0,,1736412769.0788105,,1736412742
move,603,648,1848.2538190364278,,1736412769.0804336,,1736412742
move,607,648,2563.755501222494,,1736412769.0819938,,1736412742
move,611,648,0,,1736412769.0831163,,1736412742
move,614,648,2672.6661002548854,,1736412769.0831163,,1736412742
move,618,648,2562.972196761381,,1736412769.084677,,1736412742
move,621,648,0,,1736412769.08623,,1736412742
move,625,648,2575.562787841572,,1736412769.08623,,1736412742
move,628,649,1989.4336041930217,,1736412769.0878196,,1736412742
move,630,649,0,,1736412769.0878196,,1736412742
move,633,649,1963.319082540178,,1736412769.0893476,,1736412742
move,637,649,3253.920868890613,,1736412769.090577,,1736412742
move,640,649,0,,1736412769.092135,,1736412742
move,644,650,2646.2981511783714,,1736412769.092135,,1736412742
move,647,650,2309.214901816847,,1736412769.093434,,1736412742
move,649,650,1281.0946854001222,,1736412769.0949953,,1736412742
move,653,650,0,,1736412769.0949953,,1736412742
move,656,652,2710.1752933483353,,1736412769.0963256,,1736412742
move,659,652,1910.264460300592,,1736412769.097896,,1736412742
move,661,652,0,,1736412769.097896,,1736412742
move,664,652,1967.617200938233,,1736412769.0994208,,1736412742
move,667,653,2008.7163166976943,,1736412769.100995,,1736412742
move,669,653,0,,1736412769.100995,,1736412742
move,672,653,1929.5985278331543,,1736412769.1025498,,1736412742
move,674,653,0,,1736412769.104109,,1736412742
move,677,653,1923.9926605504588,,1736412769.104109,,1736412742
move,678,653,639.9609398840403,,1736412769.1056716,,1736412742
move,680,653,1984.9995267392333,,1736412769.1066792,,1736412742
move,683,654,0,,1736412769.1066792,,1736412742
move,684,654,551.0120861797162,,1736412769.108494,,1736412742
move,687,654,1978.7564082402894,,1736412769.1100101,,1736412742
move,689,654,0,,1736412769.1100101,,1736412742
move,692,654,1940.0111008325625,,1736412769.1115565,,1736412742
move,694,654,0,,1736412769.1131551,,1736412742
move,697,654,948.5083672546359,,1736412769.1147194,,1736412742
move,700,656,0,,1736412769.1147194,,1736412742
move,701,656,466.2928293496387,,1736412769.116864,,1736412742
move,703,656,3545.4809805579034,,1736412769.1189742,,1736412742
move,706,659,1375.2936706505266,,1736412769.120513,,1736412742
move,706,658,0,,1736412769.122085,,1736412742
move,710,659,2622.6203242266693,,1736412769.122085,,1736412742
move,711,659,632.2435936086825,,1736412769.1236668,,1736412742
move,711,660,0,,1736412769.1236668,,1736412742
move,715,660,2562.1893708002444,,1736412769.125228,,1736412742
move,716,663,1153.9545710070363,,1736412769.1279683,,1736412742
move,717,663,0,,1736412769.1279683,,1736412742
move,717,664,10.865481411633047,,1736412769.220003,,1736412742
move,716,664,1830.7743343518114,,1736412769.220549,,1736412742
move,715,664,867.8468859921373,,1736412769.2217014,,1736412742
move,711,664,2573.19263803681,,1736412769.2232559,,1736412742
move,710,665,841.009726572483,,1736412769.2261624,,1736412742
move,706,663,3650.739144530665,,1736412769.2261624,,1736412742
move,704,663,543.7967068585505,,1736412769.2298403,,1736412742
move,699,665,2349.632611174813,,1736412769.2321322,,1736412742
move,698,665,644.0884520884521,,1736412769.2336848,,1736412742
move,698,666,0,,1736412769.2336848,,1736412742
move,696,668,1774.3468745186128,,1736412769.2352788,,1736412742
move,696,669,593.6736022646851,,1736412769.2369633,,1736412742
move,694,669,0,,1736412769.2385457,,1736412742
move,693,670,666.551477864448,,1736412769.239085,,1736412742
move,693,671,986.8950588235294,,1736412769.2400982,,1736412742
move,692,671,0,,1736412769.2419538,,1736412742
move,690,672,1205.0300478349322,,1736412769.2419538,,1736412742
move,687,672,1885.6454368350066,,1736412769.2435448,,1736412742
move,686,672,473.07737423866456,,1736412769.2456586,,1736412742
move,685,673,1404.271212480048,,1736412769.2466657,,1736412742
move,684,673,0,,1736412769.2481003,,1736412742
move,683,673,697.0756190792754,,1736412769.2481003,,1736412742
move,680,673,1929.8944785276074,,1736412769.2496548,,1736412742
move,679,673,134.76108469348412,,1736412769.2570753,,1736412742
move,679,673,0.0,,1736412769.2629504,,1736412742
move,682,673,1942.706808707735,,1736412769.2644947,,1736412742
move,683,673,378.3765448804691,,1736412769.2671375,,1736412742
move,683,675,1279.1412015858493,,1736412769.268701,,1736412742
move,684,675,0,,1736412769.268701,,1736412742
move,686,675,646.7700848111025,,1736412769.2717934,,1736412742
move,686,676,0,,1736412769.2734134,,1736412742
move,690,676,1251.657415696807,,1736412769.2749891,,1736412742
move,693,676,1915.7904993909865,,1736412769.276555,,1736412742
move,695,677,1712.075367341964,,1736412769.277861,,1736412742
move,698,677,0,,1736412769.277861,,1736412742
move,699,677,641.7233782129742,,1736412769.2794194,,1736412742
move,703,677,1742.0014536392898,,1736412769.2822227,,1736412742
move,705,677,3943.868359191349,,1736412769.2822227,,1736412742
move,708,677,1897.3027744270205,,1736412769.283804,,1736412742
move,711,677,5388.827408993576,,1736412769.2843606,,1736412742
move,713,677,1308.2669993761697,,1736412769.2858894,,1736412742
move,716,677,0,,1736412769.2858894,,1736412742
move,718,677,1273.8964312832195,,1736412769.2874594,,1736412742
move,721,677,0,,1736412769.2890282,,1736412742
move,727,677,3824.5933130699086,,1736412769.2890282,,1736412742
move,729,677,1281.877750611247,,1736412769.2905884,,1736412742
move,732,677,2023.6268896751367,,1736412769.2920709,,1736412742
move,738,677,0,,1736412769.2920709,,1736412742
move,740,677,1271.193817245037,,1736412769.294202,,1736412742
move,747,677,12547.063247863249,,1736412769.294202,,1736412742
move,749,677,1852.60777385159,,1736412769.2952816,,1736412742
move,753,677,2561.016028087315,,1736412769.2968435,,1736412742
move,758,677,0,,1736412769.2968435,,1736412742
move,760,675,1726.321769940548,,1736412769.298482,,1736412742
move,766,675,0,,1736412769.300051,,1736412742
move,773,674,4506.641544989912,,1736412769.300051,,1736412742
move,777,674,2570.432970736939,,1736412769.3016071,,1736412742
move,783,672,0,,1736412769.3031785,,1736412742
move,787,672,2545.47352450311,,1736412769.3031785,,1736412742
move,793,671,3918.438828425732,,1736412769.304731,,1736412742
move,798,671,0,,1736412769.3063443,,1736412742
move,806,669,5111.144796202351,,1736412769.3063443,,1736412742
move,812,669,3904.7050426687356,,1736412769.3078809,,1736412742
move,816,668,0,,1736412769.3078809,,1736412742
move,824,668,5098.682874943018,,1736412769.30945,,1736412742
move,830,666,4075.450557429674,,1736412769.3110018,,1736412742
move,839,664,0,,1736412769.3110018,,1736412742
move,845,664,3834.500076184672,,1736412769.3125665,,1736412742
move,853,664,6616.92605008874,,1736412769.3137755,,1736412742
move,859,663,0,,1736412769.3137755,,1736412742
move,865,663,3838.0088455086166,,1736412769.3153389,,1736412742
move,873,661,5190.143582818324,,1736412769.3169277,,1736412742
move,882,661,8665.917355371901,,1736412769.3179662,,1736412742
move,890,659,16306.985778359884,,1736412769.318472,,1736412742
move,899,658,0,,1736412769.3200316,,1736412742
move,908,656,5910.97098676267,,1736412769.3200316,,1736412742
move,916,654,5287.741451750698,,1736412769.3215911,,1736412742
move,925,652,0,,1736412769.323157,,1736412742
move,934,651,5782.74027199,,1736412769.323157,,1736412742
move,942,649,5236.505198471054,,1736412769.3247318,,1736412742
move,956,647,13368.585984935142,,1736412769.3257897,,1736412742
move,965,645,0,,1736412769.3257897,,1736412742
move,973,645,5133.001682729081,,1736412769.3273482,,1736412742
move,987,641,9230.65115751174,,1736412769.3289256,,1736412742
move,996,639,0,,1736412769.3289256,,1736412742
move,1007,638,6791.907622904647,,1736412769.3305519,,1736412742
move,1018,636,0,,1736412769.3321157,,1736412742
move,1027,634,5895.650586278607,,1736412769.3321157,,1736412742
move,1039,630,8089.999291951738,,1736412769.3336792,,1736412742
move,1049,630,0,,1736412769.3352458,,1736412742
move,1058,628,5884.88391346848,,1736412769.3362577,,1736412742
move,1070,625,8107.622324402558,,1736412769.3367715,,1736412742
move,1083,623,13066.664106240205,,1736412769.337778,,1736412742
move,1095,619,0,,1736412769.337778,,1736412742
move,1104,617,6125.387643814571,,1736412769.3392832,,1736412742
move,1112,615,5277.253102822904,,1736412769.3408458,,1736412742
move,1121,614,0,,1736412769.3408458,,1736412742
move,1132,610,7456.420056854643,,1736412769.3424156,,1736412742
move,1146,606,9340.775169485725,,1736412769.3439744,,1736412742
move,1155,604,0,,1736412769.3439744,,1736412742
move,1164,600,6597.844381649034,,1736412769.345467,,1736412742
move,1175,598,0,,1736412769.345467,,1736412742
move,1189,594,7804.4713173287755,,1736412769.3473327,,1736412742
move,1199,591,6575.047950683117,,1736412769.3489206,,1736412742
move,1208,587,9403.39259583533,,1736412769.349968,,1736412742
move,1216,585,16260.985818477346,,1736412769.350475,,1736412742
move,1225,582,6046.294106893272,,1736412769.352044,,1736412742
move,1234,580,0,,1736412769.3536015,,1736412742
move,1245,576,7515.779187742034,,1736412769.3536015,,1736412742
move,1254,575,5703.71498820098,,1736412769.355189,,1736412742
move,1263,571,0,,1736412769.355189,,1736412742
move,1272,567,6317.342663022573,,1736412769.356748,,1736412742
move,1281,564,10803.872255624388,,1736412769.358193,,1736412742
move,1293,560,22319.821353226547,,1736412769.358193,,1736412742
move,1299,558,4068.5747972867716,,1736412769.3597474,,1736412742
move,1308,555,0,,1736412769.3597474,,1736412742
move,1320,551,8073.994119102039,,1736412769.361314,,1736412742
move,1326,549,3955.137569451282,,1736412769.3629131,,1736412742
move,1335,546,0,,1736412769.3629131,,1736412742
move,1341,542,4600.784343438914,,1736412769.3644805,,1736412742
move,1350,539,8112.265345048852,,1736412769.36565,,1736412742
move,1359,535,0,,1736412769.36565,,1736412742
move,1366,534,3299.02202531464,,1736412769.3677933,,1736412742
move,1372,530,12958.678780534457,,1736412769.3683498,,1736412742
move,1384,526,8096.172036718984,,1736412769.3699121,,1736412742
move,1390,523,0,,1736412769.3699121,,1736412742
move,1397,520,5011.432005180015,,1736412769.3714318,,1736412742
move,1401,518,2865.9278418026825,,1736412769.3729923,,1736412742
move,1410,515,0,,1736412769.3729923,,1736412742
move,1419,511,6345.484435254164,,1736412769.3745444,,1736412742
move,1425,508,0,,1736412769.3761024,,1736412742
move,1430,505,3742.4307354793,,1736412769.3761024,,1736412742
move,1436,502,3372.033387691495,,1736412769.3780918,,1736412742
move,1443,499,13221.385596447606,,1736412769.3786678,,1736412742
move,1447,496,0,,1736412769.3786678,,1736412742
move,1454,492,5209.607136453489,,1736412769.3802154,,1736412742
move,1460,491,4013.9954707174234,,1736412769.3817308,,1736412742
move,1464,488,0,,1736412769.3817308,,1736412742
move,1469,485,3755.0721413107976,,1736412769.3832836,,1736412742
move,1475,482,4290.370019350082,,1736412769.3848472,,1736412742
move,1480,479,0,,1736412769.3848472,,1736412742
move,1484,476,3172.695915279879,,1736412769.386423,,1736412742
move,1489,474,3382.302828874435,,1736412769.3880153,,1736412742
move,1495,469,13082.492594510377,,1736412769.389179,,1736412742
move,1498,468,5579.955338306637,,1736412769.389179,,1736412742
move,1502,465,3782.7417027417027,,1736412769.3905008,,1736412742
move,1507,464,3350.068599927987,,1736412769.3920228,,1736412742
move,1510,461,0,,1736412769.3920228,,1736412742
move,1514,458,3109.1949592290584,,1736412769.393631,,1736412742
move,1519,455,0,,1736412769.393631,,1736412742
move,1522,452,2686.4318847444392,,1736412769.3952103,,1736412742
move,1524,449,3332.476451494868,,1736412769.3962922,,1736412742
move,1527,448,2021.575040261374,,1736412769.3978565,,1736412742
move,1532,445,5273.131706847181,,1736412769.3989623,,1736412742
move,1534,442,0,,1736412769.3989623,,1736412742
move,1537,440,2270.0057245397347,,1736412769.4005506,,1736412742
move,1540,436,3216.4907975460123,,1736412769.402105,,1736412742
move,1543,433,0,,1736412769.402105,,1736412742
move,1544,432,1156.2654193987762,,1736412769.4033282,,1736412742
move,1547,429,2718.8578769361598,,1736412769.4048886,,1736412742
move,1548,427,0,,1736412769.4048886,,1736412742
move,1551,424,2702.3424152691214,,1736412769.4064586,,1736412742
move,1554,421,2708.9244640808593,,1736412769.4080248,,1736412742
move,1555,418,0,,1736412769.4080248,,1736412742
move,1556,417,879.1524531666996,,1736412769.4096334,,1736412742
move,1557,416,0,,1736412769.4112077,,1736412742
move,1560,413,2016.19361030446,,1736412769.4117377,,1736412742
move,1561,411,2214.5806050293454,,1736412769.4127474,,1736412742
move,1563,408,0,,1736412769.4127474,,1736412742
move,1564,407,729.6889656188612,,1736412769.4146855,,1736412742
move,1566,404,0,,1736412769.4146855,,1736412742
move,1566,403,640.2540070218288,,1736412769.4162474,,1736412742
move,1569,401,2298.643887655223,,1736412769.417816,,1736412742
move,1569,398,5779.932016536518,,1736412769.418335,,1736412742
move,1572,397,1981.4092977524463,,1736412769.419931,,1736412742
move,1572,394,5300.299915754002,,1736412769.420497,,1736412742
move,1573,391,2040.5467444853655,,1736412769.4220467,,1736412742
move,1574,390,0,,1736412769.4220467,,1736412742
move,1575,389,900.3706134662602,,1736412769.4236174,,1736412742
move,1577,387,4545.3192348779485,,1736412769.4242396,,1736412742
move,1577,384,2978.909090909091,,1736412769.4252467,,1736412742
move,1578,383,906.7015593879123,,1736412769.4268064,,1736412742
move,1579,379,0,,1736412769.4268064,,1736412742
move,1579,378,637.3353593678772,,1736412769.4283755,,1736412742
move,1580,377,893.8579869674085,,1736412769.4299576,,1736412742
move,1581,374,0,,1736412769.4299576,,1736412742
move,1581,373,635.9824109173617,,1736412769.43153,,1736412742
move,1581,371,1286.201778595523,,1736412769.433085,,1736412742
move,1583,368,0,,1736412769.434101,,1736412742
move,1583,367,648.1693710400248,,1736412769.4346278,,1736412742
move,1583,364,0,,1736412769.4360993,,1736412742
move,1584,363,961.0566431490153,,1736412769.4360993,,1736412742
move,1584,361,1275.2520522955306,,1736412769.4376676,,1736412742
move,1585,360,0,,1736412769.439183,,1736412742
move,1585,358,1319.7935808684708,,1736412769.439183,,1736412742
move,1585,356,1971.0075187969924,,1736412769.4401977,,1736412742
move,1585,355,625.082563338301,,1736412769.4417975,,1736412742
move,1586,352,0,,1736412769.4417975,,1736412742
move,1586,351,645.3768272041852,,1736412769.443347,,1736412742
move,1586,350,647.4689719049089,,1736412769.4448915,,1736412742
move,1586,348,0,,1736412769.4448915,,1736412742
move,1586,347,637.916958174905,,1736412769.446459,,1736412742
move,1586,344,0,,1736412769.4480283,,1736412742
move,1586,343,637.2385293223944,,1736412769.4480283,,1736412742
move,1586,341,1281.2903619978615,,1736412769.4495893,,1736412742
move,1586,339,1940.4598658339116,,1736412769.45062,,1736412742
move,1586,338,0,,1736412769.452185,,1736412742
move,1586,336,1277.971968312005,,1736412769.452185,,1736412742
move,1587,335,910.3194600238985,,1736412769.4537385,,1736412742
move,1587,334,991.0926275992439,,1736412769.4547474,,1736412742
move,1587,333,0,,1736412769.4547474,,1736412742
move,1587,330,1788.1074321443798,,1736412769.4564252,,1736412742
move,1587,329,641.2328390154411,,1736412769.4579847,,1736412742
move,1587,328,0,,1736412769.4591908,,1736412742
move,1587,325,2487.2330500098833,,1736412769.4591908,,1736412742
move,1587,324,539.8769468400052,,1736412769.4610431,,1736412742
move,1589,323,4040.8224309777156,,1736412769.4615965,,1736412742
move,1589,322,0,,1736412769.4631462,,1736412742
move,1589,320,1290.555076923077,,1736412769.4631462,,1736412742
move,1589,318,1275.2520522955306,,1736412769.465228,,1736412742
move,1589,317,1947.2163416898793,,1736412769.465228,,1736412742
move,1589,316,989.9230587679962,,1736412769.4662383,,1736412742
move,1589,315,636.6581663630844,,1736412769.467809,,1736412742
move,1589,313,0,,1736412769.467809,,1736412742
move,1590,311,1438.4584144630794,,1736412769.4693635,,1736412742
move,1590,310,642.6082426842347,,1736412769.4709196,,1736412742
move,1590,308,3251.398449612403,,1736412769.4720929,,1736412742
move,1591,307,2533.806749899924,,1736412769.4720929,,1736412742
move,1591,306,643.4955507824486,,1736412769.4736469,,1736412742
move,1591,304,1286.0045991108386,,1736412769.475202,,1736412742
move,1592,303,0,,1736412769.475202,,1736412742
move,1592,301,1620.6738794435857,,1736412769.4764361,,1736412742
move,1593,301,0,,1736412769.4780056,,1736412742
move,1593,299,1274.2834573902476,,1736412769.4780056,,1736412742
move,1593,297,1253.5277943813508,,1736412769.4796011,,1736412742
move,1594,296,1013.2629999172741,,1736412769.4809968,,1736412742
move,1596,294,2699.882385760456,,1736412769.4820445,,1736412742
move,1596,293,0,,1736412769.4820445,,1736412742
move,1597,291,1408.0091371114365,,1736412769.4836326,,1736412742
move,1597,290,0,,1736412769.4851964,,1736412742
move,1598,288,1429.905299938905,,1736412769.4851964,,1736412742
move,1598,287,642.6082426842347,,1736412769.4867525,,1736412742
move,1599,286,0,,1736412769.4867525,,1736412742
move,1600,283,1938.8326032970142,,1736412769.4883835,,1736412742
move,1600,282,639.9609398840403,,1736412769.4899461,,1736412742
move,1601,281,0,,1736412769.4899461,,1736412742
move,1603,280,1403.5840859472132,,1736412769.4915392,,1736412742
move,1603,278,1977.9787785899553,,1736412769.4925504,,1736412742
move,1604,276,0,,1736412769.4925504,,1736412742
move,1605,275,778.9417730158533,,1736412769.494366,,1736412742
move,1605,274,845.1146483981463,,1736412769.4955492,,1736412742
move,1606,273,1120.6577747054075,,1736412769.4973297,,1736412742
move,1607,271,4312.06844243645,,1736412769.4973297,,1736412742
move,1607,269,1965.4657919400188,,1736412769.4983473,,1736412742
move,1608,268,904.7653449535879,,1736412769.4999104,,1736412742
move,1610,267,0,,1736412769.4999104,,1736412742
move,1610,266,640.4495342800427,,1736412769.5014718,,1736412742
move,1611,263,2030.2393753489782,,1736412769.5030293,,1736412742
move,1612,262,0,,1736412769.5030293,,1736412742
move,1613,261,856.802195798891,,1736412769.50468,,1736412742
move,1613,260,0,,1736412769.50468,,1736412742
move,1614,259,905.455900093989,,1736412769.5062418,,1736412742
move,1615,257,1428.5984557957775,,1736412769.507807,,1736412742
move,1615,256,0,,1736412769.507807,,1736412742
move,1617,254,1775.143379175736,,1736412769.5094004,,1736412742
move,1618,253,904.3515172306331,,1736412769.5109642,,1736412742
move,1618,252,956.7299270072992,,1736412769.5120094,,1736412742
move,1619,250,2105.6912578130396,,1736412769.5130713,,1736412742
move,1620,249,2800.5862141245148,,1736412769.5135763,,1736412742
move,1621,248,1402.6109249268675,,1736412769.5145845,,1736412742
move,1621,247,0,,1736412769.5145845,,1736412742
move,1622,246,899.0060020484575,,1736412769.5161576,,1736412742
move,1623,245,903.2498251127946,,1736412769.5177233,,1736412742
move,1623,244,0,,1736412769.5177233,,1736412742
move,1623,242,1274.6707187357545,,1736412769.5192924,,1736412742
move,1625,241,1378.822237915213,,1736412769.520914,,1736412742
move,1626,240,0,,1736412769.520914,,1736412742
move,1627,239,905.1795515818285,,1736412769.5224764,,1736412742
move,1627,238,755.186172128196,,1736412769.5238006,,1736412742
move,1628,238,896.6019666524155,,1736412769.524916,,1736412742
move,1629,237,0,,1736412769.524916,,1736412742
move,1629,236,643.0022995554193,,1736412769.5264711,,1736412742
move,1629,234,1280.3125763125763,,1736412769.5280333,,1736412742
move,1630,233,0,,1736412769.5280333,,1736412742
move,1630,232,553.703498349835,,1736412769.5298393,,1736412742
move,1631,232,1534.6886205634833,,1736412769.5304909,,1736412742
move,1633,231,1481.4008627861756,,1736412769.5320003,,1736412742
move,1633,230,0,,1736412769.5320003,,1736412742
move,1634,230,510.3801411535653,,1736412769.5339596,,1736412742
move,1635,229,2472.547562115766,,1736412769.5345316,,1736412742
move,1635,228,606.1132947976879,,1736412769.5361814,,1736412742
move,1635,226,1280.1171982298183,,1736412769.5377438,,1736412742
move,1636,226,0,,1736412769.5377438,,1736412742
move,1637,225,930.1617690945151,,1736412769.5392642,,1736412742
move,1638,224,909.4819996190927,,1736412769.5408192,,1736412742
move,1638,223,639.4730904101235,,1736412769.542383,,1736412742
move,1639,223,634.0595616024187,,1736412769.5449674,,1736412742
move,1639,222,659.1708313688512,,1736412769.5454772,,1736412742
move,1640,222,642.2146685040576,,1736412769.5470343,,1736412742
move,1640,221,0,,1736412769.5481505,,1736412742
move,1642,220,825.2308721776752,,1736412769.549744,,1736412742
move,1643,220,630.4379978956862,,1736412769.55133,,1736412742
move,1643,219,639.5706007929247,,1736412769.5528936,,1736412742
move,1644,217,1475.5740815448833,,1736412769.554409,,1736412742
move,1645,217,648.9716849760173,,1736412769.557017,,1736412742
move,1645,216,379.9532566355648,,1736412769.5585818,,1736412742
move,1646,216,0,,1736412769.5585818,,1736412742
move,1647,215,450.97252349393466,,1736412769.5617177,,1736412742
move,1648,215,644.9798554513302,,1736412769.5632682,,1736412742
move,1648,214,644.0884520884521,,1736412769.5648208,,1736412742
move,1650,214,1959.4973137117495,,1736412769.566401,,1736412742
move,1651,214,637.7229740003041,,1736412769.5674095,,1736412742
move,1652,213,889.1682808448093,,1736412769.569,,1736412742
move,1653,212,542.544736258641,,1736412769.5716066,,1736412742
move,1654,211,535.9271414452224,,1736412769.5742455,,1736412742
move,1655,211,382.796750935475,,1736412769.5768578,,1736412742
move,1655,209,0,,1736412769.5768578,,1736412742
move,1656,209,643.1008892977615,,1736412769.5799725,,1736412742
move,1658,208,721.331246139,,1736412769.5815127,,1736412742
move,1659,208,609.1944807552651,,1736412769.5831542,,1736412742
move,1660,207,1134.1570939800617,,1736412769.5844011,,1736412742
move,1660,206,393.3512144799775,,1736412769.5869434,,1736412742
move,1661,206,0,,1736412769.5869434,,1736412742
move,1662,206,666.8209856915739,,1736412769.588443,,1736412742
move,1662,205,642.2146685040576,,1736412769.5900002,,1736412742
move,1663,205,909.2356384131801,,1736412769.5911,,1736412742
move,1664,204,907.2562865579264,,1736412769.5939713,,1736412742
move,1666,203,816.1111087973615,,1736412769.5959854,,1736412742
move,1667,203,434.9584154308825,,1736412769.5976977,,1736412742
move,1667,201,0,,1736412769.5992606,,1736412742
move,1668,200,449.1286137287592,,1736412769.6008465,,1736412742
move,1669,200,635.2118733908829,,1736412769.6024208,,1736412742
move,1670,199,903.8003354435049,,1736412769.6039855,,1736412742
move,1670,198,639.7657107992678,,1736412769.6055486,,1736412742
move,1671,198,991.3268730796502,,1736412769.6065574,,1736412742
move,1672,197,448.11072006615717,,1736412769.6097133,,1736412742
move,1673,197,480.3921658458367,,1736412769.611795,,1736412742
move,1675,196,2219.8222159288234,,1736412769.6128023,,1736412742
move,1676,196,511.68769061851896,,1736412769.6147566,,1736412742
move,1676,195,1695.3532740501212,,1736412769.6153464,,1736412742
move,1677,195,659.3780852067285,,1736412769.616863,,1736412742
move,1678,193,2075.4035986499844,,1736412769.6179404,,1736412742
move,1679,192,915.3767903573646,,1736412769.621047,,1736412742
move,1680,191,454.77586456457277,,1736412769.622595,,1736412742
move,1681,191,762.6007272727272,,1736412769.6239064,,1736412742
move,1683,191,1584.8494237672398,,1736412769.6251683,,1736412742
move,1684,190,551.524091261341,,1736412769.6277325,,1736412742
move,1685,190,996.0351460460698,,1736412769.6287365,,1736412742
move,1686,189,445.88751420850355,,1736412769.6319082,,1736412742
move,1687,189,0,,1736412769.6330702,,1736412742
move,1688,189,860.5465736561346,,1736412769.6330702,,1736412742
move,1688,188,641.2328390154411,,1736412769.6346297,,1736412742
move,1689,188,0,,1736412769.6346297,,1736412742
move,1691,187,1440.889362774509,,1736412769.6361816,,1736412742
move,1692,187,658.6532663316583,,1736412769.6376998,,1736412742
move,1693,186,927.2536503854498,,1736412769.639225,,1736412742
move,1694,186,635.7896013339397,,1736412769.6407979,,1736412742
move,1695,184,0,,1736412769.6407979,,1736412742
move,1696,184,319.03126188484066,,1736412769.6439323,,1736412742
move,1697,183,0,,1736412769.6439323,,1736412742
move,1699,183,1372.257156878783,,1736412769.6453898,,1736412742
move,1700,182,0,,1736412769.647024,,1736412742
move,1701,182,378.44482540828295,,1736412769.6480322,,1736412742
move,1702,182,0,,1736412769.6480322,,1736412742
move,1703,181,1212.5187247579154,,1736412769.6491985,,1736412742
move,1704,181,642.2146685040576,,1736412769.6507556,,1736412742
move,1705,181,921.825054945055,,1736412769.6518404,,1736412742
move,1708,178,2730.539328609355,,1736412769.6533942,,1736412742
move,1709,178,759.7000543379822,,1736412769.6547105,,1736412742
move,1710,178,0,,1736412769.656274,,1736412742
move,1711,178,639.5706007929247,,1736412769.656274,,1736412742
move,1712,177,898.8697683763786,,1736412769.6578474,,1736412742
move,1714,177,3832.164458656921,,1736412769.6583693,,1736412742
move,1715,176,1360.4682572283766,,1736412769.6594088,,1736412742
move,1717,176,1738.5716062176166,,1736412769.6605592,,1736412742
move,1718,175,1179.9565549066485,,1736412769.6617577,,1736412742
move,1719,175,770.0209289517165,,1736412769.6630564,,1736412742
move,1721,175,0,,1736412769.6630564,,1736412742
move,1722,174,909.0638469755896,,1736412769.664612,,1736412742
move,1723,174,0,,1736412769.664612,,1736412742
move,1724,173,902.6999850122846,,1736412769.6661787,,1736412742
move,1725,173,639.5706007929247,,1736412769.6677423,,1736412742
move,1726,173,990.8584927947082,,1736412769.6687515,,1736412742
move,1729,171,0,,1736412769.6687515,,1736412742
move,1730,171,629.3029257314329,,1736412769.6703405,,1736412742
move,1731,170,1103.7665801108526,,1736412769.6716218,,1736412742
move,1732,170,0,,1736412769.673177,,1736412742
move,1735,170,1929.006898666258,,1736412769.673177,,1736412742
move,1736,169,902.6999850122846,,1736412769.6747437,,1736412742
move,1737,168,902.8373822702774,,1736412769.67631,,1736412742
move,1739,167,0,,1736412769.6780422,,1736412742
move,1741,167,1154.6604267033724,,1736412769.679051,,1736412742
move,1742,167,991.3268730796502,,1736412769.679051,,1736412742
move,1743,166,705.5598431682791,,1736412769.6810553,,1736412742
move,1744,166,0,,1736412769.6810553,,1736412742
move,1745,165,1232.676974546077,,1736412769.6822026,,1736412742
move,1746,165,947.4370905805285,,1736412769.683258,,1736412742
move,1747,163,856.4285327640653,,1736412769.685869,,1736412742
move,1748,162,2791.3607536544578,,1736412769.6863756,,1736412742
move,1750,162,1280.1171982298183,,1736412769.687938,,1736412742
move,1751,162,920.2071083808688,,1736412769.6890247,,1736412742
move,1752,161,2746.1303710720936,,1736412769.6895397,,1736412742
move,1753,160,1292.0151604259904,,1736412769.6906343,,1736412742
move,1754,160,0,,1736412769.6922145,,1736412742
move,1755,159,439.6088046776642,,1736412769.6938512,,1736412742
move,1756,159,0,,1736412769.6938512,,1736412742
move,1758,158,1427.7285526410835,,1736412769.6954174,,1736412742
move,1759,157,907.9506507754053,,1736412769.696975,,1736412742
move,1760,155,1430.7778584743369,,1736412769.7000575,,1736412742
move,1761,155,658.0332601192343,,1736412769.7000575,,1736412742
move,1761,154,627.1387559808612,,1736412769.701652,,1736412742
move,1762,153,0,,1736412769.7029781,,1736412742
move,1763,153,346.23609047383195,,1736412769.7045403,,1736412742
move,1763,152,0,,1736412769.7061007,,1736412742
move,1764,152,640.8409472880061,,1736412769.7061007,,1736412742
move,1764,151,644.8806888068881,,1736412769.7076514,,1736412742
move,1766,151,0,,1736412769.7076514,,1736412742
move,1766,150,571.8205862304022,,1736412769.7094002,,1736412742
move,1767,150,973.6081708449397,,1736412769.7104273,,1736412742
move,1767,149,0,,1736412769.7119915,,1736412742
move,1768,147,716.263087085633,,1736412769.7135491,,1736412742
move,1769,147,746.9820124666073,,1736412769.7148879,,1736412742
move,1769,146,636.3683811257775,,1736412769.7164593,,1736412742
move,1770,145,450.21947639588024,,1736412769.7196004,,1736412742
move,1770,144,992.0302743614002,,1736412769.7206085,,1736412742
move,1771,144,370.6197755588937,,1736412769.7233067,,1736412742
move,1771,143,629.5863104172921,,1736412769.724895,,1736412742
move,1771,142,641.5270724992353,,1736412769.7280293,,1736412742
move,1772,142,634.7312348668281,,1736412769.7280293,,1736412742
move,1772,141,237.06008025772906,,1736412769.7322476,,1736412742
move,1774,141,1287.781393920786,,1736412769.7338006,,1736412742
move,1774,139,1282.857929346995,,1736412769.7353597,,1736412742
move,1774,138,215.71199341699239,,1736412769.7410023,,1736412742
move,1775,137,522.5195209228085,,1736412769.742702,,1736412742
move,1775,136,174.1892935753146,,1736412769.748443,,1736412742
move,1776,136,0,,1736412769.7499692,,1736412742
move,1776,135,354.4282575629542,,1736412769.7512643,,1736412742
move,1776,134,136.8451549755302,,1736412769.7585719,,1736412742
move,1777,134,349.2633857939878,,1736412769.761435,,1736412742
move,1777,133,0,,1736412769.7630222,,1736412742
move,1778,132,192.37964523451245,,1736412769.7687862,,1736412742
move,1779,130,716.4272295698784,,1736412769.7719073,,1736412742
move,1779,129,211.5770782889427,,1736412769.7766337,,1736412742
move,1779,128,210.33569028634471,,1736412769.781388,,1736412742
move,1780,128,943.600449943757,,1736412769.7824478,,1736412742
move,1781,127,288.9537023341642,,1736412769.787342,,1736412742
move,1781,126,156.6441589483119,,1736412769.793726,,1736412742
move,1783,126,704.3331654072208,,1736412769.7965655,,1736412742
move,1783,125,622.8547668547668,,1736412769.798171,,1736412742
move,1783,124,210.76904522613066,,1736412769.8029156,,1736412742
move,1784,124,623.7810826888757,,1736412769.8045187,,1736412742
move,1784,122,274.6491176374292,,1736412769.8118007,,1736412742
move,1784,121,317.6299886406664,,1736412769.814949,,1736412742
move,1785,121,772.8586696148885,,1736412769.816243,,1736412742
move,1785,120,215.66762649115591,,1736412769.8208797,,1736412742
move,1786,119,249.04028892080453,,1736412769.8265584,,1736412742
move,1786,118,137.7892247043364,,1736412769.8343205,,1736412742
move,1787,118,660.5203149606299,,1736412769.8353298,,1736412742
move,1787,117,369.2169014084507,,1736412769.8380382,,1736412742
move,1787,116,366.5708792169201,,1736412769.841974,,1736412742
move,1788,116,827.9320963284642,,1736412769.8430398,,1736412742
move,1788,114,545.955613407094,,1736412769.8456373,,1736412742
move,1789,114,213.45058524173027,,1736412769.8503222,,1736412742
move,1789,113,603.0631200575126,,1736412769.8519804,,1736412742
move,1791,113,0,,1736412769.8519804,,1736412742
move,1791,112,301.63998561668467,,1736412769.8552957,,1736412742
move,1792,112,320.98446468202343,,1736412769.858411,,1736412742
move,1792,111,635.308088458043,,1736412769.859985,,1736412742
move,1793,110,389.67557492548434,,1736412769.8636143,,1736412742
move,1794,110,256.31288193595697,,1736412769.8675158,,1736412742
move,1794,109,0,,1736412769.869084,,1736412742
move,1795,108,327.4074958059128,,1736412769.8718352,,1736412742
move,1795,106,650.0781153130812,,1736412769.8749118,,1736412742
move,1796,106,617.8998232174425,,1736412769.8780956,,1736412742
move,1796,105,357.6011595191406,,1736412769.8793266,,1736412742
move,1796,104,314.9349752215047,,1736412769.8825018,,1736412742
move,1797,104,629.5863104172921,,1736412769.8851058,,1736412742
move,1797,103,389.26255220417636,,1736412769.8866591,,1736412742
move,1799,103,632.2912489635938,,1736412769.8898222,,1736412742
move,1799,102,631.1969902182092,,1736412769.8914065,,1736412742
move,1800,102,241.12124173613108,,1736412769.8955538,,1736412742
move,1800,101,347.9306511820821,,1736412769.898428,,1736412742
move,1800,100,137.3425455974328,,1736412769.905709,,1736412742
move,1801,100,0,,1736412769.907399,,1736412742
move,1801,99,157.32573143285822,,1736412769.9120653,,1736412742
move,1802,99,317.1736237144586,,1736412769.915218,,1736412742
move,1802,97,381.52581070632647,,1736412769.9220288,,1736412742
move,1803,97,78.37916020406256,,1736412769.9332187,,1736412742
move,1803,96,188.07694722209766,,1736412769.9390416,,1736412742
move,1804,95,297.7731727668535,,1736412769.943285,,1736412742
move,1805,95,119.56737649305853,,1736412769.9516485,,1736412742
move,1805,94,472.5976338028169,,1736412769.9537644,,1736412742
move,1805,93,149.1467178721286,,1736412769.9604692,,1736412742
move,1807,93,942.9640287769785,,1736412769.9631119,,1736412742
move,1807,92,480.227158232196,,1736412769.9646726,,1736412742
move,1808,92,160.8985729630198,,1736412769.9708877,,1736412742
move,1808,91,0,,1736412769.9708877,,1736412742
move,1809,91,214.1043389484431,,1736412769.9771302,,1736412742
move,1809,89,1272.3506749582891,,1736412769.9782064,,1736412742
move,1809,88,134.78706857767207,,1736412769.9861956,,1736412742
move,1810,88,134.61403170935233,,1736412769.991978,,1736412742
move,1810,87,299.6145438959926,,1736412769.9953156,,1736412742
move,1810,86,212.99532805200081,,1736412770.0000105,,1736412742
move,1810,85,58.62633660875278,,1736412770.0170677,,1736412742
move,1811,85,641.3308868501529,,1736412770.019142,,1736412742
move,1811,84,209.73617361736174,,1736412770.0233948,,1736412742
move,1811,83,70.00423933906367,,1736412770.0376797,,1736412742
move,1811,81,166.97402416449373,,1736412770.0496576,,1736412742
move,1811,80,204.66009563774765,,1736412770.0560899,,1736412742
move,1811,80,0.0,,1736412770.0640495,,1736412742
move,1811,79,171.86952958531387,,1736412770.0698678,,1736412742
move,1811,78,128.92856264601008,,1736412770.077624,,1736412742
move,1811,77,70.48539643061204,,1736412770.0918114,,1736412742
move,1810,77,122.73377421431498,,1736412770.0999591,,1736412742
move,1810,76,227.60494899066637,,1736412770.1043527,,1736412742
move,1810,75,49.94884008955366,,1736412770.1250467,,1736412742
move,1810,73,156.53600552352162,,1736412770.1371498,,1736412742
move,1809,73,371.4732087503321,,1736412770.1398418,,1736412742
move,1809,72,50.08423189444146,,1736412770.1598082,,1736412742
move,1809,71,28.04316489041627,,1736412770.1954675,,1736412742
move,1808,71,60.75707622331025,,1736412770.2119265,,1736412742
move,1808,70,983.6547842401501,,1736412770.2134633,,1736412742
move,1806,69,212.98396417166524,,1736412770.2234418,,1736412742
move,1805,69,98.34241500586167,,1736412770.2336104,,1736412742
move,1805,68,839.3644186511907,,1736412770.2348018,,1736412742
move,1804,68,111.39657919898013,,1736412770.2437787,,1736412742
move,1804,67,650.885164494103,,1736412770.245315,,1736412742
move,1804,66,128.75046812168094,,1736412770.253082,,1736412742
move,1803,66,379.5750226244344,,1736412770.2557166,,1736412742
move,1803,64,281.21381159906133,,1736412770.2628286,,1736412742
move,1803,63,269.2626308018232,,1736412770.2682235,,1736412742
move,1802,63,594.852361367182,,1736412770.2682235,,1736412742
move,1801,63,134.4500576997051,,1736412770.2756612,,1736412742
move,1801,62,620.1839420375572,,1736412770.2772737,,1736412742
move,1800,62,350.4306124154065,,1736412770.2801273,,1736412742
move,1800,61,108.51453999793024,,1736412770.2893426,,1736412742
move,1798,61,918.3936938909569,,1736412770.2915204,,1736412742
move,1798,60,73.30776894171109,,1736412770.3051615,,1736412742
move,1797,60,142.53734792360498,,1736412770.3121772,,1736412742
move,1797,59,26.443299814015067,,1736412770.349994,,1736412742
move,1797,58,5.560724034931649,,1736412770.5298266,,1736412742
click_press,1797,58,,Button.left,1736412770.5481133,,1736412742
click_release,1797,58,,Button.left,1736412770.601831,,1736412742
click_press,1797,58,,Button.left,1736412770.6719334,,1736412742
click_release,1797,58,,Button.left,1736412770.7371464,,1736412742
