event_type,file_path,time,is_directory,hash
created,.\Records\ip_change_log\ip_change_log_2025-01-11_13-15-34.csv,1736581534.443139,False,c9b0ead70c1574156cab03865c160591
modified,.\Records\ip_change_log\ip_change_log_2025-01-11_13-15-34.csv,1736581534.4441366,False,c9b0ead70c1574156cab03865c160591
modified,.\Records\file_access_log\file_access_log_2025-01-11_13-15-33.csv,1736581534.4620893,False,465c012a3a17878b8091095f4e9a8956
modified,.\Records\file_access_log\file_access_log_2025-01-11_13-15-33.csv,1736581534.487023,False,4e3fe8ca7e2b5f591860efad5b8ba92b
modified,.\Records\file_access_log\file_access_log_2025-01-11_13-15-33.csv,1736581534.5059721,False,a4952321b79b0a1466facc2a8bbeb54e
modified,.\Records\file_access_log\file_access_log_2025-01-11_13-15-33.csv,1736581534.523924,False,b76f1d5c5b90b87a13f28b5e799ff5ef
modified,.\Records\file_access_log\file_access_log_2025-01-11_13-15-33.csv,1736581534.5458658,False,665999b3e9e614469608f925fa582057
modified,.\Records\file_access_log\file_access_log_2025-01-11_13-15-33.csv,1736581534.5628214,False,39abb48f7dcde54fe787c47a7d6691c5
modified,.\Records\file_access_log\file_access_log_2025-01-11_13-15-33.csv,1736581534.5807717,False,978b3b59550f522819859a43acc4f3c7
modified,.\Records\file_access_log\file_access_log_2025-01-11_13-15-33.csv,1736581534.6067026,False,9b0b24883f22c7250081512e282c5d71
modified,.\Records\file_access_log\file_access_log_2025-01-11_13-15-33.csv,1736581534.6226602,False,43a5bfec5886535e13bec4312b20cbcc
modified,.\Records\file_access_log\file_access_log_2025-01-11_13-15-33.csv,1736581534.6396198,False,7660828d014791117f20b486f15cdf12
modified,.\Records\file_access_log\file_access_log_2025-01-11_13-15-33.csv,1736581534.6585634,False,20c76a40b30a6f390129be43b3d0e885
modified,.\Records\file_access_log\file_access_log_2025-01-11_13-15-33.csv,1736581534.6775138,False,0e285c4b8e9ad7ed563ced809a38515d
modified,.\Records\file_access_log\file_access_log_2025-01-11_13-15-33.csv,1736581534.7004519,False,cd61022b0b2ea0d4d48635a1c09707bd
modified,.\Records\file_access_log\file_access_log_2025-01-11_13-15-33.csv,1736581534.7164085,False,9db4ed95c044d44681aca64494d1f553
modified,.\Records\file_access_log\file_access_log_2025-01-11_13-15-33.csv,1736581534.7343612,False,c839bfd56f64bda11db7b719684a4d0a
modified,.\Records\file_access_log\file_access_log_2025-01-11_13-15-33.csv,1736581534.7513146,False,f63b2193a6b76a51c2793a99f9e1c29a
modified,.\Records\file_access_log\file_access_log_2025-01-11_13-15-33.csv,1736581534.7702644,False,50ae949fa62727643cb4686761cbda67
modified,.\Records\file_access_log\file_access_log_2025-01-11_13-15-33.csv,1736581534.787218,False,cf33a0b2c0cc95f69758374627863d6c
modified,.\Records\file_access_log\file_access_log_2025-01-11_13-15-33.csv,1736581534.8021796,False,2110882ecf9494f82ae565f077adeb79
modified,.\Records\file_access_log\file_access_log_2025-01-11_13-15-33.csv,1736581534.8161416,False,da36a55ef558412a03ec7c7e80bf2b52
modified,.\Records\file_access_log\file_access_log_2025-01-11_13-15-33.csv,1736581534.8530428,False,4c45ac9ee01ed497b6c4eac9e8288c79
modified,.\Records\file_access_log\file_access_log_2025-01-11_13-15-33.csv,1736581534.8749845,False,e786a27b9386d502652ec25abff3cba8
modified,.\Records\file_access_log\file_access_log_2025-01-11_13-15-33.csv,1736581534.8949401,False,0e15616cc52ebfeba5ec528bdd50d76e
modified,.\Records\file_access_log\file_access_log_2025-01-11_13-15-33.csv,1736581534.9238539,False,b9852458efa4e71104bdfc22405e8f94
modified,.\Records\file_access_log\file_access_log_2025-01-11_13-15-33.csv,1736581534.9438002,False,1d25d3b0eee4c816d898a5c0d0a621d8
modified,.\Records\ip_change_log\ip_change_log_2025-01-11_13-15-34.csv,1736581534.9587615,False,d29e068c30a0d1654a5a54b06c7b9dd2
modified,.\Records\file_access_log\file_access_log_2025-01-11_13-15-33.csv,1736581534.9787066,False,c0eb97551e6283cc677767e85e90236a
modified,.\Records\file_access_log\file_access_log_2025-01-11_13-15-33.csv,1736581534.9936674,False,f5a8f36ef7a2b76172e166e697a247e5
modified,.\Records\file_access_log\file_access_log_2025-01-11_13-15-33.csv,1736581535.0146112,False,957eef2ca15a0ddf382101e06e4b8cee
modified,.\Records\file_access_log\file_access_log_2025-01-11_13-15-33.csv,1736581535.0355556,False,1d2eaff0fd3e7cf079e0363b7e98c59e
modified,.\Records\file_access_log\file_access_log_2025-01-11_13-15-33.csv,1736581535.0565014,False,dd4aee274f7e8ecaf8c9857dd36ab427
modified,.\Records\file_access_log\file_access_log_2025-01-11_13-15-33.csv,1736581535.0814326,False,b9af9219c73d427cedbd080a6a039d4e
modified,.\Records\file_access_log\file_access_log_2025-01-11_13-15-33.csv,1736581535.1043718,False,6e4f5c5649b6574ef731c3fee83a6325
modified,.\Records\file_access_log\file_access_log_2025-01-11_13-15-33.csv,1736581535.1283066,False,c655c99e9ce5f78c7c5504fe01fa3566
modified,.\Records\file_access_log\file_access_log_2025-01-11_13-15-33.csv,1736581535.1522424,False,5c0efc56b96dbad5863fbaeaddfcd5f0
modified,.\Records\file_access_log\file_access_log_2025-01-11_13-15-33.csv,1736581535.1711926,False,0ed50b108605f151417c51c5d587f058
modified,.\Records\file_access_log\file_access_log_2025-01-11_13-15-33.csv,1736581535.1871502,False,9d9fcd8ef3c270763f237c3f54bcd57e
modified,.\Records\file_access_log\file_access_log_2025-01-11_13-15-33.csv,1736581535.204124,False,8ef7b823cfe2369005381647fde66b1d
modified,.\Records\file_access_log\file_access_log_2025-01-11_13-15-33.csv,1736581535.2170696,False,a8fdb96874cc40d356ca2ad7e4c8ed82
modified,.\Records\file_access_log\file_access_log_2025-01-11_13-15-33.csv,1736581535.2330267,False,dbb682b48192f51f365b77037323b94f
modified,.\Records\file_access_log\file_access_log_2025-01-11_13-15-33.csv,1736581535.251978,False,5e4c58797d3af9df4a31502f8a58f463
modified,.\Records\file_access_log\file_access_log_2025-01-11_13-15-33.csv,1736581535.2699292,False,5bbc23a62af826cca0d3a670640a9553
modified,.\Records\file_access_log\file_access_log_2025-01-11_13-15-33.csv,1736581535.2888787,False,698b643885869d264aff5da751bed820
modified,.\Records\file_access_log\file_access_log_2025-01-11_13-15-33.csv,1736581535.3078277,False,474967feaf37ec9049f5bfcc01d81aec
modified,.\Records\file_access_log\file_access_log_2025-01-11_13-15-33.csv,1736581535.32279,False,563d3c4a82bfede4363f4b54e8131115
modified,.\Records\file_access_log\file_access_log_2025-01-11_13-15-33.csv,1736581535.3377488,False,f78f5b4834c97430e7baf9c9fc34e6ff
modified,.\Records\file_access_log\file_access_log_2025-01-11_13-15-33.csv,1736581535.355698,False,321ce4c949fb5db362a18499151653b4
modified,.\Records\file_access_log\file_access_log_2025-01-11_13-15-33.csv,1736581535.3696623,False,268746ba87c3a3163180f095c327eb40
modified,.\Records\file_access_log\file_access_log_2025-01-11_13-15-33.csv,1736581535.3876143,False,0b3f1409a6084d617065b30dff799286
modified,.\Records\file_access_log\file_access_log_2025-01-11_13-15-33.csv,1736581535.4025757,False,183fb5463284e3658f1c89baf807d56a
modified,.\Records\file_access_log\file_access_log_2025-01-11_13-15-33.csv,1736581535.4135447,False,e2f723b15fb87b6e98753103dda2cfac
modified,.\Records\file_access_log\file_access_log_2025-01-11_13-15-33.csv,1736581535.4374807,False,b785e94ea4451052636b24d09d57bf5b
modified,.\Records\file_access_log\file_access_log_2025-01-11_13-15-33.csv,1736581535.4554334,False,96b1abd490ada36e6d618b6658e9cf57
modified,.\Records\file_access_log\file_access_log_2025-01-11_13-15-33.csv,1736581535.4733844,False,ef79f8d797ea438534e13b2668d06ccd
modified,.\Records\file_access_log\file_access_log_2025-01-11_13-15-33.csv,1736581535.4923334,False,d8d2ab7dce984eb022e0ae8789c5565b
modified,.\Records\file_access_log\file_access_log_2025-01-11_13-15-33.csv,1736581535.50929,False,5952dec89aba062bdcfabacf763f6bd0
modified,.\Records\file_access_log\file_access_log_2025-01-11_13-15-33.csv,1736581535.5222554,False,f413d5173ddbcbc8ca6972e32d506b79
modified,.\Records\file_access_log\file_access_log_2025-01-11_13-15-33.csv,1736581535.5382109,False,e6c6f14e66a98abe3e8210ab66d9c39f
modified,.\Records\file_access_log\file_access_log_2025-01-11_13-15-33.csv,1736581535.556171,False,a29188fa8162e67678f92ee047a407fb
modified,.\Records\file_access_log\file_access_log_2025-01-11_13-15-33.csv,1736581535.57312,False,011ee9b7040af071a54f4c2359faa639
modified,.\Records\file_access_log\file_access_log_2025-01-11_13-15-33.csv,1736581535.5880785,False,f7b2d19bccda4e52b04356b8066d1309
modified,.\Records\file_access_log\file_access_log_2025-01-11_13-15-33.csv,1736581535.6060295,False,7dac90d5a53477960f1c6fdfc22cd64a
modified,.\Records\file_access_log\file_access_log_2025-01-11_13-15-33.csv,1736581535.6239812,False,c3097fdaa41132414b5e8de862cbf7c8
modified,.\Records\file_access_log\file_access_log_2025-01-11_13-15-33.csv,1736581535.6409373,False,3de35ddbdd9ba28fe9d015b020cfb3ef
modified,.\Records\file_access_log\file_access_log_2025-01-11_13-15-33.csv,1736581535.6588871,False,fe7d13163e6b970056f0bc8fb707d53a
modified,.\Records\file_access_log\file_access_log_2025-01-11_13-15-33.csv,1736581535.6728528,False,885d7c1f207dc7d22993452bb657adb4
modified,.\Records\file_access_log\file_access_log_2025-01-11_13-15-33.csv,1736581535.6927984,False,e0d1ebbec6466b7ca9be1edf42ffbc47
modified,.\Records\file_access_log\file_access_log_2025-01-11_13-15-33.csv,1736581535.7077572,False,b7a8eff5cff26812b46a7b5faf5299c4
modified,.\Records\file_access_log\file_access_log_2025-01-11_13-15-33.csv,1736581535.723714,False,b5d856bd4f74841b5587ea057ff72db0
modified,.\Records\file_access_log\file_access_log_2025-01-11_13-15-33.csv,1736581535.7376785,False,96cc25975c5148af7514625b4649525e
modified,.\Records\file_access_log\file_access_log_2025-01-11_13-15-33.csv,1736581535.7546318,False,27b203f66f88792e34fb0cecd9e90b4c
modified,.\Records\file_access_log\file_access_log_2025-01-11_13-15-33.csv,1736581535.7725832,False,1e12bd8a5f9afd3c8d1e0acab241a40c
modified,.\Records\file_access_log\file_access_log_2025-01-11_13-15-33.csv,1736581535.7895389,False,35798854c3233344a39367f68aed7575
modified,.\Records\file_access_log\file_access_log_2025-01-11_13-15-33.csv,1736581535.8015084,False,0e7fb04c4a55b1f3bff99ec0069d6fb2
modified,.\Records\file_access_log\file_access_log_2025-01-11_13-15-33.csv,1736581535.819459,False,ea4e18fbb43cce9c91de3700c22f8384
modified,.\Records\file_access_log\file_access_log_2025-01-11_13-15-33.csv,1736581535.8324282,False,6ab2f903e1a85e309130bb9437a97492
modified,.\Records\file_access_log\file_access_log_2025-01-11_13-15-33.csv,1736581535.8503754,False,d576e636e1dc238c7c8447eb26432857
modified,.\Records\file_access_log\file_access_log_2025-01-11_13-15-33.csv,1736581535.8633428,False,10ecca4207194c3802887bd88156cfcc
modified,.\Records\file_access_log\file_access_log_2025-01-11_13-15-33.csv,1736581535.8812935,False,06ffd08c728a45c7919f5f3e448889f0
modified,.\Records\file_access_log\file_access_log_2025-01-11_13-15-33.csv,1736581535.8952572,False,170543dcf846279c2de3d83c2020b8ac
modified,.\Records\file_access_log\file_access_log_2025-01-11_13-15-33.csv,1736581535.9072244,False,7fe96a39beb66a45cd4b50f13c141d6f
modified,.\Records\file_access_log\file_access_log_2025-01-11_13-15-33.csv,1736581535.9261746,False,291f00b8e8cd61b65df9e50af45e7510
modified,.\Records\file_access_log\file_access_log_2025-01-11_13-15-33.csv,1736581535.9451222,False,b4742e6ab57337065e6194e4e8062fbc
modified,.\Records\file_access_log\file_access_log_2025-01-11_13-15-33.csv,1736581535.9640715,False,d2ed827b3bb746dcced254a841f0dab5
modified,.\Records\file_access_log\file_access_log_2025-01-11_13-15-33.csv,1736581535.9790323,False,be59d6fb061f70e56b37a634b1a38849
modified,.\Records\file_access_log\file_access_log_2025-01-11_13-15-33.csv,1736581535.9919994,False,47b265f2138d06d3966016a45a6e4262
modified,.\Records\file_access_log\file_access_log_2025-01-11_13-15-33.csv,1736581536.0119421,False,0c32e2522d6ca06929c29bae227d6d5d
modified,.\Records\file_access_log\file_access_log_2025-01-11_13-15-33.csv,1736581536.0288987,False,e735fab01162a03ac4dcd23a2cc6d408
modified,.\Records\file_access_log\file_access_log_2025-01-11_13-15-33.csv,1736581536.0468538,False,e857aecdec622b531f542ee6290b7598
modified,.\Records\file_access_log\file_access_log_2025-01-11_13-15-33.csv,1736581536.059816,False,ee9f1ed9c26594ee2b5149c9d8521a4b
modified,.\Records\file_access_log\file_access_log_2025-01-11_13-15-33.csv,1736581536.0787663,False,7515c8d3c6abbbf351b918fb88a71f92
modified,.\Records\file_access_log\file_access_log_2025-01-11_13-15-33.csv,1736581536.090735,False,144179c04295c65878b23938deb5362b
modified,.\Records\file_access_log\file_access_log_2025-01-11_13-15-33.csv,1736581536.1076877,False,9b6018911d3a2fbfd2b721dccee6c539
modified,.\Records\file_access_log\file_access_log_2025-01-11_13-15-33.csv,1736581536.1266367,False,4fe4c72daf3866dac7465c91c367e5d4
modified,.\Records\file_access_log\file_access_log_2025-01-11_13-15-33.csv,1736581536.1415997,False,fd0e694556ca781060ad335e20f80014
modified,.\Records\file_access_log\file_access_log_2025-01-11_13-15-33.csv,1736581536.1555617,False,0012e6405a2f6c416a5dbf373877c7d8
modified,.\Records\file_access_log\file_access_log_2025-01-11_13-15-33.csv,1736581536.1745124,False,5d8679d73e535374b40b7626b9a79791
modified,.\Records\file_access_log\file_access_log_2025-01-11_13-15-33.csv,1736581536.1874738,False,3a91cfb1d4a10a8cd8b626db5040d63c
modified,.\Records\file_access_log\file_access_log_2025-01-11_13-15-33.csv,1736581536.201436,False,0f5205bc23ce6ecc1cd7dba1dd8cd064
modified,.\Records\file_access_log\file_access_log_2025-01-11_13-15-33.csv,1736581536.2163975,False,ad87f65d62ad835dd59be1eaf96c5fb8
modified,.\Records\file_access_log\file_access_log_2025-01-11_13-15-33.csv,1736581536.2323532,False,80e2343df0ebb3dd52a29f0c0b3afacc
modified,.\Records\file_access_log\file_access_log_2025-01-11_13-15-33.csv,1736581536.2473152,False,9e5798b3191d670fb98338680147ae29
modified,.\Records\file_access_log\file_access_log_2025-01-11_13-15-33.csv,1736581536.2642689,False,e76b09c2005b3c8ed064c15d4aa537b2
modified,.\Records\mouse_data_log\mouse_data_log_2025-01-11_13-15-33.csv,1736581536.279228,False,ba73c4e00e460117842bbd49252b59d9
modified,.\Records\file_access_log\file_access_log_2025-01-11_13-15-33.csv,1736581536.2971835,False,cfbca6ce08d67cb2a49555cc8fe66de7
modified,.\Records\file_access_log\file_access_log_2025-01-11_13-15-33.csv,1736581536.3181312,False,435e033ed7771563b53d377fe44f085d
modified,.\Records\mouse_data_log\mouse_data_log_2025-01-11_13-15-33.csv,1736581536.3350801,False,91277cd622f8fd6fcf032a2cf42a2490
modified,.\Records\file_access_log\file_access_log_2025-01-11_13-15-33.csv,1736581536.346052,False,74ce8f995f16d8fe1750f151136475ec
modified,.\Records\file_access_log\file_access_log_2025-01-11_13-15-33.csv,1736581536.3640008,False,e82b1a10aee147b60d9dcdf2a216b4bb
modified,.\Records\file_access_log\file_access_log_2025-01-11_13-15-33.csv,1736581536.3829513,False,5856eebe6fdeca95dcf66e44b71e41d3
modified,.\Records\file_access_log\file_access_log_2025-01-11_13-15-33.csv,1736581536.4009032,False,a0ef1f854282f4fe5eefcc720500cdc6
modified,.\Records\file_access_log\file_access_log_2025-01-11_13-15-33.csv,1736581536.4118755,False,db6b00141030fd66312f5fc133487de4
modified,.\Records\file_access_log\file_access_log_2025-01-11_13-15-33.csv,1736581536.4338324,False,f2308e9c3ac345d07c880ccae498fe73
modified,.\Records\file_access_log\file_access_log_2025-01-11_13-15-33.csv,1736581536.4527645,False,4002bc5e783195d30f6746e0890b4685
modified,.\Records\file_access_log\file_access_log_2025-01-11_13-15-33.csv,1736581536.467727,False,bc50125c322036b5bf8a8431a4add316
modified,.\Records\file_access_log\file_access_log_2025-01-11_13-15-33.csv,1736581536.4856796,False,d4b8e13d271bbc4a109b44c733d65e08
modified,.\Records\file_access_log\file_access_log_2025-01-11_13-15-33.csv,1736581536.5016332,False,f77c8c95462d05ce4b174374ee1baea9
modified,.\Records\file_access_log\file_access_log_2025-01-11_13-15-33.csv,1736581536.5136058,False,a34a25633ed1a2e99461150cc12436bf
modified,.\Records\file_access_log\file_access_log_2025-01-11_13-15-33.csv,1736581536.5265684,False,4946db29e7d96b8df5bfcd63d95ce4bb
modified,.\Records\file_access_log\file_access_log_2025-01-11_13-15-33.csv,1736581536.5395362,False,a844bad3a6d9aa290e16e640db6aae5b
modified,.\Records\file_access_log\file_access_log_2025-01-11_13-15-33.csv,1736581536.558482,False,ad3363a8e749efe3cc9a77ced1ecb1c9
modified,.\Records\file_access_log\file_access_log_2025-01-11_13-15-33.csv,1736581536.5774312,False,6e117da3ed1fba3480ba687d89e1fd65
modified,.\Records\file_access_log\file_access_log_2025-01-11_13-15-33.csv,1736581536.5933897,False,9aa897f5275c9a7e7ae60601dab4c28d
modified,.\Records\file_access_log\file_access_log_2025-01-11_13-15-33.csv,1736581536.6113408,False,6bfce64cfc445ff41416b82f586f94ef
modified,.\Records\file_access_log\file_access_log_2025-01-11_13-15-33.csv,1736581536.6282966,False,182de8a3a355ab38dfae1458c22dab3d
modified,.\Records\file_access_log\file_access_log_2025-01-11_13-15-33.csv,1736581536.6462467,False,ca2438d5d527f421a17b2988b830f1f0
modified,.\Records\file_access_log\file_access_log_2025-01-11_13-15-33.csv,1736581536.6612096,False,2400c80742463dfbfebdc983dff6ce96
modified,.\Records\file_access_log\file_access_log_2025-01-11_13-15-33.csv,1736581536.679161,False,10cbe6f6fab3d0c9e9984a3f1a4f36cc
modified,.\Records\file_access_log\file_access_log_2025-01-11_13-15-33.csv,1736581536.6971128,False,884b938efa4cc35e3c7658ba6b13466f
modified,.\Records\file_access_log\file_access_log_2025-01-11_13-15-33.csv,1736581536.70908,False,e57ad92d317b7f9601329105335223cb
modified,.\Records\file_access_log\file_access_log_2025-01-11_13-15-33.csv,1736581536.7260334,False,cfb4420f9fe6b490efc5207fbf7d0258
modified,.\Records\file_access_log\file_access_log_2025-01-11_13-15-33.csv,1736581536.7449841,False,04a7200869d26bca747e6a52c5a072de
modified,.\Records\file_access_log\file_access_log_2025-01-11_13-15-33.csv,1736581536.7639346,False,036ee57a48f6e2a24dbae7e2e4da6982
modified,.\Records\file_access_log\file_access_log_2025-01-11_13-15-33.csv,1736581536.7818892,False,b4a551a69dd0f3b064ff792fef3df92e
modified,.\Records\file_access_log\file_access_log_2025-01-11_13-15-33.csv,1736581536.800835,False,f6d3e4915a47890ba5ac2c80c22150a2
modified,.\Records\file_access_log\file_access_log_2025-01-11_13-15-33.csv,1736581536.8177898,False,9cc0fce44e2b11110a73e98013304772
modified,.\Records\file_access_log\file_access_log_2025-01-11_13-15-33.csv,1736581536.8297606,False,cfc658687b0ddc7dd04145d2c1168e7f
modified,.\Records\file_access_log\file_access_log_2025-01-11_13-15-33.csv,1736581536.846713,False,b795abe941b92116023129df89f2b019
modified,.\Records\file_access_log\file_access_log_2025-01-11_13-15-33.csv,1736581536.8596826,False,73f8e1d88765e71fb024521bace47c27
modified,.\Records\file_access_log\file_access_log_2025-01-11_13-15-33.csv,1736581536.8726428,False,63a840dda383d714ae22b6ba15f5ed8e
modified,.\Records\file_access_log\file_access_log_2025-01-11_13-15-33.csv,1736581536.8975744,False,6b56b8457f04222c0f90560cdc15e030
modified,.\Records\file_access_log\file_access_log_2025-01-11_13-15-33.csv,1736581536.9145355,False,a25343345218ddb667d68b6d85af565b
modified,.\Records\file_access_log\file_access_log_2025-01-11_13-15-33.csv,1736581536.929489,False,f322fdb188b498c23d7efa5a35acb661
modified,.\Records\file_access_log\file_access_log_2025-01-11_13-15-33.csv,1736581536.9414616,False,509afd740dd280873f3cfb55192acf07
modified,.\Records\file_access_log\file_access_log_2025-01-11_13-15-33.csv,1736581536.9574287,False,6327b6e08aea336e78fdc17627e1180d
modified,.\Records\file_access_log\file_access_log_2025-01-11_13-15-33.csv,1736581536.9753673,False,90a10f766664f766140e8ef8a45e3b32
modified,.\Records\file_access_log\file_access_log_2025-01-11_13-15-33.csv,1736581536.9883335,False,5c2d809bf8ae97a652ddf01f9c29f25d
modified,.\Records\file_access_log\file_access_log_2025-01-11_13-15-33.csv,1736581536.999302,False,86fe5f2ec2181d51b239a54b6f7fcfeb
modified,.\Records\file_access_log\file_access_log_2025-01-11_13-15-33.csv,1736581537.012271,False,0b4ad831f57a4cbb0f05e279dd28e9e7
modified,.\Records\file_access_log\file_access_log_2025-01-11_13-15-33.csv,1736581537.0292265,False,bdf317510008228517a19cd8da5432a7
modified,.\Records\file_access_log\file_access_log_2025-01-11_13-15-33.csv,1736581537.0481744,False,ba35b130efcc592e759d3cf203d550be
modified,.\Records\file_access_log\file_access_log_2025-01-11_13-15-33.csv,1736581537.0681198,False,52b027782c8a04b32806c866319ec3cc
modified,.\Records\file_access_log\file_access_log_2025-01-11_13-15-33.csv,1736581537.0860713,False,7afa4c24d30818066edf1cee66ad9731
modified,.\Records\file_access_log\file_access_log_2025-01-11_13-15-33.csv,1736581537.1010363,False,0497305d40c818f399e6546754d918cf
modified,.\Records\file_access_log\file_access_log_2025-01-11_13-15-33.csv,1736581537.1209753,False,c73a3e462cd5337bcb6d7d5746ab303c
modified,.\Records\file_access_log\file_access_log_2025-01-11_13-15-33.csv,1736581537.1359396,False,e57286de9e99dbfc4c63e05b21dcb1f1
modified,.\Records\file_access_log\file_access_log_2025-01-11_13-15-33.csv,1736581537.1538894,False,766ebe8c52ccc498e5802176f419f3cc
modified,.\Records\file_access_log\file_access_log_2025-01-11_13-15-33.csv,1736581537.170844,False,071e4b9f8b2faeffc23e2d5f6280a40e
modified,.\Records\file_access_log\file_access_log_2025-01-11_13-15-33.csv,1736581537.1887953,False,902a3e5738c22c4c8e6e303e48892197
modified,.\Records\file_access_log\file_access_log_2025-01-11_13-15-33.csv,1736581537.2017643,False,bdce712d9bfe1641333025e282199026
modified,.\Records\file_access_log\file_access_log_2025-01-11_13-15-33.csv,1736581537.2197118,False,c76eb355665aab9fd97539284ede2a94
modified,.\Records\file_access_log\file_access_log_2025-01-11_13-15-33.csv,1736581537.237666,False,e046b8e79a22ef5c7b0122ecc3262b73
modified,.\Records\file_access_log\file_access_log_2025-01-11_13-15-33.csv,1736581537.260605,False,bd14848d8590a8777cbf179978f35d5d
modified,.\Records\file_access_log\file_access_log_2025-01-11_13-15-33.csv,1736581537.274567,False,cf71815c7e7712e062120f665b5b0fbe
modified,.\Records\file_access_log\file_access_log_2025-01-11_13-15-33.csv,1736581537.290525,False,d7d80561bba7bf3d2f4490060dcac3c9
modified,.\Records\file_access_log\file_access_log_2025-01-11_13-15-33.csv,1736581537.3094738,False,c51614b26a72e372351077165c9f7cc6
modified,.\Records\file_access_log\file_access_log_2025-01-11_13-15-33.csv,1736581537.3244345,False,27ff41e73f4819ccb446f64baddbc2ec
modified,.\Records\file_access_log\file_access_log_2025-01-11_13-15-33.csv,1736581537.3373983,False,6c0217c2f5c96cc6726a933a6c09c3e2
modified,.\Records\file_access_log\file_access_log_2025-01-11_13-15-33.csv,1736581537.3503625,False,7d616f3a6ceb55ff800a30ca6700df64
modified,.\Records\file_access_log\file_access_log_2025-01-11_13-15-33.csv,1736581537.3693147,False,8efd14e76d71843fb0d6caafca54c518
modified,.\Records\file_access_log\file_access_log_2025-01-11_13-15-33.csv,1736581537.3852696,False,b026fdb99c2ed4c37f2bf3c2469f5489
modified,.\Records\file_access_log\file_access_log_2025-01-11_13-15-33.csv,1736581537.4032261,False,7127e4b09c7dae871bbc0c0d8ec7fafc
modified,.\Records\file_access_log\file_access_log_2025-01-11_13-15-33.csv,1736581537.4191837,False,a1921b8d930e15a736309c461b5d14bb
modified,.\Records\file_access_log\file_access_log_2025-01-11_13-15-33.csv,1736581537.4381287,False,488bd4db7dbaee1da481e33ff9c52ef3
modified,.\Records\file_access_log\file_access_log_2025-01-11_13-15-33.csv,1736581537.4550838,False,a232ff39cdaa0f061195cb4805d360b9
modified,.\Records\file_access_log\file_access_log_2025-01-11_13-15-33.csv,1736581537.4730344,False,f32db6124b70fc5af04de6d373bd5f63
modified,.\Records\file_access_log\file_access_log_2025-01-11_13-15-33.csv,1736581537.486001,False,b21af0106696a2420d75dbd5c5cfc241
modified,.\Records\file_access_log\file_access_log_2025-01-11_13-15-33.csv,1736581537.503952,False,b76af25f2519aad46148d1cef8952e84
modified,.\Records\file_access_log\file_access_log_2025-01-11_13-15-33.csv,1736581537.5179152,False,b6a7260b3ad6345ecac6116d7b6f370a
modified,.\Records\file_access_log\file_access_log_2025-01-11_13-15-33.csv,1736581537.529886,False,2a42ee9ea41c8fd310a737405ec248c2
modified,.\Records\file_access_log\file_access_log_2025-01-11_13-15-33.csv,1736581537.5448458,False,b968160025e558ffbcac920274bf0d7f
modified,.\Records\file_access_log\file_access_log_2025-01-11_13-15-33.csv,1736581537.556811,False,edd9cd0ae88bb122ad421d005a861a6d
modified,.\Records\file_access_log\file_access_log_2025-01-11_13-15-33.csv,1736581537.5717738,False,3f2d9c6eb7bbe16fce5459834a5501c2
modified,.\Records\file_access_log\file_access_log_2025-01-11_13-15-33.csv,1736581537.5907216,False,2a0e08ef2ec834f9716461c920be7221
modified,.\Records\file_access_log\file_access_log_2025-01-11_13-15-33.csv,1736581537.6066813,False,72a53769171482dd692e4bdc66788bb4
modified,.\Records\file_access_log\file_access_log_2025-01-11_13-15-33.csv,1736581537.6246338,False,6707d9d24866468d440c12942bb42c97
modified,.\Records\file_access_log\file_access_log_2025-01-11_13-15-33.csv,1736581537.6395917,False,ddb49c8faa7cb1fc308af36baa520fce
modified,.\Records\file_access_log\file_access_log_2025-01-11_13-15-33.csv,1736581537.6575406,False,1d1fd060eb15e7da8315cca3f09c2b21
modified,.\Records\file_access_log\file_access_log_2025-01-11_13-15-33.csv,1736581537.6804798,False,3c7decabefc5ce6a5009dba44c6c6f28
modified,.\Records\file_access_log\file_access_log_2025-01-11_13-15-33.csv,1736581537.7064147,False,f5b45fadc213faf4ee1381eb3313a56e
modified,.\Records\file_access_log\file_access_log_2025-01-11_13-15-33.csv,1736581537.7253602,False,6537a59177f48b412b29fb7af4317c41
modified,.\Records\file_access_log\file_access_log_2025-01-11_13-15-33.csv,1736581537.7542822,False,a787304ac114377e514998f1fa7c4dcd
modified,.\Records\file_access_log\file_access_log_2025-01-11_13-15-33.csv,1736581537.773232,False,a6679faf78f15d8a85d1c22656066c7a
modified,.\Records\file_access_log\file_access_log_2025-01-11_13-15-33.csv,1736581537.795174,False,3c56fedd12d1144020d19beb57bb436a
modified,.\Records\file_access_log\file_access_log_2025-01-11_13-15-33.csv,1736581537.8151202,False,c41ccfdcf3209d63f16d746e57dc641e
modified,.\Records\file_access_log\file_access_log_2025-01-11_13-15-33.csv,1736581537.8350668,False,2ff7c01553b0a5caa7ea6f2049783a41
modified,.\Records\file_access_log\file_access_log_2025-01-11_13-15-33.csv,1736581537.8550131,False,9ad416b6259fdf3c21e42469cc79fedc
modified,.\Records\file_access_log\file_access_log_2025-01-11_13-15-33.csv,1736581537.8739636,False,7f46101ccd3ac196105aa62048817c2a
modified,.\Records\file_access_log\file_access_log_2025-01-11_13-15-33.csv,1736581537.8959029,False,a8fedd3f9ac9407812f47fe19c7e100b
modified,.\Records\file_access_log\file_access_log_2025-01-11_13-15-33.csv,1736581537.9188418,False,c9cf8bd1cd79bcb66916893e6c1f76ee
modified,.\Records\file_access_log\file_access_log_2025-01-11_13-15-33.csv,1736581537.9387887,False,2bc37449ddc61f3fd99e6bd63ac61e02
modified,.\Records\file_access_log\file_access_log_2025-01-11_13-15-33.csv,1736581537.9597335,False,2e2db675558ad82eaf84a77aaafaab4f
modified,.\Records\file_access_log\file_access_log_2025-01-11_13-15-33.csv,1736581537.9776852,False,c2bd1e334fd780805f29362e59705558
modified,.\Records\file_access_log\file_access_log_2025-01-11_13-15-33.csv,1736581537.9976335,False,141e07a5822a4e6fbbc971f1af04283a
modified,.\Records\file_access_log\file_access_log_2025-01-11_13-15-33.csv,1736581538.014588,False,34621f96b992b800a00ec2e23d9ba9e2
modified,.\Records\file_access_log\file_access_log_2025-01-11_13-15-33.csv,1736581538.0325387,False,dee9bc2fb485887599a098adafbf6a92
modified,.\Records\file_access_log\file_access_log_2025-01-11_13-15-33.csv,1736581538.049492,False,3cfad9a1f3834ce3a6c9ad9fc11cf765
modified,.\Records\file_access_log\file_access_log_2025-01-11_13-15-33.csv,1736581538.061462,False,6e3555ee0f503b2bd7c42be40b656977
modified,.\Records\file_access_log\file_access_log_2025-01-11_13-15-33.csv,1736581538.0794141,False,efd0db4ea5d3196b9409826e4c24a2df
modified,.\Records\file_access_log\file_access_log_2025-01-11_13-15-33.csv,1736581538.0923793,False,4539cbfa49508946da6a1e39740cca45
modified,.\Records\file_access_log\file_access_log_2025-01-11_13-15-33.csv,1736581538.111328,False,9ccb501ef6fc6f88fc0fbf4f7ae7fab5
modified,.\Records\file_access_log\file_access_log_2025-01-11_13-15-33.csv,1736581538.127285,False,eb08bebfb6d7e748d8d79f060405f6a0
modified,.\Records\file_access_log\file_access_log_2025-01-11_13-15-33.csv,1736581538.1452367,False,be1d13426557d690d5e6f4ef8ee1a501
modified,.\Records\file_access_log\file_access_log_2025-01-11_13-15-33.csv,1736581538.1631896,False,6fe84ca19c903d14326f88296d498a32
modified,.\Records\file_access_log\file_access_log_2025-01-11_13-15-33.csv,1736581538.178151,False,1a52ec627b09828268010df45475b02b
modified,.\Records\file_access_log\file_access_log_2025-01-11_13-15-33.csv,1736581538.1971016,False,a2030b6eac848f1fe5c2f0a35c7e28bf
modified,.\Records\file_access_log\file_access_log_2025-01-11_13-15-33.csv,1736581538.2120612,False,3590baec557bb6af67c8c1707c6343d1
modified,.\Records\file_access_log\file_access_log_2025-01-11_13-15-33.csv,1736581538.2290146,False,f6678158356ca35ce678e0d196297c13
modified,.\Records\file_access_log\file_access_log_2025-01-11_13-15-33.csv,1736581538.247962,False,6cf22161dd2c2eac71f7fa10d428033d
modified,.\Records\file_access_log\file_access_log_2025-01-11_13-15-33.csv,1736581538.2679095,False,ce237435a1cf62c72e19d7a48557ade6
modified,.\Records\file_access_log\file_access_log_2025-01-11_13-15-33.csv,1736581538.2868598,False,7817937e4432133394bdc519419f7020
modified,.\Records\file_access_log\file_access_log_2025-01-11_13-15-33.csv,1736581538.305824,False,da78bab4a722f37724a4d82af7628e6f
modified,.\Records\file_access_log\file_access_log_2025-01-11_13-15-33.csv,1736581538.3267508,False,cbadacc310511b1f1aa3fd14a8cb779a
modified,.\Records\file_access_log\file_access_log_2025-01-11_13-15-33.csv,1736581538.341715,False,b5cde183037482260a024834348ff15b
modified,.\Records\file_access_log\file_access_log_2025-01-11_13-15-33.csv,1736581538.359665,False,749f4f3f4dfa71bf7e264cab07623d2f
modified,.\Records\file_access_log\file_access_log_2025-01-11_13-15-33.csv,1736581538.3746223,False,653f1e503de41138c7c787c94c0c5ca0
modified,.\Records\file_access_log\file_access_log_2025-01-11_13-15-33.csv,1736581538.3925765,False,639fc8e733548a66a2bfe1233b908eb2
modified,.\Records\file_access_log\file_access_log_2025-01-11_13-15-33.csv,1736581538.411525,False,b45a2a82d669e01d6bebb10e485971e3
modified,.\Records\file_access_log\file_access_log_2025-01-11_13-15-33.csv,1736581538.4264863,False,834d33d2cf0e56dec4124f5553e499d6
modified,.\Records\file_access_log\file_access_log_2025-01-11_13-15-33.csv,1736581538.4404488,False,ac8de88859a9eb39fec57639a5b40ebf
modified,.\Records\file_access_log\file_access_log_2025-01-11_13-15-33.csv,1736581538.4574196,False,5513a411eeba3009b71a31a543f3bf89
modified,.\Records\file_access_log\file_access_log_2025-01-11_13-15-33.csv,1736581538.4723651,False,de3f0911d14d103cd8080468048ec8c6
modified,.\Records\file_access_log\file_access_log_2025-01-11_13-15-33.csv,1736581538.4903142,False,e741e71303911b55aa4b5eb6e8a1cec6
modified,.\Records\file_access_log\file_access_log_2025-01-11_13-15-33.csv,1736581538.5082736,False,7389d8cf8adc04d88c3a01422ef629f4
modified,.\Records\file_access_log\file_access_log_2025-01-11_13-15-33.csv,1736581538.5272176,False,3247d93312d6f62e0ae638fb9085ac81
modified,.\Records\file_access_log\file_access_log_2025-01-11_13-15-33.csv,1736581538.546165,False,8ac6ca97e4fc8ccd305203a5819bb7ee
modified,.\Records\file_access_log\file_access_log_2025-01-11_13-15-33.csv,1736581538.5601285,False,edc5469c3428846b2d13341f53df2386
modified,.\Records\file_access_log\file_access_log_2025-01-11_13-15-33.csv,1736581538.5780811,False,33472bdcbd305a0fb4e087d39b0ebde7
modified,.\Records\file_access_log\file_access_log_2025-01-11_13-15-33.csv,1736581538.5930414,False,12054c7bc2cdab8de4d732aa5d1f1f8b
modified,.\Records\file_access_log\file_access_log_2025-01-11_13-15-33.csv,1736581538.610992,False,034f8b4f99e9caff7d4548170ea86cb4
modified,.\Records\file_access_log\file_access_log_2025-01-11_13-15-33.csv,1736581538.629942,False,7538aab9125c1da15d86652e284aa4b6
modified,.\Records\file_access_log\file_access_log_2025-01-11_13-15-33.csv,1736581538.647892,False,9ce247b5756b7c6a70eff003d704e41e
modified,.\Records\file_access_log\file_access_log_2025-01-11_13-15-33.csv,1736581538.6638505,False,79d46e4f5d3fd2da924ee70098b464cd
modified,.\Records\file_access_log\file_access_log_2025-01-11_13-15-33.csv,1736581538.6827996,False,97ccd4a9ef85fc5c5e5b2b4676566b4e
modified,.\Records\file_access_log\file_access_log_2025-01-11_13-15-33.csv,1736581538.7007532,False,e13cbd795ed099509b498352185d185d
modified,.\Records\file_access_log\file_access_log_2025-01-11_13-15-33.csv,1736581538.7157106,False,dced7e2804c533cc79bab5ae7e429ac1
modified,.\Records\file_access_log\file_access_log_2025-01-11_13-15-33.csv,1736581538.7266846,False,f2679eb9628867f7c7ebb400bdba6dda
modified,.\Records\file_access_log\file_access_log_2025-01-11_13-15-33.csv,1736581538.7446334,False,47852fecc4bc1353ec3e481ea7c42ace
modified,.\Records\file_access_log\file_access_log_2025-01-11_13-15-33.csv,1736581538.7635834,False,145eb52fa14ca956d9bfe43d8b3c4edc
modified,.\Records\file_access_log\file_access_log_2025-01-11_13-15-33.csv,1736581538.777545,False,abace842d43b8e41a0a36a9587c99f91
modified,.\Records\file_access_log\file_access_log_2025-01-11_13-15-33.csv,1736581538.7885222,False,4f966cd5c806090057f2e4dcc45abc92
modified,.\Records\file_access_log\file_access_log_2025-01-11_13-15-33.csv,1736581538.8044734,False,47e4cc5a38f6cbf96efbcf237e300639
modified,.\Records\file_access_log\file_access_log_2025-01-11_13-15-33.csv,1736581538.8194368,False,f885df94942606df443165ae62edfb58
modified,.\Records\file_access_log\file_access_log_2025-01-11_13-15-33.csv,1736581538.8373873,False,f02858fd6ba04f4195648bc875f83378
modified,.\Records\file_access_log\file_access_log_2025-01-11_13-15-33.csv,1736581538.8513498,False,752538b74157e5a73628f49bbc9c07d9
modified,.\Records\file_access_log\file_access_log_2025-01-11_13-15-33.csv,1736581538.8693001,False,a95f130b88b9a4eea34f4417b7d105a9
modified,.\Records\file_access_log\file_access_log_2025-01-11_13-15-33.csv,1736581538.882266,False,504fdaba3f0c52453a17d919ee8c2816
modified,.\Records\file_access_log\file_access_log_2025-01-11_13-15-33.csv,1736581538.9002178,False,5b1dd055172ace880f107bffb176115e
modified,.\Records\file_access_log\file_access_log_2025-01-11_13-15-33.csv,1736581538.9141831,False,b5f4b22102993f9f043f378b99e93e66
modified,.\Records\file_access_log\file_access_log_2025-01-11_13-15-33.csv,1736581538.9331322,False,206a1f30fcbfd05ad347b0a4174b6c15
modified,.\Records\file_access_log\file_access_log_2025-01-11_13-15-33.csv,1736581538.9480906,False,f09965dda1f2e6b33cca2a51d2e97033
modified,.\Records\file_access_log\file_access_log_2025-01-11_13-15-33.csv,1736581538.9650428,False,7f7221ec22e0729cbd593c4625a7a343
modified,.\Records\file_access_log\file_access_log_2025-01-11_13-15-33.csv,1736581538.9810047,False,9505e63f21c5ea15b14a0e2453a61b70
modified,.\Records\file_access_log\file_access_log_2025-01-11_13-15-33.csv,1736581538.9989545,False,707f6a511bcd19790770a926c5987b51
modified,.\Records\file_access_log\file_access_log_2025-01-11_13-15-33.csv,1736581539.0189002,False,73a1f9062b957084e7b2fbe5e1ec4a42
modified,.\Records\file_access_log\file_access_log_2025-01-11_13-15-33.csv,1736581539.0368526,False,248e8b07a315ca3c233e0bfed44b8dc4
modified,.\Records\file_access_log\file_access_log_2025-01-11_13-15-33.csv,1736581539.0488203,False,14b86d08c9b4e7a9764d8371bd70ce5e
modified,.\Records\file_access_log\file_access_log_2025-01-11_13-15-33.csv,1736581539.06777,False,445fb9c2e25ad9223638ee74ec1f6527
modified,.\Records\file_access_log\file_access_log_2025-01-11_13-15-33.csv,1736581539.0787406,False,31a6a6cd1ca0ffe825958dda6a5dc15b
modified,.\Records\file_access_log\file_access_log_2025-01-11_13-15-33.csv,1736581539.0966916,False,22067e57608dc033cdbfc742adf73e6d
modified,.\Records\file_access_log\file_access_log_2025-01-11_13-15-33.csv,1736581539.114645,False,897400ab2792927ba0dddf88e81761b9
modified,.\Records\file_access_log\file_access_log_2025-01-11_13-15-33.csv,1736581539.1325958,False,24b174d87f5cc3b4e6cbcee10ae5bbfb
modified,.\Records\file_access_log\file_access_log_2025-01-11_13-15-33.csv,1736581539.1445658,False,ff5636f2e47d5f092af8cf4c3e157cca
modified,.\Records\file_access_log\file_access_log_2025-01-11_13-15-33.csv,1736581539.159523,False,58212e356a63e72e70b68058f88e979f
modified,.\Records\file_access_log\file_access_log_2025-01-11_13-15-33.csv,1736581539.1774757,False,8703129eaf66fe3e0fd190cc6bbf66ac
modified,.\Records\file_access_log\file_access_log_2025-01-11_13-15-33.csv,1736581539.1954298,False,db5f3f49ce9f46542ab3b27fb1f23934
modified,.\Records\file_access_log\file_access_log_2025-01-11_13-15-33.csv,1736581539.21338,False,29a849172447506e873d7ec9d6c4a473
modified,.\Records\file_access_log\file_access_log_2025-01-11_13-15-33.csv,1736581539.240308,False,dda587bd6b1178ac18e9ed36785c09ae
modified,.\Records\file_access_log\file_access_log_2025-01-11_13-15-33.csv,1736581539.2582626,False,5f8f8a4a283352a41506ad23efd9b59d
modified,.\Records\file_access_log\file_access_log_2025-01-11_13-15-33.csv,1736581539.275218,False,35a7edfc32d4dbd31e8fafc656e3a3e5
modified,.\Records\file_access_log\file_access_log_2025-01-11_13-15-33.csv,1736581539.2921686,False,74b35dd2c928f2dc2edd67ddd70dd242
modified,.\Records\file_access_log\file_access_log_2025-01-11_13-15-33.csv,1736581539.3051453,False,b3076e2c7b09ace1e6035295aea140cd
modified,.\Records\file_access_log\file_access_log_2025-01-11_13-15-33.csv,1736581539.3230877,False,1d95b29016e098af18460ca834feab62
modified,.\Records\file_access_log\file_access_log_2025-01-11_13-15-33.csv,1736581539.347025,False,5ca314a23869557acd01bee9d969b6fa
modified,.\Records\file_access_log\file_access_log_2025-01-11_13-15-33.csv,1736581539.3619845,False,5d1def74a7eaf422769a414a0068cb82
modified,.\Records\file_access_log\file_access_log_2025-01-11_13-15-33.csv,1736581539.3739543,False,4859700c3ce056d956fba470d9429701
modified,.\Records\file_access_log\file_access_log_2025-01-11_13-15-33.csv,1736581539.3879173,False,e2fa81c56fd0c7777a4ce7510ce43bdc
modified,.\Records\file_access_log\file_access_log_2025-01-11_13-15-33.csv,1736581539.4058645,False,cced7d7608fdaad0087a1f73824ee290
modified,.\Records\file_access_log\file_access_log_2025-01-11_13-15-33.csv,1736581539.4248152,False,0ad9c8672638cfe9fc089f497b233a5e
modified,.\Records\file_access_log\file_access_log_2025-01-11_13-15-33.csv,1736581539.4437642,False,aff0064d5303daf41eee01061bc19f07
modified,.\Records\file_access_log\file_access_log_2025-01-11_13-15-33.csv,1736581539.461715,False,ea7e651b673b3e0c53bbffe371719e55
modified,.\Records\file_access_log\file_access_log_2025-01-11_13-15-33.csv,1736581539.4786713,False,40677a74fb9275f7f6cb15fd287836c2
modified,.\Records\file_access_log\file_access_log_2025-01-11_13-15-33.csv,1736581539.4916384,False,0b6dc84ca717c32357ece294f8b21f2e
modified,.\Records\file_access_log\file_access_log_2025-01-11_13-15-33.csv,1736581539.5055983,False,506ebcd70aababf66009d55d72c57409
modified,.\Records\file_access_log\file_access_log_2025-01-11_13-15-33.csv,1736581539.518564,False,bf7f4b69dc6dfa8a6c98b9baa14feab4
modified,.\Records\file_access_log\file_access_log_2025-01-11_13-15-33.csv,1736581539.5365148,False,fbb119099f1a5e2252e2ce41bdbbe78f
modified,.\Records\file_access_log\file_access_log_2025-01-11_13-15-33.csv,1736581539.5564616,False,9cc16e9018b5a99c01a0cb85b099c924
modified,.\Records\file_access_log\file_access_log_2025-01-11_13-15-33.csv,1736581539.5754135,False,aac9ee672b01bc3a1f9faf3acef58ddb
modified,.\Records\file_access_log\file_access_log_2025-01-11_13-15-33.csv,1736581539.588377,False,6f93d6e5aedd087cd19c78f25493d677
modified,.\Records\file_access_log\file_access_log_2025-01-11_13-15-33.csv,1736581539.6073258,False,d419ab7b44799dd7f33d9a2d9314b367
modified,.\Records\file_access_log\file_access_log_2025-01-11_13-15-33.csv,1736581539.6212895,False,cd4da84e544ca363c868236ee63ec179
modified,.\Records\file_access_log\file_access_log_2025-01-11_13-15-33.csv,1736581539.639241,False,7aa83a95a595e8243348ceac10ad46d6
modified,.\Records\file_access_log\file_access_log_2025-01-11_13-15-33.csv,1736581539.6502109,False,33759fa4e5fad69415db9c0afcfdebbe
modified,.\Records\file_access_log\file_access_log_2025-01-11_13-15-33.csv,1736581539.6661706,False,4dd5943e8ecba3da34895572de2569e8
modified,.\Records\file_access_log\file_access_log_2025-01-11_13-15-33.csv,1736581539.6861184,False,f4958b5df3537822d587d4fae1ef892b
modified,.\Records\file_access_log\file_access_log_2025-01-11_13-15-33.csv,1736581539.7030737,False,0afeb84ce68ff04f2d2b10d3016763da
modified,.\Records\file_access_log\file_access_log_2025-01-11_13-15-33.csv,1736581539.71803,False,78b75d63628df1042c4eeaffa6d7a2af
modified,.\Records\file_access_log\file_access_log_2025-01-11_13-15-33.csv,1736581539.7329943,False,a9d22a17d86b2ed9dc7b24b8e17271ee
modified,.\Records\file_access_log\file_access_log_2025-01-11_13-15-33.csv,1736581539.7459562,False,cd54dfe05665eb5eeec2a0bde73d71c9
modified,.\Records\file_access_log\file_access_log_2025-01-11_13-15-33.csv,1736581539.7639065,False,b49f9dae5bc9a2c3837f02256429bd8f
modified,.\Records\file_access_log\file_access_log_2025-01-11_13-15-33.csv,1736581539.7828572,False,437dcc112abbeea0db40191abc6e4a55
modified,.\Records\file_access_log\file_access_log_2025-01-11_13-15-33.csv,1736581539.7958233,False,319d62e46e24787b055ef09ac7fd8f74
modified,.\Records\file_access_log\file_access_log_2025-01-11_13-15-33.csv,1736581539.810783,False,993283791caa5236f710234470c48d0d
modified,.\Records\file_access_log\file_access_log_2025-01-11_13-15-33.csv,1736581539.8247447,False,6f917f42e048825b4b15c0f56a263eb9
modified,.\Records\file_access_log\file_access_log_2025-01-11_13-15-33.csv,1736581539.8387077,False,cd8cbdf8e42d1829101909abfd9c659c
modified,.\Records\file_access_log\file_access_log_2025-01-11_13-15-33.csv,1736581539.8506765,False,c67581234daa22651a16cb65149c1fcb
modified,.\Records\file_access_log\file_access_log_2025-01-11_13-15-33.csv,1736581539.8686285,False,2b0c1be37a36f9448d6e3562ab0fb9dd
modified,.\Records\file_access_log\file_access_log_2025-01-11_13-15-33.csv,1736581539.885581,False,52e59514d89742d62e972912eae65845
modified,.\Records\file_access_log\file_access_log_2025-01-11_13-15-33.csv,1736581539.9045305,False,75b1ee6e85d09638325da8557ccdad1a
modified,.\Records\file_access_log\file_access_log_2025-01-11_13-15-33.csv,1736581539.917496,False,4f3de1473e0cc9d416cb961408d7402c
modified,.\Records\file_access_log\file_access_log_2025-01-11_13-15-33.csv,1736581539.9324555,False,c34a4547d41dcabd24335399cf1741ff
modified,.\Records\file_access_log\file_access_log_2025-01-11_13-15-33.csv,1736581539.9524014,False,28c733b912f0d22b99cc1eea2d9b13ed
modified,.\Records\file_access_log\file_access_log_2025-01-11_13-15-33.csv,1736581539.9713526,False,db5348085fc09e7f496093054865fbf9
modified,.\Records\file_access_log\file_access_log_2025-01-11_13-15-33.csv,1736581539.9912996,False,2e2342b722afbef4a130e4055e702c6a
modified,.\Records\file_access_log\file_access_log_2025-01-11_13-15-33.csv,1736581540.0092497,False,a9ec3187ada31e16d1e196926c26cd52
modified,.\Records\file_access_log\file_access_log_2025-01-11_13-15-33.csv,1736581540.0301952,False,36f9257685ba3016f8ef14dfa645b722
modified,.\Records\file_access_log\file_access_log_2025-01-11_13-15-33.csv,1736581540.0431595,False,a49e9200d9778099a181dc0948ff57ab
modified,.\Records\file_access_log\file_access_log_2025-01-11_13-15-33.csv,1736581540.0601158,False,55500a15ab2228a19f9960e152301859
modified,.\Records\file_access_log\file_access_log_2025-01-11_13-15-33.csv,1736581540.0800636,False,97de58f71f38e4038efec286214681b9
modified,.\Records\file_access_log\file_access_log_2025-01-11_13-15-33.csv,1736581540.0920303,False,a5b83083661b21b9bc0970f45a55d6da
modified,.\Records\file_access_log\file_access_log_2025-01-11_13-15-33.csv,1736581540.1099813,False,d38835d930e5fd69194054b89f1f364a
modified,.\Records\file_access_log\file_access_log_2025-01-11_13-15-33.csv,1736581540.1299279,False,af76831085384b0bddd3f614dc1a5076
modified,.\Records\file_access_log\file_access_log_2025-01-11_13-15-33.csv,1736581540.1478815,False,bf8ff513b023f066635468351cf1d959
modified,.\Records\file_access_log\file_access_log_2025-01-11_13-15-33.csv,1736581540.166829,False,e5755f7a563bea4e81f58413a90eb048
modified,.\Records\file_access_log\file_access_log_2025-01-11_13-15-33.csv,1736581540.1847837,False,25425ffab48aa8b3e3cb87f9425db857
modified,.\Records\file_access_log\file_access_log_2025-01-11_13-15-33.csv,1736581540.2017398,False,04af1bdfb1a658316714688f4acdc31a
modified,.\Records\file_access_log\file_access_log_2025-01-11_13-15-33.csv,1736581540.2186913,False,7dfaa9a5245e09cd8ec345fc827c8903
modified,.\Records\file_access_log\file_access_log_2025-01-11_13-15-33.csv,1736581540.2346494,False,38ad28c80d8d454265b5c6bedb865f24
modified,.\Records\file_access_log\file_access_log_2025-01-11_13-15-33.csv,1736581540.2486126,False,bf37e356be6563ef4d29d2304569e207
modified,.\Records\file_access_log\file_access_log_2025-01-11_13-15-33.csv,1736581540.2685604,False,fbcfa18123dfd3d3e126e972e6882198
modified,.\Records\file_access_log\file_access_log_2025-01-11_13-15-33.csv,1736581540.2835207,False,7c7ef8cdc0cc9bc470be86f5a14269f1
modified,.\Records\file_access_log\file_access_log_2025-01-11_13-15-33.csv,1736581540.3024669,False,04d85c259d80f37227dd596ef59cdac1
modified,.\Records\file_access_log\file_access_log_2025-01-11_13-15-33.csv,1736581540.3214178,False,84a966381d8c830ce8d75925f1910521
modified,.\Records\file_access_log\file_access_log_2025-01-11_13-15-33.csv,1736581540.3373728,False,d1ed81e3f4920e6edbfeff6c58292d15
modified,.\Records\mouse_data_log\mouse_data_log_2025-01-11_13-15-33.csv,1736581540.346352,False,ca79049cb72945188708f8be9b8aebc2
modified,.\Records\file_access_log\file_access_log_2025-01-11_13-15-33.csv,1736581540.3583171,False,45e8acb9bf04b4a7c73a39b2fd0867e2
modified,.\Records\file_access_log\file_access_log_2025-01-11_13-15-33.csv,1736581540.3802588,False,580518551d62f5feb1cd7c2751b3b62d
modified,.\Records\mouse_data_log\mouse_data_log_2025-01-11_13-15-33.csv,1736581540.4002047,False,e4587863a0a252d3dd333831a2ec8e38
modified,.\Records\file_access_log\file_access_log_2025-01-11_13-15-33.csv,1736581540.4241407,False,469ec977247a3e4a0a777b790527c28a
modified,.\Records\mouse_data_log\mouse_data_log_2025-01-11_13-15-33.csv,1736581540.444088,False,7bf3cb5d8a23466e9731382c427c304f
modified,.\Records\file_access_log\file_access_log_2025-01-11_13-15-33.csv,1736581540.4620414,False,92164fe37983d9b0333848d8ef89dd44
modified,.\Records\mouse_data_log\mouse_data_log_2025-01-11_13-15-33.csv,1736581540.4630406,False,7bf3cb5d8a23466e9731382c427c304f
modified,.\Records\file_access_log\file_access_log_2025-01-11_13-15-33.csv,1736581540.4819863,False,0b36031b3f0f01792e8b148847ec57fb
modified,.\Records\mouse_data_log\mouse_data_log_2025-01-11_13-15-33.csv,1736581540.482983,False,7bf3cb5d8a23466e9731382c427c304f
modified,.\Records\file_access_log\file_access_log_2025-01-11_13-15-33.csv,1736581540.508914,False,3ec92cb3ad0058b9341b9a43faa73c9d
modified,.\Records\file_access_log\file_access_log_2025-01-11_13-15-33.csv,1736581540.528861,False,fb19260786be6efc28df5e580aba18e0
modified,.\Records\mouse_data_log\mouse_data_log_2025-01-11_13-15-33.csv,1736581540.5528116,False,65783dfd9eea29adec2720f2c304d261
modified,.\Records\file_access_log\file_access_log_2025-01-11_13-15-33.csv,1736581540.57374,False,9131497824b5b241b304c39f5b806e35
modified,.\Records\file_access_log\file_access_log_2025-01-11_13-15-33.csv,1736581540.591695,False,8753325dcc5691b0b2f4cd2c438b622a
modified,.\Records\file_access_log\file_access_log_2025-01-11_13-15-33.csv,1736581540.6126366,False,7f1b79f469b73b66b4dc50a1e0c479fe
modified,.\Records\file_access_log\file_access_log_2025-01-11_13-15-33.csv,1736581540.6315866,False,ce28b0ed95365a5b0329f79b94ffe5a5
modified,.\Records\file_access_log\file_access_log_2025-01-11_13-15-33.csv,1736581540.6525295,False,e9b14acc354939ae99c96bf873432c16
modified,.\Records\file_access_log\file_access_log_2025-01-11_13-15-33.csv,1736581540.6684902,False,b220adce16847403e0362abe605549fc
modified,.\Records\file_access_log\file_access_log_2025-01-11_13-15-33.csv,1736581540.6884336,False,e304710f880ecd6b28c05d5706edabe7
modified,.\Records\file_access_log\file_access_log_2025-01-11_13-15-33.csv,1736581540.7053888,False,25999ae613f8f5af65e7de1d4cbf530d
modified,.\Records\file_access_log\file_access_log_2025-01-11_13-15-33.csv,1736581540.7243392,False,d8e65293454d28b1111ba513d4d8b2fd
modified,.\Records\file_access_log\file_access_log_2025-01-11_13-15-33.csv,1736581540.7393029,False,447e13fe9490dbcb8ea974e280ca0a8b
modified,.\Records\file_access_log\file_access_log_2025-01-11_13-15-33.csv,1736581540.7602422,False,70fa2396e37377addbe94cee6ce4e186
modified,.\Records\file_access_log\file_access_log_2025-01-11_13-15-33.csv,1736581540.7861743,False,c84e2f2fb29c302416aae75449d250f1
modified,.\Records\mouse_data_log\mouse_data_log_2025-01-11_13-15-33.csv,1736581540.7991374,False,3b48b6e745b5826b0ffcc5267263e3c7
modified,.\Records\file_access_log\file_access_log_2025-01-11_13-15-33.csv,1736581540.826066,False,44fb1da808e53c60f44d1e1ca9eefe45
modified,.\Records\mouse_data_log\mouse_data_log_2025-01-11_13-15-33.csv,1736581540.8470104,False,72a11186707a140b98024d9309e2d299
modified,.\Records\file_access_log\file_access_log_2025-01-11_13-15-33.csv,1736581540.871944,False,b75cbc16af9b494b6a202ed9363c4036
modified,.\Records\mouse_data_log\mouse_data_log_2025-01-11_13-15-33.csv,1736581540.8898942,False,126dab812c87040552ce23e5e7ad1816
modified,.\Records\file_access_log\file_access_log_2025-01-11_13-15-33.csv,1736581540.9148276,False,82007783c4923fb7c00f69472d181190
modified,.\Records\mouse_data_log\mouse_data_log_2025-01-11_13-15-33.csv,1736581540.9367702,False,40be096b43f7cd1f121d50d4962ada6b
modified,.\Records\file_access_log\file_access_log_2025-01-11_13-15-33.csv,1736581540.9646947,False,0085b2a0b451036166003dbcb7300bce
modified,.\Records\mouse_data_log\mouse_data_log_2025-01-11_13-15-33.csv,1736581540.9856393,False,5663b4a6e625378df12d28a6264f17ca
modified,.\Records\file_access_log\file_access_log_2025-01-11_13-15-33.csv,1736581541.0215416,False,43b65ef9cb926de127e6341a61717ae4
modified,.\Records\mouse_data_log\mouse_data_log_2025-01-11_13-15-33.csv,1736581541.0604386,False,cb448e4246acfdf43aa63c7bf1544435
modified,.\Records\file_access_log\file_access_log_2025-01-11_13-15-33.csv,1736581541.0853715,False,5a69ee9cffaec98248b9831e6397d353
modified,.\Records\mouse_data_log\mouse_data_log_2025-01-11_13-15-33.csv,1736581541.1103096,False,245403ecf4ef220f97758325fd0f676f
modified,.\Records\file_access_log\file_access_log_2025-01-11_13-15-33.csv,1736581541.1362355,False,5e46535ffc3018c4ca3c63efa1efc8da
modified,.\Records\mouse_data_log\mouse_data_log_2025-01-11_13-15-33.csv,1736581541.1521957,False,612d00856c66fbf37c187ae2f7d271ad
modified,.\Records\file_access_log\file_access_log_2025-01-11_13-15-33.csv,1736581541.1721418,False,499c4248dc49dadb761b94306df50bce
modified,.\Records\mouse_data_log\mouse_data_log_2025-01-11_13-15-33.csv,1736581541.1920865,False,df06450f7894da27743782dd2413d955
modified,.\Records\file_access_log\file_access_log_2025-01-11_13-15-33.csv,1736581541.214027,False,d30529168ce7f6aa84a8058603f594eb
modified,.\Records\mouse_data_log\mouse_data_log_2025-01-11_13-15-33.csv,1736581541.24395,False,e72d8b7a0f281255b1affeb858ada2d0
modified,.\Records\file_access_log\file_access_log_2025-01-11_13-15-33.csv,1736581541.2728732,False,d9ef0d4c5149d492c7e7293e9722d79e
modified,.\Records\mouse_data_log\mouse_data_log_2025-01-11_13-15-33.csv,1736581541.3027928,False,622370f3d2680bef3006e78993ec938e
modified,.\Records\file_access_log\file_access_log_2025-01-11_13-15-33.csv,1736581541.326733,False,de76ed738fb73566db81ecba282d5951
modified,.\Records\mouse_data_log\mouse_data_log_2025-01-11_13-15-33.csv,1736581541.3486683,False,ee8e6d2b837003915efb544901edaa12
modified,.\Records\file_access_log\file_access_log_2025-01-11_13-15-33.csv,1736581541.3616338,False,063760dd6e94815a005856bc8c60d288
modified,.\Records\mouse_data_log\mouse_data_log_2025-01-11_13-15-33.csv,1736581541.3815796,False,ee8e6d2b837003915efb544901edaa12
modified,.\Records\file_access_log\file_access_log_2025-01-11_13-15-33.csv,1736581541.4005299,False,05d03f58d9d28fab23100716cda80e50
modified,.\Records\mouse_data_log\mouse_data_log_2025-01-11_13-15-33.csv,1736581541.4015288,False,ee8e6d2b837003915efb544901edaa12
modified,.\Records\file_access_log\file_access_log_2025-01-11_13-15-33.csv,1736581541.4194827,False,c422de0b2275e60f26c9ed8fa2950ddd
modified,.\Records\mouse_data_log\mouse_data_log_2025-01-11_13-15-33.csv,1736581541.4204757,False,ee8e6d2b837003915efb544901edaa12
modified,.\Records\file_access_log\file_access_log_2025-01-11_13-15-33.csv,1736581541.4364347,False,f2007dbc2a2260fcefa87418cbf59845
modified,.\Records\mouse_data_log\mouse_data_log_2025-01-11_13-15-33.csv,1736581541.4563825,False,71db6657619b52590b68d4c8944cd94f
modified,.\Records\file_access_log\file_access_log_2025-01-11_13-15-33.csv,1736581541.475329,False,1d253f753a2b5012e179f924c9b0de9b
modified,.\Records\mouse_data_log\mouse_data_log_2025-01-11_13-15-33.csv,1736581541.5012596,False,d2526800f450ea59f5d12beb65dec02d
modified,.\Records\file_access_log\file_access_log_2025-01-11_13-15-33.csv,1736581541.5222044,False,f77d04081e78b8584d6a444ee68e6c43
modified,.\Records\mouse_data_log\mouse_data_log_2025-01-11_13-15-33.csv,1736581541.543148,False,8ebc4246ac3f89f0b7cd7bf5de79346d
modified,.\Records\file_access_log\file_access_log_2025-01-11_13-15-33.csv,1736581541.5610988,False,a83c65ab5f96b3eadf56575933ea7eb2
modified,.\Records\mouse_data_log\mouse_data_log_2025-01-11_13-15-33.csv,1736581541.5850468,False,4bc00222e4402f7b9ad578a0514f6fb0
modified,.\Records\file_access_log\file_access_log_2025-01-11_13-15-33.csv,1736581541.6039839,False,c1838779a7bc1db85f7c19b76628e234
modified,.\Records\mouse_data_log\mouse_data_log_2025-01-11_13-15-33.csv,1736581541.6229334,False,d6f9f7fe41ec92c841b68002f9bdef0e
modified,.\Records\file_access_log\file_access_log_2025-01-11_13-15-33.csv,1736581541.6418843,False,98833bc23e208d41e2ffaddc1d7626ad
modified,.\Records\mouse_data_log\mouse_data_log_2025-01-11_13-15-33.csv,1736581541.6628296,False,8d63b62840f8eec9087fdc809d83ef64
modified,.\Records\file_access_log\file_access_log_2025-01-11_13-15-33.csv,1736581541.6897554,False,44e0a310d8395f6bca167d188b8fd3c5
modified,.\Records\mouse_data_log\mouse_data_log_2025-01-11_13-15-33.csv,1736581541.7106993,False,05a9c2ef29628a8fbff0a413fe03c62f
modified,.\Records\file_access_log\file_access_log_2025-01-11_13-15-33.csv,1736581541.7316487,False,56334fc7ad6f68c70675aaad4f18a9c9
modified,.\Records\mouse_data_log\mouse_data_log_2025-01-11_13-15-33.csv,1736581541.7565765,False,22b92ba2ec91af4ea332adaa3501da2d
modified,.\Records\file_access_log\file_access_log_2025-01-11_13-15-33.csv,1736581541.7735329,False,830cdcbadf926221e086d6c705da61f7
modified,.\Records\mouse_data_log\mouse_data_log_2025-01-11_13-15-33.csv,1736581541.7904856,False,c4beb337b1562f30537350aec45ad873
modified,.\Records\file_access_log\file_access_log_2025-01-11_13-15-33.csv,1736581541.8104315,False,f63151718a5922ceebb89ed356270cd7
modified,.\Records\mouse_data_log\mouse_data_log_2025-01-11_13-15-33.csv,1736581541.831376,False,aff6536e741035ecd69c25471e066113
modified,.\Records\file_access_log\file_access_log_2025-01-11_13-15-33.csv,1736581541.8503263,False,feca48cc2612f967a1ebc1b0e8a4b3db
modified,.\Records\mouse_data_log\mouse_data_log_2025-01-11_13-15-33.csv,1736581541.8782513,False,c9890029d98097091477e1f6d6e2852b
modified,.\Records\file_access_log\file_access_log_2025-01-11_13-15-33.csv,1736581541.8991947,False,c3ef1a5d203bc2c995e20ec07f8d9091
modified,.\Records\mouse_data_log\mouse_data_log_2025-01-11_13-15-33.csv,1736581541.9231305,False,75e84595998bd87ee65b65153379117b
modified,.\Records\file_access_log\file_access_log_2025-01-11_13-15-33.csv,1736581541.9420795,False,cf16c11dd3e9dfe2adb2bd7ce06c1fa3
modified,.\Records\mouse_data_log\mouse_data_log_2025-01-11_13-15-33.csv,1736581541.9600317,False,75e84595998bd87ee65b65153379117b
modified,.\Records\file_access_log\file_access_log_2025-01-11_13-15-33.csv,1736581541.9829724,False,bf62356e6ada72d59a3f4b20ccef3882
modified,.\Records\mouse_data_log\mouse_data_log_2025-01-11_13-15-33.csv,1736581541.9999256,False,3b583e2fce7217cc2bf5180c42c850f9
modified,.\Records\file_access_log\file_access_log_2025-01-11_13-15-33.csv,1736581542.0178785,False,04b142d31ce8b03db9a35a2a5b0b1593
modified,.\Records\mouse_data_log\mouse_data_log_2025-01-11_13-15-33.csv,1736581542.0487945,False,834d8f7da4ce9428aeb36d10a0f5a62c
modified,.\Records\file_access_log\file_access_log_2025-01-11_13-15-33.csv,1736581542.0707362,False,d9be648fd776ffd2cd5e8f739ebab71a
modified,.\Records\mouse_data_log\mouse_data_log_2025-01-11_13-15-33.csv,1736581542.084698,False,aa4084ca74f7a865b68a1ff2d838f804
modified,.\Records\file_access_log\file_access_log_2025-01-11_13-15-33.csv,1736581542.10265,False,cfd32af1cea8ccece755d875fe8c38fe
modified,.\Records\mouse_data_log\mouse_data_log_2025-01-11_13-15-33.csv,1736581542.1186087,False,109f4b9f317d852f0c04f8dbd6a28131
modified,.\Records\file_access_log\file_access_log_2025-01-11_13-15-33.csv,1736581542.1405513,False,98e3d57522d8ef2e21390e6586fb3148
modified,.\Records\mouse_data_log\mouse_data_log_2025-01-11_13-15-33.csv,1736581542.1684763,False,6ae665344d6ab941a010c6288acfbc87
modified,.\Records\file_access_log\file_access_log_2025-01-11_13-15-33.csv,1736581542.188421,False,e0a3ed5bebb4d2c63314cd80f97fe05d
modified,.\Records\mouse_data_log\mouse_data_log_2025-01-11_13-15-33.csv,1736581542.1894193,False,6ae665344d6ab941a010c6288acfbc87
modified,.\Records\file_access_log\file_access_log_2025-01-11_13-15-33.csv,1736581542.2103627,False,f34504051ac838fa6b24501055e6dc87
modified,.\Records\mouse_data_log\mouse_data_log_2025-01-11_13-15-33.csv,1736581542.212357,False,6ae665344d6ab941a010c6288acfbc87
modified,.\Records\file_access_log\file_access_log_2025-01-11_13-15-33.csv,1736581542.2382877,False,1dfb7c4b87bcea66a1b92afe025f0295
modified,.\Records\mouse_data_log\mouse_data_log_2025-01-11_13-15-33.csv,1736581542.239286,False,6ae665344d6ab941a010c6288acfbc87
modified,.\Records\file_access_log\file_access_log_2025-01-11_13-15-33.csv,1736581542.2602286,False,01c3d9e4b19dfdcd38410cf94a2d7c3e
modified,.\Records\mouse_data_log\mouse_data_log_2025-01-11_13-15-33.csv,1736581542.2811728,False,b601abf378b787b5a19f125f1b57dfe3
modified,.\Records\file_access_log\file_access_log_2025-01-11_13-15-33.csv,1736581542.302116,False,6283d1eb30482371e0ab694967f5a596
modified,.\Records\mouse_data_log\mouse_data_log_2025-01-11_13-15-33.csv,1736581542.3210669,False,45046649e0ff9eba9fd15ce01811f1f5
modified,.\Records\file_access_log\file_access_log_2025-01-11_13-15-33.csv,1736581542.34201,False,a3b30c70c9d85f848c5aaa73abfe800d
modified,.\Records\mouse_data_log\mouse_data_log_2025-01-11_13-15-33.csv,1736581542.36096,False,64ddfe55776db4973a0528464d011507
modified,.\Records\file_access_log\file_access_log_2025-01-11_13-15-33.csv,1736581542.3779144,False,e04307103ee35e929d9aa0845905556f
modified,.\Records\mouse_data_log\mouse_data_log_2025-01-11_13-15-33.csv,1736581542.4018626,False,c368ecf8e52acad2f58bcdb5de2ce7f3
modified,.\Records\file_access_log\file_access_log_2025-01-11_13-15-33.csv,1736581542.4227939,False,d0f1be3664d94c3b2c34daab3159ee32
modified,.\Records\mouse_data_log\mouse_data_log_2025-01-11_13-15-33.csv,1736581542.444756,False,ca04bd1b63eca345eba0fc1246e76c92
modified,.\Records\file_access_log\file_access_log_2025-01-11_13-15-33.csv,1736581542.4646838,False,ce16e6c2c165f990c76710e4ac859f49
modified,.\Records\mouse_data_log\mouse_data_log_2025-01-11_13-15-33.csv,1736581542.483632,False,ca04bd1b63eca345eba0fc1246e76c92
modified,.\Records\file_access_log\file_access_log_2025-01-11_13-15-33.csv,1736581542.503579,False,ca6fd2f9846052ff4ea25a632ce073c2
modified,.\Records\mouse_data_log\mouse_data_log_2025-01-11_13-15-33.csv,1736581542.5255198,False,93ad0d86106ddb9212390b83c53a2e8b
modified,.\Records\file_access_log\file_access_log_2025-01-11_13-15-33.csv,1736581542.5444722,False,bfab9fc5fee52344d76680e50accf1b3
modified,.\Records\mouse_data_log\mouse_data_log_2025-01-11_13-15-33.csv,1736581542.561424,False,7f5358df170a0394e393b05ba346ef92
modified,.\Records\file_access_log\file_access_log_2025-01-11_13-15-33.csv,1736581542.5763855,False,03398bbcf5a726c7e8ba4c24e3da51d9
modified,.\Records\mouse_data_log\mouse_data_log_2025-01-11_13-15-33.csv,1736581542.5973315,False,9b7433a78a1711e2aedf28c7b2743349
modified,.\Records\file_access_log\file_access_log_2025-01-11_13-15-33.csv,1736581542.6092958,False,bd88d696890302352b64cdf804aad6b5
modified,.\Records\mouse_data_log\mouse_data_log_2025-01-11_13-15-33.csv,1736581542.6112902,False,9b7433a78a1711e2aedf28c7b2743349
modified,.\Records\file_access_log\file_access_log_2025-01-11_13-15-33.csv,1736581542.6252537,False,345f814b6763fdf6c83f1797534bc74e
modified,.\Records\mouse_data_log\mouse_data_log_2025-01-11_13-15-33.csv,1736581542.6262505,False,9b7433a78a1711e2aedf28c7b2743349
modified,.\Records\file_access_log\file_access_log_2025-01-11_13-15-33.csv,1736581542.6442018,False,d6ffa8bf43398209cce8748ad2d22fcf
modified,.\Records\mouse_data_log\mouse_data_log_2025-01-11_13-15-33.csv,1736581542.6451986,False,9b7433a78a1711e2aedf28c7b2743349
modified,.\Records\file_access_log\file_access_log_2025-01-11_13-15-33.csv,1736581542.658165,False,cddae4afd9c338fb226903028c0d4d00
modified,.\Records\mouse_data_log\mouse_data_log_2025-01-11_13-15-33.csv,1736581542.6591644,False,9b7433a78a1711e2aedf28c7b2743349
modified,.\Records\file_access_log\file_access_log_2025-01-11_13-15-33.csv,1736581542.6711297,False,2b43bb874517476593097691a4fbb780
modified,.\Records\mouse_data_log\mouse_data_log_2025-01-11_13-15-33.csv,1736581542.6721332,False,9b7433a78a1711e2aedf28c7b2743349
modified,.\Records\file_access_log\file_access_log_2025-01-11_13-15-33.csv,1736581542.6850936,False,8fd24d530f5eb5b264c146cc0c62f27a
modified,.\Records\mouse_data_log\mouse_data_log_2025-01-11_13-15-33.csv,1736581542.686091,False,9b7433a78a1711e2aedf28c7b2743349
modified,.\Records\file_access_log\file_access_log_2025-01-11_13-15-33.csv,1736581542.7060413,False,88db50d043a4db0fad17aacdca873cc1
modified,.\Records\mouse_data_log\mouse_data_log_2025-01-11_13-15-33.csv,1736581542.7279809,False,dab9029c0c6a2fe4d5a9e024609fab8c
modified,.\Records\file_access_log\file_access_log_2025-01-11_13-15-33.csv,1736581542.741945,False,46b4a0d888205f03122ee10a3d98968c
modified,.\Records\mouse_data_log\mouse_data_log_2025-01-11_13-15-33.csv,1736581542.74294,False,dab9029c0c6a2fe4d5a9e024609fab8c
modified,.\Records\file_access_log\file_access_log_2025-01-11_13-15-33.csv,1736581542.7768476,False,6ace7058ca5b01381986584e1d087baf
modified,.\Records\mouse_data_log\mouse_data_log_2025-01-11_13-15-33.csv,1736581542.813748,False,cea4f3ad0c0615f7f79776c902c6c95b
modified,.\Records\file_access_log\file_access_log_2025-01-11_13-15-33.csv,1736581542.9274435,False,c8d4dafc7a485191e4d175c6d0c5c5c3
modified,.\Records\mouse_data_log\mouse_data_log_2025-01-11_13-15-33.csv,1736581543.0092247,False,7db7ade6e50a5adad7e2e2ee18125d92
modified,.\Records\file_access_log\file_access_log_2025-01-11_13-15-33.csv,1736581543.0900133,False,bb99092e83c70e1f3c6dd2289f853553
modified,.\Records\mouse_data_log\mouse_data_log_2025-01-11_13-15-33.csv,1736581543.2047813,False,abd8144f7a0b4221af4501340bb77dc2
modified,.\Records\file_access_log\file_access_log_2025-01-11_13-15-33.csv,1736581543.3226135,False,de74df9dd2c8cbe8b2e283dcf4e32615
modified,.\Records\mouse_data_log\mouse_data_log_2025-01-11_13-15-33.csv,1736581543.4077916,False,abd8144f7a0b4221af4501340bb77dc2
modified,.\Records\file_access_log\file_access_log_2025-01-11_13-15-33.csv,1736581543.4422848,False,1b733facc0cd453f940d321377ab78d4
modified,.\Records\mouse_data_log\mouse_data_log_2025-01-11_13-15-33.csv,1736581543.4753852,False,abd8144f7a0b4221af4501340bb77dc2
modified,.\Records\file_access_log\file_access_log_2025-01-11_13-15-33.csv,1736581543.5876076,False,c6a1f8906ae858c154de65f5244bd05a
modified,.\Records\mouse_data_log\mouse_data_log_2025-01-11_13-15-33.csv,1736581543.5955887,False,abd8144f7a0b4221af4501340bb77dc2
modified,.\Records\file_access_log\file_access_log_2025-01-11_13-15-33.csv,1736581543.7282438,False,c5afd443a52a06311777ab013560a840
modified,.\Records\mouse_data_log\mouse_data_log_2025-01-11_13-15-33.csv,1736581543.730228,False,abd8144f7a0b4221af4501340bb77dc2
modified,.\Records\file_access_log\file_access_log_2025-01-11_13-15-33.csv,1736581543.7771773,False,fe9bece14af2fd1951a1955eb66c440a
modified,.\Records\mouse_data_log\mouse_data_log_2025-01-11_13-15-33.csv,1736581543.8111384,False,abd8144f7a0b4221af4501340bb77dc2
modified,.\Records\file_access_log\file_access_log_2025-01-11_13-15-33.csv,1736581543.8590133,False,cf4d9c66cb7b7ea89dbb7371442b2513
modified,.\Records\mouse_data_log\mouse_data_log_2025-01-11_13-15-33.csv,1736581543.8659909,False,abd8144f7a0b4221af4501340bb77dc2
modified,.\Records\file_access_log\file_access_log_2025-01-11_13-15-33.csv,1736581543.9728448,False,8c10d6c1bf8574aaa65a083100b78d50
modified,.\Records\mouse_data_log\mouse_data_log_2025-01-11_13-15-33.csv,1736581544.0213282,False,df5bd32bdd018e842fe7831f0da5fddc
modified,.\Records\file_access_log\file_access_log_2025-01-11_13-15-33.csv,1736581544.065399,False,398c1012b03b52a968a1981f9a61651e
modified,.\Records\mouse_data_log\mouse_data_log_2025-01-11_13-15-33.csv,1736581544.072381,False,df5bd32bdd018e842fe7831f0da5fddc
modified,.\Records\file_access_log\file_access_log_2025-01-11_13-15-33.csv,1736581544.1374376,False,9f0163c7a33602df217d8086a9b1907f
modified,.\Records\mouse_data_log\mouse_data_log_2025-01-11_13-15-33.csv,1736581544.139954,False,df5bd32bdd018e842fe7831f0da5fddc
modified,.\Records\file_access_log\file_access_log_2025-01-11_13-15-33.csv,1736581544.2025619,False,c78f6c784bf063388174dd57c8ebe23b
modified,.\Records\mouse_data_log\mouse_data_log_2025-01-11_13-15-33.csv,1736581544.2045531,False,df5bd32bdd018e842fe7831f0da5fddc
modified,.\Records\file_access_log\file_access_log_2025-01-11_13-15-33.csv,1736581544.242449,False,92d9ac0ca99b2bc6da51a058ae73ee1d
modified,.\Records\mouse_data_log\mouse_data_log_2025-01-11_13-15-33.csv,1736581544.2524283,False,df5bd32bdd018e842fe7831f0da5fddc
modified,.\Records\file_access_log\file_access_log_2025-01-11_13-15-33.csv,1736581544.273365,False,3e9b0bf35800043416563d43eda5e96c
modified,.\Records\mouse_data_log\mouse_data_log_2025-01-11_13-15-33.csv,1736581544.2743633,False,df5bd32bdd018e842fe7831f0da5fddc
modified,.\Records\file_access_log\file_access_log_2025-01-11_13-15-33.csv,1736581544.2943103,False,721063842dc0f328c7afa548d75ab9a9
modified,.\Records\mouse_data_log\mouse_data_log_2025-01-11_13-15-33.csv,1736581544.2963042,False,df5bd32bdd018e842fe7831f0da5fddc
modified,.\Records\file_access_log\file_access_log_2025-01-11_13-15-33.csv,1736581544.3401866,False,a6a19c15bc1aa0bef4a1dfcdfdae00e7
modified,.\Records\mouse_data_log\mouse_data_log_2025-01-11_13-15-33.csv,1736581544.341185,False,df5bd32bdd018e842fe7831f0da5fddc
modified,.\Records\file_access_log\file_access_log_2025-01-11_13-15-33.csv,1736581544.3621273,False,f3744f9c1e96eb36c286166fef04ad32
modified,.\Records\mouse_data_log\mouse_data_log_2025-01-11_13-15-33.csv,1736581544.3631253,False,df5bd32bdd018e842fe7831f0da5fddc
modified,.\Records\file_access_log\file_access_log_2025-01-11_13-15-33.csv,1736581544.43593,False,aedd848a28eff520682a64d024bb06bc
modified,.\Records\mouse_data_log\mouse_data_log_2025-01-11_13-15-33.csv,1736581544.438922,False,df5bd32bdd018e842fe7831f0da5fddc
modified,.\Records\file_access_log\file_access_log_2025-01-11_13-15-33.csv,1736581544.4897869,False,2dc4ac1619635a5a7c5b7ef5ae503349
modified,.\Records\file_access_log\file_access_log_2025-01-11_13-15-33.csv,1736581544.5296795,False,aa9763463c345a826dce0d9fd64e17af
modified,.\Records\file_access_log\file_access_log_2025-01-11_13-15-33.csv,1736581544.5576048,False,6477d79c49f5c80bbf7471e4ba50330f
modified,.\Records\file_access_log\file_access_log_2025-01-11_13-15-33.csv,1736581544.5855315,False,f25fd8f8b88f446c0ac23a3983f3adf7
modified,.\Records\file_access_log\file_access_log_2025-01-11_13-15-33.csv,1736581544.6074717,False,063dd4a52736b0f22fa0f9ad9164e2f6
modified,.\Records\file_access_log\file_access_log_2025-01-11_13-15-33.csv,1736581544.628416,False,ab7c4fe1b534de0e50fff173054c9e51
modified,.\Records\file_access_log\file_access_log_2025-01-11_13-15-33.csv,1736581544.65535,False,6d9c0d0e7e162aaa8c8a15a083eeb543
modified,.\Records\file_access_log\file_access_log_2025-01-11_13-15-33.csv,1736581544.6752908,False,65ae0718705f851b21366a28e184b29d
modified,.\Records\file_access_log\file_access_log_2025-01-11_13-15-33.csv,1736581544.6982303,False,4418cd61daee2d3c5f2d73ed4cfeb3d9
modified,.\Records\file_access_log\file_access_log_2025-01-11_13-15-33.csv,1736581544.73214,False,7cdba0c9b26dd744c59617783faeb18a
modified,.\Records\file_access_log\file_access_log_2025-01-11_13-15-33.csv,1736581544.760064,False,d69fb203691864e194ebf6b53b00a8ae
modified,.\Records\file_access_log\file_access_log_2025-01-11_13-15-33.csv,1736581544.778016,False,781f4c093311d7ff98f0a95457db07f4
modified,.\Records\file_access_log\file_access_log_2025-01-11_13-15-33.csv,1736581544.802951,False,494a67cfb1050b47ca7badbb40f7aa0a
modified,.\Records\file_access_log\file_access_log_2025-01-11_13-15-33.csv,1736581544.8218975,False,5ea5cd9a1a85c6507aec923fd511f319
modified,.\Records\file_access_log\file_access_log_2025-01-11_13-15-33.csv,1736581544.8428419,False,23f60e67017dd38b7b4b76c65465b836
modified,.\Records\file_access_log\file_access_log_2025-01-11_13-15-33.csv,1736581544.8607945,False,d647265a98caff90f7208b4789389fef
modified,.\Records\file_access_log\file_access_log_2025-01-11_13-15-33.csv,1736581544.882735,False,b807e06cdf5c5f0d150d4b9d4f8ed56a
modified,.\Records\file_access_log\file_access_log_2025-01-11_13-15-33.csv,1736581544.9016852,False,8a548a8b2e72358b619c46572fc2de14
modified,.\Records\file_access_log\file_access_log_2025-01-11_13-15-33.csv,1736581544.9186397,False,387b677ffdea3cd045909092680bdb45
modified,.\Records\file_access_log\file_access_log_2025-01-11_13-15-33.csv,1736581544.9375885,False,2c863f175e6ae018391023393b1abd33
modified,.\Records\file_access_log\file_access_log_2025-01-11_13-15-33.csv,1736581544.9535465,False,114e76ae3e5a3bdc137bb3eb18712510
modified,.\Records\file_access_log\file_access_log_2025-01-11_13-15-33.csv,1736581544.9774828,False,e313983b0fdb2f92e51c53c8e7389f67
modified,.\Records\file_access_log\file_access_log_2025-01-11_13-15-33.csv,1736581545.0014186,False,62f14b0fafcdad2bf891670d2332db46
modified,.\Records\file_access_log\file_access_log_2025-01-11_13-15-33.csv,1736581545.0223627,False,d4945e366ebdbc576851bb807cac8913
modified,.\Records\file_access_log\file_access_log_2025-01-11_13-15-33.csv,1736581545.0423083,False,dc66fcccd29b20b10e4705c50482cf67
modified,.\Records\file_access_log\file_access_log_2025-01-11_13-15-33.csv,1736581545.0642502,False,2421f7445820fc8f1d5105f5f1e5f778
modified,.\Records\file_access_log\file_access_log_2025-01-11_13-15-33.csv,1736581545.0841968,False,b2f17b420a08f53badeab8a7089a505d
modified,.\Records\file_access_log\file_access_log_2025-01-11_13-15-33.csv,1736581545.102149,False,8b0b91e93077690aefd95d0bea4c6094
modified,.\Records\file_access_log\file_access_log_2025-01-11_13-15-33.csv,1736581545.1210976,False,9ff93b24b6f6a6415164cc5c69bf93d1
modified,.\Records\file_access_log\file_access_log_2025-01-11_13-15-33.csv,1736581545.1410456,False,d9506399b4e622f2d59a360c01072b8e
modified,.\Records\file_access_log\file_access_log_2025-01-11_13-15-33.csv,1736581545.1570015,False,d27ff5a88547a28463859eff5c10f695
modified,.\Records\file_access_log\file_access_log_2025-01-11_13-15-33.csv,1736581545.1749554,False,cc3b4e651c9a46bd5251049dc04f86c7
modified,.\Records\file_access_log\file_access_log_2025-01-11_13-15-33.csv,1736581545.1909106,False,b71fa646032ef4001b4fdc7f6130f30d
modified,.\Records\file_access_log\file_access_log_2025-01-11_13-15-33.csv,1736581545.213851,False,deeeb686d149ce74bff4a0eff86e0531
modified,.\Records\file_access_log\file_access_log_2025-01-11_13-15-33.csv,1736581545.2327995,False,743ce0b67a8352df96cc4a4e2dc9e809
modified,.\Records\file_access_log\file_access_log_2025-01-11_13-15-33.csv,1736581545.250751,False,287209e078418c21c1b00f804d5877e0
modified,.\Records\file_access_log\file_access_log_2025-01-11_13-15-33.csv,1736581545.2716951,False,87f09aa9f3d6fe586a35a0fd6ee73efc
modified,.\Records\file_access_log\file_access_log_2025-01-11_13-15-33.csv,1736581545.4063342,False,468a0d98b7b11cadff3577f621fff5c7
modified,.\Records\file_access_log\file_access_log_2025-01-11_13-15-33.csv,1736581545.437252,False,116a6fb1f6da67e00622a56176f7f846
modified,.\Records\file_access_log\file_access_log_2025-01-11_13-15-33.csv,1736581545.4562023,False,f94a3d779655d0ec9a1a008bf9756c9a
modified,.\Records\file_access_log\file_access_log_2025-01-11_13-15-33.csv,1736581545.4751508,False,bea016fd79fbf4aa4bb087e91776bf12
modified,.\Records\file_access_log\file_access_log_2025-01-11_13-15-33.csv,1736581545.4990866,False,7c919b933def50f47bc682af711c5746
modified,.\Records\file_access_log\file_access_log_2025-01-11_13-15-33.csv,1736581545.5290084,False,b78edd91bb6aba6e5c9006aa5cd4c8e9
modified,.\Records\file_access_log\file_access_log_2025-01-11_13-15-33.csv,1736581545.5898435,False,431513944d0168b8fe64c00627909a4a
modified,.\Records\file_access_log\file_access_log_2025-01-11_13-15-33.csv,1736581545.6387126,False,0595cf0dc04ce4524d9b46c74f94a304
modified,.\Records\file_access_log\file_access_log_2025-01-11_13-15-33.csv,1736581545.6576622,False,1e015e5fb4b3bd6dd46c3b4d8bcd5cab
modified,.\Records\file_access_log\file_access_log_2025-01-11_13-15-33.csv,1736581545.7683666,False,14abce5c64c1fb6a38d8cfdc7dc1167e
modified,.\Records\file_access_log\file_access_log_2025-01-11_13-15-33.csv,1736581545.787317,False,01096cc63ac5b5f5cdde5491d646a377
modified,.\Records\file_access_log\file_access_log_2025-01-11_13-15-33.csv,1736581545.8192346,False,ccfe180236dde33d18f74749d1801cd6
modified,.\Records\file_access_log\file_access_log_2025-01-11_13-15-33.csv,1736581545.8641088,False,9e0007280bb689900c07bddbdff804b3
modified,.\Records\file_access_log\file_access_log_2025-01-11_13-15-33.csv,1736581545.895028,False,6529b58b6eeb5664e2e904c6e7780b00
modified,.\Records\file_access_log\file_access_log_2025-01-11_13-15-33.csv,1736581545.922953,False,a8feddb34f603504a6ed52b7efd8ace6
modified,.\Records\file_access_log\file_access_log_2025-01-11_13-15-33.csv,1736581545.99576,False,bb1f180032bfebf664ac9b8bfa41b487
modified,.\Records\file_access_log\file_access_log_2025-01-11_13-15-33.csv,1736581546.0516095,False,2069b891c96a7a4c40928c3d2d2452d0
modified,.\Records\file_access_log\file_access_log_2025-01-11_13-15-33.csv,1736581546.116435,False,1acf7f626452e1115944df90f45b1006
modified,.\Records\file_access_log\file_access_log_2025-01-11_13-15-33.csv,1736581546.2251446,False,f822d611a2976774c78fbbf723b258ce
modified,.\Records\file_access_log\file_access_log_2025-01-11_13-15-33.csv,1736581546.2750108,False,2afdaa60e5a1627933a61d85335c03c7
modified,.\Records\file_access_log\file_access_log_2025-01-11_13-15-33.csv,1736581546.319892,False,2090102863bafbc6862c09627ebb02ae
modified,.\Records\file_access_log\file_access_log_2025-01-11_13-15-33.csv,1736581546.3767395,False,ea95dd7efc907390c1d52629a2a47052
modified,.\Records\file_access_log\file_access_log_2025-01-11_13-15-33.csv,1736581546.4315922,False,6a3247f88d37db550965f5df1d80ce1d
modified,.\Records\file_access_log\file_access_log_2025-01-11_13-15-33.csv,1736581546.4635062,False,ac1961776fbbfdf3288d830d471c6d6a
modified,.\Records\file_access_log\file_access_log_2025-01-11_13-15-33.csv,1736581546.5263383,False,0a3471aa9c351e9f7dbc66bd22071f3a
modified,.\Records\file_access_log\file_access_log_2025-01-11_13-15-33.csv,1736581546.5502748,False,f8bcc2cdb0f3d9bc5adc95f760c27e23
modified,.\Records\file_access_log\file_access_log_2025-01-11_13-15-33.csv,1736581546.5811918,False,8bb414ef370e2c3bdb4d7e1c5a675bf6
modified,.\Records\file_access_log\file_access_log_2025-01-11_13-15-33.csv,1736581546.6021366,False,63f0593b5635bec6b98b33f44678f3dd
modified,.\Records\file_access_log\file_access_log_2025-01-11_13-15-33.csv,1736581546.6849146,False,639ba7be9fd158dd22bfce6d4f4ddf4d
modified,.\Records\file_access_log\file_access_log_2025-01-11_13-15-33.csv,1736581546.7068567,False,7aae33e68503d9f16d93a80b0b6c9d1f
modified,.\Records\file_access_log\file_access_log_2025-01-11_13-15-33.csv,1736581546.722813,False,13ca5a76956386173a7edaeaa519b746
modified,.\Records\file_access_log\file_access_log_2025-01-11_13-15-33.csv,1736581546.739769,False,20b60323c3ac88f7aac1ece4902d9e0f
modified,.\Records\file_access_log\file_access_log_2025-01-11_13-15-33.csv,1736581546.7567234,False,0527977af264e7f1fea47a56ce3008bc
modified,.\Records\file_access_log\file_access_log_2025-01-11_13-15-33.csv,1736581546.8424933,False,85a6e0b293f6e651d1d32f0e73a35ab8
modified,.\Records\file_access_log\file_access_log_2025-01-11_13-15-33.csv,1736581546.9152987,False,04b9a25f8377138d3c4eaacf235d667a
modified,.\Records\file_access_log\file_access_log_2025-01-11_13-15-33.csv,1736581546.9532,False,c39ef29bfd351f9bc39678661ae3efd1
modified,.\Records\file_access_log\file_access_log_2025-01-11_13-15-33.csv,1736581546.9761405,False,637bdb81e9046ead821d17db74c5c464
modified,.\Records\file_access_log\file_access_log_2025-01-11_13-15-33.csv,1736581546.9940956,False,9561d69121cdb3b67f81d98a7a1b70b4
modified,.\Records\file_access_log\file_access_log_2025-01-11_13-15-33.csv,1736581547.0110419,False,f41d4cedaef86320a2ed548adf7bd0b6
modified,.\Records\file_access_log\file_access_log_2025-01-11_13-15-33.csv,1736581547.0339804,False,f09ac52da151041a78969f8d5dff26bf
modified,.\Records\file_access_log\file_access_log_2025-01-11_13-15-33.csv,1736581547.0539267,False,da29758b48d0fdce4d9303f4444609c7
modified,.\Records\file_access_log\file_access_log_2025-01-11_13-15-33.csv,1736581547.0728784,False,485c087228e5cd406a6c44e95a9bfac6
modified,.\Records\file_access_log\file_access_log_2025-01-11_13-15-33.csv,1736581547.0948179,False,db535dbed93ad3982b92452dd2f7e2d5
modified,.\Records\file_access_log\file_access_log_2025-01-11_13-15-33.csv,1736581547.129725,False,2fdd32c9e0da4f3c8f0ec7cff200cae5
modified,.\Records\file_access_log\file_access_log_2025-01-11_13-15-33.csv,1736581547.1476762,False,7da8856e8ddf35f7030a674f41343177
modified,.\Records\file_access_log\file_access_log_2025-01-11_13-15-33.csv,1736581547.167624,False,dc8e021f2d39b0bba7a110bf2d32cd01
modified,.\Records\file_access_log\file_access_log_2025-01-11_13-15-33.csv,1736581547.1925557,False,58358b4cf8459ebbd9c5705e9e98f2f5
modified,.\Records\file_access_log\file_access_log_2025-01-11_13-15-33.csv,1736581547.2354422,False,4b666769a7677e2e12f319d7dbc36b38
modified,.\Records\file_access_log\file_access_log_2025-01-11_13-15-33.csv,1736581547.2583807,False,b1239a579574a6e0337b6ce0911ab5e8
modified,.\Records\file_access_log\file_access_log_2025-01-11_13-15-33.csv,1736581547.3032598,False,17c445fe87512b9345e2da5eff0539bf
modified,.\Records\file_access_log\file_access_log_2025-01-11_13-15-33.csv,1736581547.3311853,False,60b80483f1eb1553febc3b2a05e8552a
modified,.\Records\file_access_log\file_access_log_2025-01-11_13-15-33.csv,1736581547.3511326,False,f59fbddc2da65daba4d41f0675ecaa1c
modified,.\Records\file_access_log\file_access_log_2025-01-11_13-15-33.csv,1736581547.3710794,False,82f7036b803d63a5350e06aebb28460c
modified,.\Records\file_access_log\file_access_log_2025-01-11_13-15-33.csv,1736581547.4109724,False,1555bf095d96ba8c531aa66ee21a214e
modified,.\Records\file_access_log\file_access_log_2025-01-11_13-15-33.csv,1736581547.4518638,False,830e8de5865af2cf0426577b162c4bd1
modified,.\Records\file_access_log\file_access_log_2025-01-11_13-15-33.csv,1736581547.4708135,False,0b2910f126950a54b8234d7b4d588c15
modified,.\Records\file_access_log\file_access_log_2025-01-11_13-15-33.csv,1736581547.497754,False,a8eea84b97f59e237ef4bf5490d48df4
modified,.\Records\file_access_log\file_access_log_2025-01-11_13-15-33.csv,1736581547.5186844,False,0f24201b21cacb8f73b759d45a47451f
modified,.\Records\file_access_log\file_access_log_2025-01-11_13-15-33.csv,1736581547.56157,False,911f0d01ac17601787c1b8b4014e3884
modified,.\Records\file_access_log\file_access_log_2025-01-11_13-15-33.csv,1736581547.5825138,False,099f1dbe57793e5664d772a0feb280d4
modified,.\Records\file_access_log\file_access_log_2025-01-11_13-15-33.csv,1736581547.6313848,False,4496f37688619604facda53ec4597551
modified,.\Records\file_access_log\file_access_log_2025-01-11_13-15-33.csv,1736581547.663298,False,8deb71d1f90636e922942588748eda16
modified,.\Records\file_access_log\file_access_log_2025-01-11_13-15-33.csv,1736581547.6932185,False,69998b658426d653a2662c0e22124bdb
modified,.\Records\mouse_data_log\mouse_data_log_2025-01-11_13-15-33.csv,1736581547.7231371,False,4f1543fa7b7e68155442cef294de4e40
modified,.\Records\file_access_log\file_access_log_2025-01-11_13-15-33.csv,1736581547.7809947,False,5435393e8a4dee7f5352def167f919d6
modified,.\Records\mouse_data_log\mouse_data_log_2025-01-11_13-15-33.csv,1736581547.8099058,False,08a32e6b5fc1a7bb76bbdc70e6b3a8af
modified,.\Records\file_access_log\file_access_log_2025-01-11_13-15-33.csv,1736581547.8633096,False,3484320426d26d9d129387c1fee844c1
modified,.\Records\mouse_data_log\mouse_data_log_2025-01-11_13-15-33.csv,1736581547.9958415,False,abc42d1bde1b1d780337b24c64426a9f
modified,.\Records\file_access_log\file_access_log_2025-01-11_13-15-33.csv,1736581548.0864575,False,1dcb0aabb4fb8d9ce7436cc54a0aead7
modified,.\Records\mouse_data_log\mouse_data_log_2025-01-11_13-15-33.csv,1736581548.1355484,False,046abe62621b51668987f6793b3b3419
modified,.\Records\file_access_log\file_access_log_2025-01-11_13-15-33.csv,1736581548.186937,False,127d6d227afecacce9aea60dcde81fc7
modified,.\Records\mouse_data_log\mouse_data_log_2025-01-11_13-15-33.csv,1736581548.2407925,False,f207197d7f48cb9309775cd96edefe27
modified,.\Records\file_access_log\file_access_log_2025-01-11_13-15-33.csv,1736581548.2929053,False,59a85d015aa4096a792f396d35c1ab2b
modified,.\Records\mouse_data_log\mouse_data_log_2025-01-11_13-15-33.csv,1736581548.3685207,False,2aabd1bdd1db80e518008c00904fdf76
modified,.\Records\file_access_log\file_access_log_2025-01-11_13-15-33.csv,1736581548.4095585,False,e2d06a990c33626b7304b44e4e778539
modified,.\Records\mouse_data_log\mouse_data_log_2025-01-11_13-15-33.csv,1736581548.492613,False,3f8fbbda89f6e7263ca3cacae0513d37
modified,.\Records\file_access_log\file_access_log_2025-01-11_13-15-33.csv,1736581548.5611234,False,0dd5df21707b66ca343ca31de69176b9
modified,.\Records\mouse_data_log\mouse_data_log_2025-01-11_13-15-33.csv,1736581548.622658,False,3f8fbbda89f6e7263ca3cacae0513d37
modified,.\Records\file_access_log\file_access_log_2025-01-11_13-15-33.csv,1736581548.687106,False,428b6860a62ed13d5afb9aec1d2e347a
modified,.\Records\mouse_data_log\mouse_data_log_2025-01-11_13-15-33.csv,1736581548.775506,False,f0935d492662f878cb37ab6a8f20770d
modified,.\Records\file_access_log\file_access_log_2025-01-11_13-15-33.csv,1736581548.811405,False,cd76453d80defb318cf24b2add6beb88
modified,.\Records\mouse_data_log\mouse_data_log_2025-01-11_13-15-33.csv,1736581548.8503008,False,ef64e597b4fb47541075a1d5d9c59e26
modified,.\Records\file_access_log\file_access_log_2025-01-11_13-15-33.csv,1736581548.8891973,False,37c12cdb2914ef770aa99f475215faf4
modified,.\Records\mouse_data_log\mouse_data_log_2025-01-11_13-15-33.csv,1736581548.919117,False,bdcbba2036ea2e3110b0e4817ac71c71
modified,.\Records\file_access_log\file_access_log_2025-01-11_13-15-33.csv,1736581548.9440494,False,965ba002bd4b582ff416042553cbbff9
modified,.\Records\mouse_data_log\mouse_data_log_2025-01-11_13-15-33.csv,1736581548.9460456,False,bdcbba2036ea2e3110b0e4817ac71c71
modified,.\Records\file_access_log\file_access_log_2025-01-11_13-15-33.csv,1736581548.9649935,False,0fe169064e253895fb5a9b9d288cd47c
modified,.\Records\mouse_data_log\mouse_data_log_2025-01-11_13-15-33.csv,1736581548.9669886,False,bdcbba2036ea2e3110b0e4817ac71c71
modified,.\Records\file_access_log\file_access_log_2025-01-11_13-15-33.csv,1736581548.995912,False,a35b0f5ba8a5ceeace6d8268793177e7
modified,.\Records\mouse_data_log\mouse_data_log_2025-01-11_13-15-33.csv,1736581548.99691,False,bdcbba2036ea2e3110b0e4817ac71c71
modified,.\Records\file_access_log\file_access_log_2025-01-11_13-15-33.csv,1736581549.0338104,False,803a11fe7ee6d0d3b5215ab40f494bbb
modified,.\Records\mouse_data_log\mouse_data_log_2025-01-11_13-15-33.csv,1736581549.03481,False,bdcbba2036ea2e3110b0e4817ac71c71
modified,.\Records\file_access_log\file_access_log_2025-01-11_13-15-33.csv,1736581549.0567505,False,6b43ebb44bf834788b4ed5390dc6fd0c
modified,.\Records\mouse_data_log\mouse_data_log_2025-01-11_13-15-33.csv,1736581549.0577464,False,bdcbba2036ea2e3110b0e4817ac71c71
modified,.\Records\file_access_log\file_access_log_2025-01-11_13-15-33.csv,1736581549.0876665,False,da8bf11b0ada3872cfc26047f58b13b4
modified,.\Records\mouse_data_log\mouse_data_log_2025-01-11_13-15-33.csv,1736581549.088664,False,bdcbba2036ea2e3110b0e4817ac71c71
modified,.\Records\file_access_log\file_access_log_2025-01-11_13-15-33.csv,1736581549.1116035,False,968ca155c29ac3022e2a3ecf4dfee000
modified,.\Records\mouse_data_log\mouse_data_log_2025-01-11_13-15-33.csv,1736581549.136536,False,ff295128d98bab33bed129919b5c1085
modified,.\Records\file_access_log\file_access_log_2025-01-11_13-15-33.csv,1736581549.1614707,False,4f5ddbce5dfd677e610fb3f27c36946e
modified,.\Records\file_access_log\file_access_log_2025-01-11_13-15-33.csv,1736581549.2373042,False,ba1519a9d40a3156f398bffd9b6aeee0
modified,.\Records\file_access_log\file_access_log_2025-01-11_13-15-33.csv,1736581549.2910635,False,07f912aa9d49d76522a3d975ade5da84
modified,.\Records\file_access_log\file_access_log_2025-01-11_13-15-33.csv,1736581549.3155107,False,35576febf71a7d0e29160552e16fca3d
modified,.\Records\file_access_log\file_access_log_2025-01-11_13-15-33.csv,1736581549.3374503,False,9e3e7a67f387457788748fd84a6e6247
modified,.\Records\file_access_log\file_access_log_2025-01-11_13-15-33.csv,1736581549.3599367,False,8974ae83144382cbc802bdbce80f77f7
modified,.\Records\file_access_log\file_access_log_2025-01-11_13-15-33.csv,1736581549.3793983,False,ecc2c03c50a642bff4daf186bd65b4ae
modified,.\Records\file_access_log\file_access_log_2025-01-11_13-15-33.csv,1736581549.401959,False,013a9563e564a38934eeee262ef14a57
modified,.\Records\file_access_log\file_access_log_2025-01-11_13-15-33.csv,1736581549.4290066,False,7d8d939a10342f5df43cb13f7ba3633c
modified,.\Records\file_access_log\file_access_log_2025-01-11_13-15-33.csv,1736581549.4509473,False,7382f6060a7aeda00e97d5defe009d16
modified,.\Records\file_access_log\file_access_log_2025-01-11_13-15-33.csv,1736581549.4688993,False,a39d95d7da414798ad3fafc282cca475
modified,.\Records\file_access_log\file_access_log_2025-01-11_13-15-33.csv,1736581549.4898422,False,f28d85f98c3c99ff4b6e42c888fc6961
modified,.\Records\mouse_data_log\mouse_data_log_2025-01-11_13-15-33.csv,1736581549.5137794,False,fc289f7aeeb90f0c0fa04e8bb360019b
modified,.\Records\file_access_log\file_access_log_2025-01-11_13-15-33.csv,1736581549.531731,False,c14b8f9798add027950dd8a87a08dbbd
modified,.\Records\file_access_log\file_access_log_2025-01-11_13-15-33.csv,1736581549.5516777,False,25b4a0aaf910d9071e5092447713d194
modified,.\Records\file_access_log\file_access_log_2025-01-11_13-15-33.csv,1736581549.5706267,False,497129d6b48cbaf147427d08577dbe4b
modified,.\Records\file_access_log\file_access_log_2025-01-11_13-15-33.csv,1736581549.5905733,False,47995029d3f661ac88e900d77eed3b32
modified,.\Records\file_access_log\file_access_log_2025-01-11_13-15-33.csv,1736581549.6125152,False,0f6b37fac45d65f3f324ea7d502fc86e
modified,.\Records\file_access_log\file_access_log_2025-01-11_13-15-33.csv,1736581549.6344595,False,cb971617aa5c36c75a7fe07ca196ac54
modified,.\Records\file_access_log\file_access_log_2025-01-11_13-15-33.csv,1736581549.6534057,False,c86af62cdb6c2d022bfb5ca0c70ead53
modified,.\Records\file_access_log\file_access_log_2025-01-11_13-15-33.csv,1736581549.675347,False,8c488812f88e5ae0e3ff2e54a67c5200
modified,.\Records\file_access_log\file_access_log_2025-01-11_13-15-33.csv,1736581549.6952946,False,c61d3cdf78cb057bdd14b2ab77949c79
modified,.\Records\file_access_log\file_access_log_2025-01-11_13-15-33.csv,1736581549.7152388,False,c8dbdee07a674fe4acfe3f4de3f2b857
modified,.\Records\file_access_log\file_access_log_2025-01-11_13-15-33.csv,1736581549.733192,False,41535a8add5103d84233b049e2a18b38
modified,.\Records\file_access_log\file_access_log_2025-01-11_13-15-33.csv,1736581549.7541375,False,eb9a20addc01a8c45739d784e81ad9e2
modified,.\Records\mouse_data_log\mouse_data_log_2025-01-11_13-15-33.csv,1736581549.776079,False,85db28c471614ff2cb16ea3ec06d4794
modified,.\Records\file_access_log\file_access_log_2025-01-11_13-15-33.csv,1736581549.7960243,False,475c7b2834c6f4e61aeb850689513224
modified,.\Records\file_access_log\file_access_log_2025-01-11_13-15-33.csv,1736581549.8159707,False,b03753c69d05641ebd9bd3acf7a01c10
modified,.\Records\mouse_data_log\mouse_data_log_2025-01-11_13-15-33.csv,1736581549.8399081,False,eb14b0ffbf009570d4536f1a29e72775
modified,.\Records\file_access_log\file_access_log_2025-01-11_13-15-33.csv,1736581549.8598533,False,550538709d6581ea78069e6b496c07a6
modified,.\Records\file_access_log\file_access_log_2025-01-11_13-15-33.csv,1736581549.8788037,False,94e2a769fe012750cda78c9a21867301
modified,.\Records\mouse_data_log\mouse_data_log_2025-01-11_13-15-33.csv,1736581549.9017413,False,669028130aae69fc4476e17eed39d953
modified,.\Records\file_access_log\file_access_log_2025-01-11_13-15-33.csv,1736581549.9196942,False,5f2547dd55ddeae7da4aa5d350d8af90
modified,.\Records\mouse_data_log\mouse_data_log_2025-01-11_13-15-33.csv,1736581549.92069,False,669028130aae69fc4476e17eed39d953
modified,.\Records\file_access_log\file_access_log_2025-01-11_13-15-33.csv,1736581549.9396398,False,4628b9f5095d7e2d2352713ef025047a
modified,.\Records\file_access_log\file_access_log_2025-01-11_13-15-33.csv,1736581549.956594,False,aac4697262373e82bf1b95bab2f9996d
modified,.\Records\file_access_log\file_access_log_2025-01-11_13-15-33.csv,1736581549.9755437,False,e94fdbb56dbdea54b630e088141ce090
modified,.\Records\file_access_log\file_access_log_2025-01-11_13-15-33.csv,1736581549.995491,False,4ddf18d69ca8db15cf5d7cdd047d6435
modified,.\Records\file_access_log\file_access_log_2025-01-11_13-15-33.csv,1736581550.0144396,False,00ba2b2920d3816fe66e6bd7c5cda8ea
modified,.\Records\file_access_log\file_access_log_2025-01-11_13-15-33.csv,1736581550.0393727,False,af1b8226f9f798e7b70be08084ceae79
modified,.\Records\mouse_data_log\mouse_data_log_2025-01-11_13-15-33.csv,1736581550.0653064,False,fc00f82a3e8190f00345760258232283
modified,.\Records\file_access_log\file_access_log_2025-01-11_13-15-33.csv,1736581550.095224,False,4f579b1960e280e1d472751931b6ef30
modified,.\Records\mouse_data_log\mouse_data_log_2025-01-11_13-15-33.csv,1736581550.116167,False,cef171f72b593b5ea7830cb2ea45c024
modified,.\Records\file_access_log\file_access_log_2025-01-11_13-15-33.csv,1736581550.137112,False,9c002f586fde86d03db02a4df66c80b6
modified,.\Records\mouse_data_log\mouse_data_log_2025-01-11_13-15-33.csv,1736581550.1610472,False,effbdd5aacd6379f6297e9172b7e9109
modified,.\Records\file_access_log\file_access_log_2025-01-11_13-15-33.csv,1736581550.1959538,False,691c3acc2558a72914c2d4d6b11dbba2
modified,.\Records\mouse_data_log\mouse_data_log_2025-01-11_13-15-33.csv,1736581550.223882,False,461986c43666704a4634c78a569e7101
modified,.\Records\file_access_log\file_access_log_2025-01-11_13-15-33.csv,1736581550.245821,False,9d3aa2bc2904d905a6994b0b75e4a8af
modified,.\Records\mouse_data_log\mouse_data_log_2025-01-11_13-15-33.csv,1736581550.27275,False,f85a727c08ae0f0934b60c799ace5071
modified,.\Records\file_access_log\file_access_log_2025-01-11_13-15-33.csv,1736581550.2966852,False,1d533020c7caedc35f996e79f4d845cf
modified,.\Records\mouse_data_log\mouse_data_log_2025-01-11_13-15-33.csv,1736581550.3196244,False,f37e444243f396ed6d61cd0f0fc80123
modified,.\Records\file_access_log\file_access_log_2025-01-11_13-15-33.csv,1736581550.3425615,False,16b63c96274a17687234f88f56149fe4
modified,.\Records\mouse_data_log\mouse_data_log_2025-01-11_13-15-33.csv,1736581550.3664978,False,a7c730d539ab441ad70c9fa67ad9ef86
modified,.\Records\file_access_log\file_access_log_2025-01-11_13-15-33.csv,1736581550.3904357,False,d869984d715b5370f4688cf73d9105ca
modified,.\Records\mouse_data_log\mouse_data_log_2025-01-11_13-15-33.csv,1736581550.4173613,False,0ae2fd0e5dd81b55d6cc0ce262458768
modified,.\Records\file_access_log\file_access_log_2025-01-11_13-15-33.csv,1736581550.4373078,False,cbb8bd52cf30abaa212c55f5ffc3fe91
modified,.\Records\mouse_data_log\mouse_data_log_2025-01-11_13-15-33.csv,1736581550.4632394,False,d2d77ec451ad6b0c37c3c77965297aa9
modified,.\Records\file_access_log\file_access_log_2025-01-11_13-15-33.csv,1736581550.4871767,False,dd8f6ba12b2460e40a9bca33c6bcc725
modified,.\Records\mouse_data_log\mouse_data_log_2025-01-11_13-15-33.csv,1736581550.5230858,False,3a1f0d2901d283e432ec0018e62f613f
modified,.\Records\file_access_log\file_access_log_2025-01-11_13-15-33.csv,1736581550.5480132,False,5e493a9db0b8fe4f73b0fc7e4e32dbc3
modified,.\Records\mouse_data_log\mouse_data_log_2025-01-11_13-15-33.csv,1736581550.5709517,False,0d70e33a9c677cc2ddb6e22b85d70399
modified,.\Records\file_access_log\file_access_log_2025-01-11_13-15-33.csv,1736581550.5889041,False,7729985cdaa9e7d9b63f32f89f6e53a2
modified,.\Records\mouse_data_log\mouse_data_log_2025-01-11_13-15-33.csv,1736581550.590898,False,0d70e33a9c677cc2ddb6e22b85d70399
modified,.\Records\file_access_log\file_access_log_2025-01-11_13-15-33.csv,1736581550.610844,False,65a1e199e22281c4463f6031215ce1e7
modified,.\Records\mouse_data_log\mouse_data_log_2025-01-11_13-15-33.csv,1736581550.6307952,False,a4a9cab08fb5eda0364950fa189d7155
modified,.\Records\file_access_log\file_access_log_2025-01-11_13-15-33.csv,1736581550.6487422,False,6b22825fc6be7cf384a3b773d7a09cd7
modified,.\Records\mouse_data_log\mouse_data_log_2025-01-11_13-15-33.csv,1736581550.6696873,False,58611f1e5cf1fd03f33e51d3e14de42e
modified,.\Records\file_access_log\file_access_log_2025-01-11_13-15-33.csv,1736581550.6906316,False,408e7da7352bad8e7b40f828731a7684
modified,.\Records\mouse_data_log\mouse_data_log_2025-01-11_13-15-33.csv,1736581550.7185585,False,b8519b3f50244674c17b7316535ce56b
modified,.\Records\file_access_log\file_access_log_2025-01-11_13-15-33.csv,1736581550.737505,False,bb1ebd22798c746ed39fe53192fe0156
modified,.\Records\mouse_data_log\mouse_data_log_2025-01-11_13-15-33.csv,1736581550.7584484,False,c0b067219a0867735a72209e2e2cc7b9
modified,.\Records\file_access_log\file_access_log_2025-01-11_13-15-33.csv,1736581550.7953517,False,d2a3bbc041bc3dea71195fb6127d60d9
modified,.\Records\mouse_data_log\mouse_data_log_2025-01-11_13-15-33.csv,1736581550.8172934,False,a83947361cd4eb8979dafdc8632c0fe8
modified,.\Records\file_access_log\file_access_log_2025-01-11_13-15-33.csv,1736581550.836241,False,e675c3e2232ca351465e574474c1f9d1
modified,.\Records\mouse_data_log\mouse_data_log_2025-01-11_13-15-33.csv,1736581550.837239,False,a83947361cd4eb8979dafdc8632c0fe8
modified,.\Records\file_access_log\file_access_log_2025-01-11_13-15-33.csv,1736581550.8571854,False,13b80d4a947edef32d2f2fe37446ca20
modified,.\Records\mouse_data_log\mouse_data_log_2025-01-11_13-15-33.csv,1736581550.858182,False,a83947361cd4eb8979dafdc8632c0fe8
modified,.\Records\file_access_log\file_access_log_2025-01-11_13-15-33.csv,1736581550.8771338,False,2a100f3516ea5f532f99f79bb1780fec
modified,.\Records\mouse_data_log\mouse_data_log_2025-01-11_13-15-33.csv,1736581550.8781292,False,a83947361cd4eb8979dafdc8632c0fe8
modified,.\Records\file_access_log\file_access_log_2025-01-11_13-15-33.csv,1736581550.9020662,False,e16f50be2775e79b289848b6149a95eb
modified,.\Records\mouse_data_log\mouse_data_log_2025-01-11_13-15-33.csv,1736581550.905058,False,a1a3147492a96f91e5a6e1dd95cb9e05
modified,.\Records\file_access_log\file_access_log_2025-01-11_13-15-33.csv,1736581550.9355066,False,a41b405fc9a5bcf914b9bdba4f2940de
modified,.\Records\mouse_data_log\mouse_data_log_2025-01-11_13-15-33.csv,1736581550.9584408,False,8a6b977e5fab851e157b6c8604e907c8
modified,.\Records\file_access_log\file_access_log_2025-01-11_13-15-33.csv,1736581550.979384,False,8802dab503e701f94cb186424648056b
modified,.\Records\mouse_data_log\mouse_data_log_2025-01-11_13-15-33.csv,1736581550.9813893,False,8a6b977e5fab851e157b6c8604e907c8
modified,.\Records\file_access_log\file_access_log_2025-01-11_13-15-33.csv,1736581551.0053155,False,ae7095215b1a5461648569f8df0a9fe7
modified,.\Records\mouse_data_log\mouse_data_log_2025-01-11_13-15-33.csv,1736581551.031245,False,401a4f18d5f58476bc989a2733aa159f
modified,.\Records\file_access_log\file_access_log_2025-01-11_13-15-33.csv,1736581551.0541873,False,58b6d34965507135a57d266c0aaaa549
modified,.\Records\mouse_data_log\mouse_data_log_2025-01-11_13-15-33.csv,1736581551.0801141,False,2ea6a059ee79b3313992b7c613926b4d
modified,.\Records\file_access_log\file_access_log_2025-01-11_13-15-33.csv,1736581551.1020572,False,ca90269b0d4c8eea3e66082d869c688f
modified,.\Records\mouse_data_log\mouse_data_log_2025-01-11_13-15-33.csv,1736581551.12699,False,c4e30755c0ed8b70722d928c5e70b2bc
modified,.\Records\file_access_log\file_access_log_2025-01-11_13-15-33.csv,1736581551.1579099,False,68374ae67e81693199a70d78d5e1e4a9
modified,.\Records\mouse_data_log\mouse_data_log_2025-01-11_13-15-33.csv,1736581551.1898217,False,c4e30755c0ed8b70722d928c5e70b2bc
modified,.\Records\file_access_log\file_access_log_2025-01-11_13-15-33.csv,1736581551.2227337,False,b2d8e9b24726d361129c4f27332a604a
modified,.\Records\mouse_data_log\mouse_data_log_2025-01-11_13-15-33.csv,1736581551.22373,False,c4e30755c0ed8b70722d928c5e70b2bc
modified,.\Records\file_access_log\file_access_log_2025-01-11_13-15-33.csv,1736581551.253651,False,d62d97e49debf65112af05b218645217
modified,.\Records\mouse_data_log\mouse_data_log_2025-01-11_13-15-33.csv,1736581551.2576482,False,c4e30755c0ed8b70722d928c5e70b2bc
modified,.\Records\file_access_log\file_access_log_2025-01-11_13-15-33.csv,1736581551.2855651,False,2952b014a9e9e718b1fb90542b308c69
modified,.\Records\mouse_data_log\mouse_data_log_2025-01-11_13-15-33.csv,1736581551.2885582,False,c4e30755c0ed8b70722d928c5e70b2bc
modified,.\Records\file_access_log\file_access_log_2025-01-11_13-15-33.csv,1736581551.3104982,False,313ef17b6c5b01670d3e04cc31fa2a30
modified,.\Records\mouse_data_log\mouse_data_log_2025-01-11_13-15-33.csv,1736581551.3124928,False,c4e30755c0ed8b70722d928c5e70b2bc
modified,.\Records\file_access_log\file_access_log_2025-01-11_13-15-33.csv,1736581551.3444073,False,dcbdaae9a4f3f36d7eb72d7a8a864c2a
modified,.\Records\mouse_data_log\mouse_data_log_2025-01-11_13-15-33.csv,1736581551.346403,False,c4e30755c0ed8b70722d928c5e70b2bc
modified,.\Records\file_access_log\file_access_log_2025-01-11_13-15-33.csv,1736581551.3912897,False,1d40c8e514a44c7fb1a136da190e62c1
modified,.\Records\mouse_data_log\mouse_data_log_2025-01-11_13-15-33.csv,1736581551.4890223,False,9e49c2cd59a2461a6c34f2f76e4839d0
modified,.\Records\file_access_log\file_access_log_2025-01-11_13-15-33.csv,1736581551.556839,False,3748917884188ef578f9487081e06afb
modified,.\Records\mouse_data_log\mouse_data_log_2025-01-11_13-15-33.csv,1736581551.5797791,False,9e49c2cd59a2461a6c34f2f76e4839d0
modified,.\Records\file_access_log\file_access_log_2025-01-11_13-15-33.csv,1736581551.5997245,False,ed7aa0e2c1cc5011cd968ee2dcb60680
modified,.\Records\mouse_data_log\mouse_data_log_2025-01-11_13-15-33.csv,1736581551.6017199,False,9e49c2cd59a2461a6c34f2f76e4839d0
modified,.\Records\file_access_log\file_access_log_2025-01-11_13-15-33.csv,1736581551.6206708,False,266a44cfc7ec1ae3e67e0a523311ac0c
modified,.\Records\mouse_data_log\mouse_data_log_2025-01-11_13-15-33.csv,1736581551.6226625,False,9e49c2cd59a2461a6c34f2f76e4839d0
modified,.\Records\file_access_log\file_access_log_2025-01-11_13-15-33.csv,1736581551.6446042,False,0f968d937ac9e83abdd4d0e2700ae35a
modified,.\Records\mouse_data_log\mouse_data_log_2025-01-11_13-15-33.csv,1736581551.6456017,False,9e49c2cd59a2461a6c34f2f76e4839d0
modified,.\Records\file_access_log\file_access_log_2025-01-11_13-15-33.csv,1736581551.663556,False,8fe5af6f277741835fff3934622a6f70
modified,.\Records\mouse_data_log\mouse_data_log_2025-01-11_13-15-33.csv,1736581551.6645505,False,9e49c2cd59a2461a6c34f2f76e4839d0
modified,.\Records\file_access_log\file_access_log_2025-01-11_13-15-33.csv,1736581551.682504,False,e8df2fc7adec0d39b796419f5bb19fb7
modified,.\Records\mouse_data_log\mouse_data_log_2025-01-11_13-15-33.csv,1736581551.6854944,False,9e49c2cd59a2461a6c34f2f76e4839d0
modified,.\Records\file_access_log\file_access_log_2025-01-11_13-15-33.csv,1736581551.704447,False,7e2888f333fa66b4f4c7739bedd1fb4b
modified,.\Records\mouse_data_log\mouse_data_log_2025-01-11_13-15-33.csv,1736581551.7054427,False,9e49c2cd59a2461a6c34f2f76e4839d0
modified,.\Records\file_access_log\file_access_log_2025-01-11_13-15-33.csv,1736581551.7263858,False,c0f02d387f349d7f311c51464c8f415c
modified,.\Records\file_access_log\file_access_log_2025-01-11_13-15-33.csv,1736581551.7463334,False,9a10544305869f67d0967c9cc7bf1db1
modified,.\Records\file_access_log\file_access_log_2025-01-11_13-15-33.csv,1736581551.7652838,False,712750addf7faa83949af396ad8381b9
modified,.\Records\file_access_log\file_access_log_2025-01-11_13-15-33.csv,1736581551.7832341,False,f72ac2a06887edc76b2c4aa50e35c3df
modified,.\Records\file_access_log\file_access_log_2025-01-11_13-15-33.csv,1736581551.8031828,False,666dfdc50ce04096e87aee79f7370858
modified,.\Records\file_access_log\file_access_log_2025-01-11_13-15-33.csv,1736581551.8231275,False,d3fffe48ca807ca74b73a62bdef766e4
modified,.\Records\file_access_log\file_access_log_2025-01-11_13-15-33.csv,1736581551.8420827,False,7ff7cb72091bfaf2d1c2fac732df1544
modified,.\Records\file_access_log\file_access_log_2025-01-11_13-15-33.csv,1736581551.8620248,False,bfdef7b398368b7de5b2859964d6037b
modified,.\Records\file_access_log\file_access_log_2025-01-11_13-15-33.csv,1736581551.8809726,False,1584978d17b01d06643a7d0963cb0883
modified,.\Records\file_access_log\file_access_log_2025-01-11_13-15-33.csv,1736581551.9009192,False,89ad26c0c3c66995925a94bd4b4b8073
modified,.\Records\file_access_log\file_access_log_2025-01-11_13-15-33.csv,1736581551.9238575,False,d0f2410de8a2b8bd9794bcd7ab285792
modified,.\Records\mouse_data_log\mouse_data_log_2025-01-11_13-15-33.csv,1736581551.947797,False,5ba5864c96edea91ff2a540e37be9c79
modified,.\Records\file_access_log\file_access_log_2025-01-11_13-15-33.csv,1736581551.9717298,False,531fe39858eec5d8cdf4c71c581f89f5
modified,.\Records\mouse_data_log\mouse_data_log_2025-01-11_13-15-33.csv,1736581551.9976609,False,b50bc3c1837c515a31c8fa261e52b0c9
modified,.\Records\file_access_log\file_access_log_2025-01-11_13-15-33.csv,1736581552.0245888,False,46a3803788597e97e8b5b5f9179d0167
modified,.\Records\mouse_data_log\mouse_data_log_2025-01-11_13-15-33.csv,1736581552.0485258,False,7c2143e1b15529d04595bcb451bf8126
modified,.\Records\file_access_log\file_access_log_2025-01-11_13-15-33.csv,1736581552.0704653,False,a8b82420db074d0529a4fc0e439503a9
modified,.\Records\mouse_data_log\mouse_data_log_2025-01-11_13-15-33.csv,1736581552.0953987,False,4d08ee44410fa707973c8d2400137bca
modified,.\Records\file_access_log\file_access_log_2025-01-11_13-15-33.csv,1736581552.1153464,False,f5ba2bd35e500c452af5b72ba9b60e03
modified,.\Records\mouse_data_log\mouse_data_log_2025-01-11_13-15-33.csv,1736581552.1342945,False,4d08ee44410fa707973c8d2400137bca
modified,.\Records\file_access_log\file_access_log_2025-01-11_13-15-33.csv,1736581552.1502526,False,5a6f98d09b4f7be426c281c703916390
modified,.\Records\mouse_data_log\mouse_data_log_2025-01-11_13-15-33.csv,1736581552.1522462,False,4d08ee44410fa707973c8d2400137bca
modified,.\Records\file_access_log\file_access_log_2025-01-11_13-15-33.csv,1736581552.1702013,False,cd3f3e99f32fc0b40e485d0ced653dad
modified,.\Records\mouse_data_log\mouse_data_log_2025-01-11_13-15-33.csv,1736581552.1711955,False,4d08ee44410fa707973c8d2400137bca
modified,.\Records\file_access_log\file_access_log_2025-01-11_13-15-33.csv,1736581552.1831658,False,c32ad95bb93a541f11469cbb11b1d185
modified,.\Records\mouse_data_log\mouse_data_log_2025-01-11_13-15-33.csv,1736581552.1851647,False,4d08ee44410fa707973c8d2400137bca
modified,.\Records\file_access_log\file_access_log_2025-01-11_13-15-33.csv,1736581552.2061028,False,328a1a404139d0237abdc890a8f40d8e
modified,.\Records\mouse_data_log\mouse_data_log_2025-01-11_13-15-33.csv,1736581552.231036,False,07fa8c73ab807b63a13d3f82fe922611
modified,.\Records\file_access_log\file_access_log_2025-01-11_13-15-33.csv,1736581552.2499847,False,309596105ab565ec8f26b83b9611b128
modified,.\Records\mouse_data_log\mouse_data_log_2025-01-11_13-15-33.csv,1736581552.2709303,False,9ed53ea95d6bfd29985c4cd76be2f317
modified,.\Records\file_access_log\file_access_log_2025-01-11_13-15-33.csv,1736581552.2898786,False,dac41e8de7a92049e65ca94504e1b2de
modified,.\Records\mouse_data_log\mouse_data_log_2025-01-11_13-15-33.csv,1736581552.309826,False,453ef7e4e0cfb87f64b93a1211948428
modified,.\Records\file_access_log\file_access_log_2025-01-11_13-15-33.csv,1736581552.3257818,False,5f0abd7b2f6ab35c32073e172ef65e08
modified,.\Records\mouse_data_log\mouse_data_log_2025-01-11_13-15-33.csv,1736581552.3437343,False,0a8f514be7c0a3c4bc5e5a3d879bd29c
modified,.\Records\file_access_log\file_access_log_2025-01-11_13-15-33.csv,1736581552.3636804,False,d14a0c678f0fc66c221cb3049eb57ce7
modified,.\Records\mouse_data_log\mouse_data_log_2025-01-11_13-15-33.csv,1736581552.3656752,False,0a8f514be7c0a3c4bc5e5a3d879bd29c
modified,.\Records\file_access_log\file_access_log_2025-01-11_13-15-33.csv,1736581552.378641,False,78067de74241e4139ef03939c271dedd
modified,.\Records\mouse_data_log\mouse_data_log_2025-01-11_13-15-33.csv,1736581552.3796387,False,0a8f514be7c0a3c4bc5e5a3d879bd29c
modified,.\Records\file_access_log\file_access_log_2025-01-11_13-15-33.csv,1736581552.3916068,False,0d81270b3e24fae41fb30aeb691d41e9
modified,.\Records\mouse_data_log\mouse_data_log_2025-01-11_13-15-33.csv,1736581552.3926034,False,0a8f514be7c0a3c4bc5e5a3d879bd29c
modified,.\Records\file_access_log\file_access_log_2025-01-11_13-15-33.csv,1736581552.4055688,False,0d7fac2d70bd7a90ed32ff9317dea59e
modified,.\Records\file_access_log\file_access_log_2025-01-11_13-15-33.csv,1736581552.4215286,False,74f1e752ef307a9082ffffe235d1925d
modified,.\Records\file_access_log\file_access_log_2025-01-11_13-15-33.csv,1736581552.4384813,False,edac210a83c071887d27773ef4131220
modified,.\Records\file_access_log\file_access_log_2025-01-11_13-15-33.csv,1736581552.4544392,False,73fab12d44ada4ea25e07f6c67d21f7f
modified,.\Records\mouse_data_log\mouse_data_log_2025-01-11_13-15-33.csv,1736581552.4733884,False,aa9010c9101d2efcb4d434445a278489
modified,.\Records\file_access_log\file_access_log_2025-01-11_13-15-33.csv,1736581552.4913397,False,f94f459becef3915cc984cbd56e19843
modified,.\Records\mouse_data_log\mouse_data_log_2025-01-11_13-15-33.csv,1736581552.5102913,False,c09dc33e4d30175bf168cb769cc1c7ef
modified,.\Records\file_access_log\file_access_log_2025-01-11_13-15-33.csv,1736581552.530236,False,22b91e4a5d688f4d4046c14aa059ef34
modified,.\Records\mouse_data_log\mouse_data_log_2025-01-11_13-15-33.csv,1736581552.589078,False,adf2e585860d4805ef191a25def1888f
modified,.\Records\file_access_log\file_access_log_2025-01-11_13-15-33.csv,1736581552.605038,False,d8dfcab23a940b1d2d74f50f1cca0ad1
modified,.\Records\mouse_data_log\mouse_data_log_2025-01-11_13-15-33.csv,1736581552.6648757,False,1645ca9d6509a1c5fdca7f041111dbed
modified,.\Records\file_access_log\file_access_log_2025-01-11_13-15-33.csv,1736581552.68582,False,c7a679ba0565849b53684de7cdc09fe3
modified,.\Records\mouse_data_log\mouse_data_log_2025-01-11_13-15-33.csv,1736581552.735691,False,65bf9487f87dd36bdd3d12a59b8a3792
modified,.\Records\file_access_log\file_access_log_2025-01-11_13-15-33.csv,1736581552.756632,False,1566f6b410bee5d7dbc598d1eb4736b9
modified,.\Records\mouse_data_log\mouse_data_log_2025-01-11_13-15-33.csv,1736581552.778572,False,88897822d308554e9e0e31c70f75c170
modified,.\Records\file_access_log\file_access_log_2025-01-11_13-15-33.csv,1736581552.7905402,False,4ee5a4b70ca77b84b2d0f9b4f3314a21
modified,.\Records\mouse_data_log\mouse_data_log_2025-01-11_13-15-33.csv,1736581552.791536,False,88897822d308554e9e0e31c70f75c170
modified,.\Records\file_access_log\file_access_log_2025-01-11_13-15-33.csv,1736581552.8045022,False,a0689c30cc36abe9243e49691b15205d
modified,.\Records\mouse_data_log\mouse_data_log_2025-01-11_13-15-33.csv,1736581552.8065004,False,88897822d308554e9e0e31c70f75c170
modified,.\Records\file_access_log\file_access_log_2025-01-11_13-15-33.csv,1736581552.8234513,False,454432911eead1766487584440f34128
modified,.\Records\mouse_data_log\mouse_data_log_2025-01-11_13-15-33.csv,1736581552.8254461,False,88897822d308554e9e0e31c70f75c170
modified,.\Records\file_access_log\file_access_log_2025-01-11_13-15-33.csv,1736581552.8443975,False,735129b480fa90366eedff0667f480f5
modified,.\Records\mouse_data_log\mouse_data_log_2025-01-11_13-15-33.csv,1736581552.8463895,False,88897822d308554e9e0e31c70f75c170
modified,.\Records\file_access_log\file_access_log_2025-01-11_13-15-33.csv,1736581552.8673341,False,f7828e985b123f67bdb8fd44f3b6b700
modified,.\Records\mouse_data_log\mouse_data_log_2025-01-11_13-15-33.csv,1736581552.8683312,False,88897822d308554e9e0e31c70f75c170
modified,.\Records\file_access_log\file_access_log_2025-01-11_13-15-33.csv,1736581552.8902733,False,bc7c64c8438c0a718da0ffb748cf7af7
modified,.\Records\file_access_log\file_access_log_2025-01-11_13-15-33.csv,1736581552.9092224,False,112be170668f3bf5f37255242ed62a3f
modified,.\Records\file_access_log\file_access_log_2025-01-11_13-15-33.csv,1736581552.926177,False,4416b37d9a49902be69e4d2d55a646eb
modified,.\Records\file_access_log\file_access_log_2025-01-11_13-15-33.csv,1736581552.9421337,False,459c8e53f5d14ea158494b903b40c662
modified,.\Records\file_access_log\file_access_log_2025-01-11_13-15-33.csv,1736581552.954102,False,293e0266707acaeb034f1f0774bb6207
modified,.\Records\file_access_log\file_access_log_2025-01-11_13-15-33.csv,1736581552.9720547,False,e42ca38ae2222b368e9dd6e35d5558d8
modified,.\Records\file_access_log\file_access_log_2025-01-11_13-15-33.csv,1736581552.9870155,False,5a36f075c4532171106b40501e1243af
modified,.\Records\file_access_log\file_access_log_2025-01-11_13-15-33.csv,1736581553.0059628,False,d7b8baa3336602575dac5b989a141411
modified,.\Records\file_access_log\file_access_log_2025-01-11_13-15-33.csv,1736581553.019926,False,a895cc33ef1024d998730d996ec2730a
modified,.\Records\file_access_log\file_access_log_2025-01-11_13-15-33.csv,1736581553.0388787,False,308a69f842598f6d4f8355f03b8ab6b8
modified,.\Records\file_access_log\file_access_log_2025-01-11_13-15-33.csv,1736581553.053834,False,5951dd9aa9b68c8d5c9b45e7904938f0
modified,.\Records\file_access_log\file_access_log_2025-01-11_13-15-33.csv,1736581553.0677989,False,fa7d509bd9a2db299e167fe6db9dfe12
modified,.\Records\file_access_log\file_access_log_2025-01-11_13-15-33.csv,1736581553.080765,False,e0a7a8a4b3d219bbcd9e253680e06aba
modified,.\Records\file_access_log\file_access_log_2025-01-11_13-15-33.csv,1736581553.097718,False,ba3bf791822e3ad6d09ee650dfe88d42
modified,.\Records\file_access_log\file_access_log_2025-01-11_13-15-33.csv,1736581553.1146731,False,df52bee5d3559b3ea705c0a9e608c50e
modified,.\Records\file_access_log\file_access_log_2025-01-11_13-15-33.csv,1736581553.1286345,False,8bd3a9a44b35a3af9b0187dacf4902f7
modified,.\Records\file_access_log\file_access_log_2025-01-11_13-15-33.csv,1736581553.1416028,False,c62f5390ac56f13693f8aae058b5a687
modified,.\Records\file_access_log\file_access_log_2025-01-11_13-15-33.csv,1736581553.153568,False,34d13b67eab268d83b89a2da578e7a8a
modified,.\Records\file_access_log\file_access_log_2025-01-11_13-15-33.csv,1736581553.1725185,False,84a7b8bb0e69ae49c465b12ea88f06d9
modified,.\Records\file_access_log\file_access_log_2025-01-11_13-15-33.csv,1736581553.1904697,False,6330caafcf21b57e5851ef6604ebd0b6
modified,.\Records\file_access_log\file_access_log_2025-01-11_13-15-33.csv,1736581553.2094197,False,de8839f77553bfb81d58e7449c89d0df
modified,.\Records\file_access_log\file_access_log_2025-01-11_13-15-33.csv,1736581553.2263756,False,1058cbd6dde734c627e321b4f637f88a
modified,.\Records\file_access_log\file_access_log_2025-01-11_13-15-33.csv,1736581553.2393394,False,29f49df545f46884b9d21b87be49dfea
modified,.\Records\file_access_log\file_access_log_2025-01-11_13-15-33.csv,1736581553.2562928,False,a2281719181b816873f91607291c9a7e
modified,.\Records\file_access_log\file_access_log_2025-01-11_13-15-33.csv,1736581553.2752445,False,37d5ef2c8a8e7aaa93e3bd0d036cb962
modified,.\Records\file_access_log\file_access_log_2025-01-11_13-15-33.csv,1736581553.2941926,False,058b982da95cec732011ea93907a5491
modified,.\Records\file_access_log\file_access_log_2025-01-11_13-15-33.csv,1736581553.3101487,False,88ed7eb6adc29daaf865583075b2117a
modified,.\Records\file_access_log\file_access_log_2025-01-11_13-15-33.csv,1736581553.3350828,False,208d949370858adbd401736ce2d886b6
modified,.\Records\file_access_log\file_access_log_2025-01-11_13-15-33.csv,1736581553.354031,False,d687225f7347e418463de1ec216e9462
modified,.\Records\file_access_log\file_access_log_2025-01-11_13-15-33.csv,1736581553.3729806,False,0ceb915fbeccb4ee2480d563dc049ddd
modified,.\Records\file_access_log\file_access_log_2025-01-11_13-15-33.csv,1736581553.39193,False,6d7dd1b4fed152b9081f3f253d0f94f5
modified,.\Records\file_access_log\file_access_log_2025-01-11_13-15-33.csv,1736581553.4088848,False,47922973727fd5110623f48f240b4f9a
modified,.\Records\file_access_log\file_access_log_2025-01-11_13-15-33.csv,1736581553.426837,False,0434f794f8e9e87399ff4e61e6002b40
modified,.\Records\file_access_log\file_access_log_2025-01-11_13-15-33.csv,1736581553.4457855,False,4927ddd4c76ecb4267a6a4c1d926cc62
modified,.\Records\file_access_log\file_access_log_2025-01-11_13-15-33.csv,1736581553.4697223,False,45e27da5a767f77ddebd8a64c98843f2
modified,.\Records\file_access_log\file_access_log_2025-01-11_13-15-33.csv,1736581553.4886713,False,a0043b79b4ba1acf4d4ec292fb36288a
modified,.\Records\file_access_log\file_access_log_2025-01-11_13-15-33.csv,1736581553.5076208,False,08848c197e8ccb8259da360bfeb1347f
modified,.\Records\file_access_log\file_access_log_2025-01-11_13-15-33.csv,1736581553.5245755,False,8be11b961f6f5cba37a217d0af3d9362
modified,.\Records\file_access_log\file_access_log_2025-01-11_13-15-33.csv,1736581553.5435252,False,be93617014aeff3c747511dc886b40f6
modified,.\Records\file_access_log\file_access_log_2025-01-11_13-15-33.csv,1736581553.562476,False,7c6a51cbcccd79f5542738f2296f6c5b
modified,.\Records\file_access_log\file_access_log_2025-01-11_13-15-33.csv,1736581553.5774367,False,7c16a3308897c975866fb7edb583b27a
modified,.\Records\file_access_log\file_access_log_2025-01-11_13-15-33.csv,1736581553.5983782,False,3aea5717ab1a4d90a930daf94b381b1d
modified,.\Records\file_access_log\file_access_log_2025-01-11_13-15-33.csv,1736581553.6183245,False,d7fd780d58817ff61ee867cd66dd534e
modified,.\Records\file_access_log\file_access_log_2025-01-11_13-15-33.csv,1736581553.640267,False,f82d8bc89cda780ac3bff9707de70636
modified,.\Records\file_access_log\file_access_log_2025-01-11_13-15-33.csv,1736581553.66121,False,d7fcf5820485ca021d20a03cab8c2393
modified,.\Records\file_access_log\file_access_log_2025-01-11_13-15-33.csv,1736581553.6741753,False,0d0ff6dd16245dfb357f8a68b171bbf0
modified,.\Records\file_access_log\file_access_log_2025-01-11_13-15-33.csv,1736581553.693124,False,457bd90bc58e282e2345ee75f4eac3c3
modified,.\Records\file_access_log\file_access_log_2025-01-11_13-15-33.csv,1736581553.7140694,False,29674a1be16f3b08c37d490b9759b7b0
modified,.\Records\file_access_log\file_access_log_2025-01-11_13-15-33.csv,1736581553.7340145,False,257ce9b8f89ce202c90602ca40a8ff91
modified,.\Records\file_access_log\file_access_log_2025-01-11_13-15-33.csv,1736581553.7489762,False,c58875ab66fde187a44ebf1de5a1ee3c
modified,.\Records\file_access_log\file_access_log_2025-01-11_13-15-33.csv,1736581553.7679276,False,11977986011d53c496ab3b3182e13801
modified,.\Records\file_access_log\file_access_log_2025-01-11_13-15-33.csv,1736581553.7818906,False,6f5ec99cb15336959d40ce19773b93ff
modified,.\Records\file_access_log\file_access_log_2025-01-11_13-15-33.csv,1736581553.7968478,False,d34256580228f6f7465edce2efeed459
modified,.\Records\file_access_log\file_access_log_2025-01-11_13-15-33.csv,1736581553.8177915,False,90ebfb1cb47f83e6ea7ca30dae7b2087
modified,.\Records\file_access_log\file_access_log_2025-01-11_13-15-33.csv,1736581553.8347456,False,5bb99ec79c3f6a5713514717f642511f
modified,.\Records\file_access_log\file_access_log_2025-01-11_13-15-33.csv,1736581553.8556921,False,f4edd558a25e28e41787f99ae10a2abb
modified,.\Records\file_access_log\file_access_log_2025-01-11_13-15-33.csv,1736581553.8746395,False,0ad9306717591452cebed5c5936d4183
modified,.\Records\file_access_log\file_access_log_2025-01-11_13-15-33.csv,1736581553.893597,False,31b9285e8aaca68d5b7e79809460c006
modified,.\Records\file_access_log\file_access_log_2025-01-11_13-15-33.csv,1736581553.916529,False,ba062ee45091941d6eaef7a31c2bf2c4
modified,.\Records\file_access_log\file_access_log_2025-01-11_13-15-33.csv,1736581553.9354765,False,6968471441df2c3abfe6e482319175ba
modified,.\Records\file_access_log\file_access_log_2025-01-11_13-15-33.csv,1736581553.9504383,False,a912c02071fbe7b1e1126f034e26b45d
modified,.\Records\file_access_log\file_access_log_2025-01-11_13-15-33.csv,1736581553.9693878,False,67546046f75976d256356de712a9a681
modified,.\Records\file_access_log\file_access_log_2025-01-11_13-15-33.csv,1736581553.9853454,False,47ab246ef680d3a74fd1d3caccb5bf0b
modified,.\Records\file_access_log\file_access_log_2025-01-11_13-15-33.csv,1736581554.0052893,False,a0bc38671ec5dfa094fd23833b5d59ee
modified,.\Records\file_access_log\file_access_log_2025-01-11_13-15-33.csv,1736581554.023253,False,07895e275523d40b68a6c9d83662c43f
modified,.\Records\file_access_log\file_access_log_2025-01-11_13-15-33.csv,1736581554.0431895,False,f8e77ec1ce0fa3f08479a4f29f590c74
modified,.\Records\file_access_log\file_access_log_2025-01-11_13-15-33.csv,1736581554.060143,False,361fe6f44590f94868aa3c72937bf9bf
modified,.\Records\file_access_log\file_access_log_2025-01-11_13-15-33.csv,1736581554.0751042,False,c6f5ea0e74155f8b8e63a007ca7ca2e1
modified,.\Records\file_access_log\file_access_log_2025-01-11_13-15-33.csv,1736581554.0990424,False,152f2a223b33242929ecf6f53b01c88d
modified,.\Records\key_log\key_log_2025-01-11_13-15-33.csv,1736581554.1179898,False,8ea9d6ccb2f4d62aed1ce1a9917c2687
modified,.\Records\file_access_log\file_access_log_2025-01-11_13-15-33.csv,1736581554.1379354,False,a9b435bfef81de3d3d053d6231c5506f
modified,.\Records\file_access_log\file_access_log_2025-01-11_13-15-33.csv,1736581554.1578815,False,f082a7e4bc69c1a712c6fdd70e26c44e
modified,.\Records\file_access_log\file_access_log_2025-01-11_13-15-33.csv,1736581554.1728425,False,fb6ed00d595654d67fe65a8eda6abf5e
modified,.\Records\file_access_log\file_access_log_2025-01-11_13-15-33.csv,1736581554.1868052,False,e853339e257180cddbfb0ea07248dc0a
modified,.\Records\file_access_log\file_access_log_2025-01-11_13-15-33.csv,1736581554.204759,False,e8f4b0f3b43abebf9db5f62db6d31a19
modified,.\Records\file_access_log\file_access_log_2025-01-11_13-15-33.csv,1736581554.2177272,False,a9abddfd03dd25e9e5885289ab7d3ba3
modified,.\Records\file_access_log\file_access_log_2025-01-11_13-15-33.csv,1736581554.240662,False,0ffbd1026ce337a32732d531f987e5e0
modified,.\Records\file_access_log\file_access_log_2025-01-11_13-15-33.csv,1736581554.256618,False,2c8cf65f6d0b03e1514d0df59948e285
modified,.\Records\file_access_log\file_access_log_2025-01-11_13-15-33.csv,1736581554.277562,False,677cf9298401d5923fd0256e6d13cc91
modified,.\Records\file_access_log\file_access_log_2025-01-11_13-15-33.csv,1736581554.294517,False,85189a581df6ed30d66a635c07490603
modified,.\Records\file_access_log\file_access_log_2025-01-11_13-15-33.csv,1736581554.3134685,False,486914c0e8edfe77e88e868706961177
modified,.\Records\file_access_log\file_access_log_2025-01-11_13-15-33.csv,1736581554.3324172,False,652b504f9a4a461d930a973abc64252a
modified,.\Records\file_access_log\file_access_log_2025-01-11_13-15-33.csv,1736581554.352363,False,13dd6e901067a549e4876e3bc866c805
modified,.\Records\file_access_log\file_access_log_2025-01-11_13-15-33.csv,1736581554.3723092,False,6d9a231f6d9f46681a361a920d4c943e
modified,.\Records\file_access_log\file_access_log_2025-01-11_13-15-33.csv,1736581554.3932526,False,8d42a5e8fe88b0b8b8c7ac896dcda998
modified,.\Records\file_access_log\file_access_log_2025-01-11_13-15-33.csv,1736581554.4171884,False,c7a4d4753efff8dcd3df2de09583272a
modified,.\Records\file_access_log\file_access_log_2025-01-11_13-15-33.csv,1736581554.4351394,False,437669ce0eb609c98922f9d5fccdf0ac
modified,.\Records\file_access_log\file_access_log_2025-01-11_13-15-33.csv,1736581554.452097,False,6875e7f0c4db2142925942e727bef3ab
modified,.\Records\file_access_log\file_access_log_2025-01-11_13-15-33.csv,1736581554.4680521,False,bd57ff9927de9fcc571c5efa5d7ff434
modified,.\Records\file_access_log\file_access_log_2025-01-11_13-15-33.csv,1736581554.4840095,False,82d5cec21afa767d1b5543cfd8875fa9
modified,.\Records\file_access_log\file_access_log_2025-01-11_13-15-33.csv,1736581554.497972,False,e6c100ec005c664b0c3156934e550b7f
modified,.\Records\file_access_log\file_access_log_2025-01-11_13-15-33.csv,1736581554.5109386,False,c0111344ed5389e51628fe3bd3e30aeb
modified,.\Records\file_access_log\file_access_log_2025-01-11_13-15-33.csv,1736581554.5229063,False,d00e15bb96d9843b2e1e823c5aeee69f
modified,.\Records\file_access_log\file_access_log_2025-01-11_13-15-33.csv,1736581554.5388627,False,33e335e9a666b5d25b285cd253abad25
modified,.\Records\file_access_log\file_access_log_2025-01-11_13-15-33.csv,1736581554.551829,False,917e4ced42304dcb304f340f434e0291
modified,.\Records\file_access_log\file_access_log_2025-01-11_13-15-33.csv,1736581554.566788,False,e4005d5768194b26c80a8fdfaeaad647
modified,.\Records\file_access_log\file_access_log_2025-01-11_13-15-33.csv,1736581554.5837455,False,2fbd01f01e5e2967bf69d8f3c7fd6ee4
modified,.\Records\file_access_log\file_access_log_2025-01-11_13-15-33.csv,1736581554.6016958,False,2644703628888763d87f7a9ab2f99f58
modified,.\Records\file_access_log\file_access_log_2025-01-11_13-15-33.csv,1736581554.621643,False,d6d5e0644417435b4ecb8513ec9caa1c
modified,.\Records\file_access_log\file_access_log_2025-01-11_13-15-33.csv,1736581554.6376066,False,3b056d1bb2be71e779a8036dc720b1a9
modified,.\Records\file_access_log\file_access_log_2025-01-11_13-15-33.csv,1736581554.656549,False,e3d848b90f712ae31240776e9e6f4432
modified,.\Records\file_access_log\file_access_log_2025-01-11_13-15-33.csv,1736581554.6764946,False,e37ae701ae34880ac16f13295aceffe6
modified,.\Records\file_access_log\file_access_log_2025-01-11_13-15-33.csv,1736581554.6914563,False,4648e319ca217427fa8c162ad868c25a
modified,.\Records\file_access_log\file_access_log_2025-01-11_13-15-33.csv,1736581554.7064152,False,735198c5ca89ecc9449909754e14cf0a
modified,.\Records\file_access_log\file_access_log_2025-01-11_13-15-33.csv,1736581554.723374,False,17adb3eb2f6d687cf34e3f785bb90961
modified,.\Records\file_access_log\file_access_log_2025-01-11_13-15-33.csv,1736581554.7443142,False,a543997eecdb2d33dba35c02346f1df8
modified,.\Records\file_access_log\file_access_log_2025-01-11_13-15-33.csv,1736581554.7672517,False,85039d081c9840b389bea1deae64ed16
modified,.\Records\file_access_log\file_access_log_2025-01-11_13-15-33.csv,1736581554.7862017,False,d2fdd02eae24a1cb80351383519d055c
modified,.\Records\file_access_log\file_access_log_2025-01-11_13-15-33.csv,1736581554.8061469,False,f733b623d69b1c2a21928d31fe80512f
modified,.\Records\file_access_log\file_access_log_2025-01-11_13-15-33.csv,1736581554.8260956,False,d40838be99874fb8c226ee357496ef8b
modified,.\Records\file_access_log\file_access_log_2025-01-11_13-15-33.csv,1736581554.8470464,False,8cf15ba6d19aff084f8b1de5261a35b0
modified,.\Records\file_access_log\file_access_log_2025-01-11_13-15-33.csv,1736581554.861011,False,66ea8a7d25637e76faf11e57bf6cd350
modified,.\Records\file_access_log\file_access_log_2025-01-11_13-15-33.csv,1736581554.8799515,False,07aa18e775d323027ec197293e972b60
modified,.\Records\file_access_log\file_access_log_2025-01-11_13-15-33.csv,1736581554.8989005,False,51526ba4cd817d4457a6439eea07c90f
modified,.\Records\file_access_log\file_access_log_2025-01-11_13-15-33.csv,1736581554.916852,False,a264b40e9ac1cdc8ea168f1f5099474a
modified,.\Records\file_access_log\file_access_log_2025-01-11_13-15-33.csv,1736581554.9367995,False,a821ee5173d733a3b73dcc5aa10382a0
modified,.\Records\file_access_log\file_access_log_2025-01-11_13-15-33.csv,1736581554.9527593,False,6ca153040397f6f03598e15fe7d26596
modified,.\Records\file_access_log\file_access_log_2025-01-11_13-15-33.csv,1736581554.975696,False,08aa68e14e9d41b4fb5059b2ec672344
modified,.\Records\file_access_log\file_access_log_2025-01-11_13-15-33.csv,1736581554.9956446,False,749a15411c74655edf45337579dbd4da
modified,.\Records\file_access_log\file_access_log_2025-01-11_13-15-33.csv,1736581555.0155876,False,6650aacb39749a5a03af992de38682a3
modified,.\Records\file_access_log\file_access_log_2025-01-11_13-15-33.csv,1736581555.035533,False,54fa35d2a7b956677746aa772c049a63
modified,.\Records\file_access_log\file_access_log_2025-01-11_13-15-33.csv,1736581555.0494974,False,33119f308ccf19d68c7a886763a3ca14
modified,.\Records\file_access_log\file_access_log_2025-01-11_13-15-33.csv,1736581555.0724385,False,9c571abfa2134eee9a7008c38b76f2d2
modified,.\Records\file_access_log\file_access_log_2025-01-11_13-15-33.csv,1736581555.0923817,False,2b3ca7ab100b3a769e52bed9e9945991
modified,.\Records\file_access_log\file_access_log_2025-01-11_13-15-33.csv,1736581555.1173162,False,8611b76fd8a998184e33e4a41b030529
modified,.\Records\file_access_log\file_access_log_2025-01-11_13-15-33.csv,1736581555.137267,False,71467c2439303d80aeb595443296a537
modified,.\Records\file_access_log\file_access_log_2025-01-11_13-15-33.csv,1736581555.1492302,False,bf80b71a06e808923fda062515a36ea0
modified,.\Records\file_access_log\file_access_log_2025-01-11_13-15-33.csv,1736581555.1681814,False,00202543a48c6e68c095ae0edfd97f36
modified,.\Records\file_access_log\file_access_log_2025-01-11_13-15-33.csv,1736581555.188127,False,2a0f8a60d20ea10ea715e4e8c7ae59d3
modified,.\Records\file_access_log\file_access_log_2025-01-11_13-15-33.csv,1736581555.2020907,False,5077e3943b79c9fde805dcac23dde0c6
modified,.\Records\file_access_log\file_access_log_2025-01-11_13-15-33.csv,1736581555.2220347,False,a6440980463fce770778452879d03373
modified,.\Records\key_log\key_log_2025-01-11_13-15-33.csv,1736581555.2429788,False,fb5d8709908b5520760810312d6f784c
modified,.\Records\file_access_log\file_access_log_2025-01-11_13-15-33.csv,1736581555.2679126,False,f7d89698b1d399225dfb1df685ea8700
modified,.\Records\file_access_log\file_access_log_2025-01-11_13-15-33.csv,1736581555.2838697,False,5b1fe744fd643730e51f7b04a8529dff
modified,.\Records\file_access_log\file_access_log_2025-01-11_13-15-33.csv,1736581555.3028193,False,5f18f244f24bbfbf46000280927ffb09
modified,.\Records\file_access_log\file_access_log_2025-01-11_13-15-33.csv,1736581555.3277526,False,7e2ede6c4990d981454285a5ad73cc27
modified,.\Records\file_access_log\file_access_log_2025-01-11_13-15-33.csv,1736581555.3486958,False,39d8659078e514fad02fa72b5b5b4f6a
modified,.\Records\file_access_log\file_access_log_2025-01-11_13-15-33.csv,1736581555.3606634,False,e2825db2361de46a2050ac17f8a8708f
modified,.\Records\file_access_log\file_access_log_2025-01-11_13-15-33.csv,1736581555.3866084,False,9a354117513a145384ba21bc87ef69d3
modified,.\Records\file_access_log\file_access_log_2025-01-11_13-15-33.csv,1736581555.4015543,False,9edcea0939eedc1b08a9429611f68616
modified,.\Records\file_access_log\file_access_log_2025-01-11_13-15-33.csv,1736581555.4225,False,47526bb23c0a22e5e051b82755b36b15
modified,.\Records\file_access_log\file_access_log_2025-01-11_13-15-33.csv,1736581555.4394555,False,597b45c19eee24c60edb0a7d6705e762
modified,.\Records\file_access_log\file_access_log_2025-01-11_13-15-33.csv,1736581555.4594023,False,cbbfea5dbd9ea585edad67337f8b4dbf
modified,.\Records\file_access_log\file_access_log_2025-01-11_13-15-33.csv,1736581555.4853313,False,b8b223429ecacd073a245bac1f7fd10a
modified,.\Records\file_access_log\file_access_log_2025-01-11_13-15-33.csv,1736581555.5022862,False,2a83858124ca87290c1394e01ad377a8
modified,.\Records\file_access_log\file_access_log_2025-01-11_13-15-33.csv,1736581555.5242274,False,e77ff2c528aec85326dd4f05f44f9429
modified,.\Records\file_access_log\file_access_log_2025-01-11_13-15-33.csv,1736581555.546169,False,f71acc05020c99eddda9633262b04a52
modified,.\Records\file_access_log\file_access_log_2025-01-11_13-15-33.csv,1736581555.564121,False,0b93faafa336cf406fd7b94cc91f9b66
modified,.\Records\file_access_log\file_access_log_2025-01-11_13-15-33.csv,1736581555.5850675,False,7390d5f83fbff647f01bfdf8bd658df5
modified,.\Records\file_access_log\file_access_log_2025-01-11_13-15-33.csv,1736581555.6070063,False,0a359865a7808522167703e3bf33bb78
modified,.\Records\file_access_log\file_access_log_2025-01-11_13-15-33.csv,1736581555.6259549,False,821b2381f1c9a822f2fe74c79536c20b
modified,.\Records\file_access_log\file_access_log_2025-01-11_13-15-33.csv,1736581555.6449037,False,1602eabc12470d544bef2e5466740db3
modified,.\Records\file_access_log\file_access_log_2025-01-11_13-15-33.csv,1736581555.6638544,False,40cbddd8467b976e25b241030ae9e93a
modified,.\Records\file_access_log\file_access_log_2025-01-11_13-15-33.csv,1736581555.6808076,False,b678d9904b683c39a2a747569005427c
modified,.\Records\file_access_log\file_access_log_2025-01-11_13-15-33.csv,1736581555.700755,False,5c76ac8a30a91939617145e1c58da4d5
modified,.\Records\file_access_log\file_access_log_2025-01-11_13-15-33.csv,1736581555.7197042,False,432a3bcbfe04b3e41ea4bcbc062cd0bc
modified,.\Records\file_access_log\file_access_log_2025-01-11_13-15-33.csv,1736581555.7326686,False,2db5f05fcb6cedcf29b939f162c708b0
modified,.\Records\file_access_log\file_access_log_2025-01-11_13-15-33.csv,1736581555.7526162,False,70869974f5289f65ece504dc1f741e1b
modified,.\Records\file_access_log\file_access_log_2025-01-11_13-15-33.csv,1736581555.771566,False,92e8d3ce37263e78cf97bb2076111cbd
modified,.\Records\file_access_log\file_access_log_2025-01-11_13-15-33.csv,1736581555.7885194,False,0156c23d6441a58d397bad3e60d785c1
modified,.\Records\file_access_log\file_access_log_2025-01-11_13-15-33.csv,1736581555.8084662,False,4c3aacd3e09649922b60c9108daa7b9d
modified,.\Records\file_access_log\file_access_log_2025-01-11_13-15-33.csv,1736581555.8294117,False,13e2d70b8ee968a4d0ccc96f96ded0c1
modified,.\Records\file_access_log\file_access_log_2025-01-11_13-15-33.csv,1736581555.8493567,False,e60e6091bce13ded05b972f9ef60876a
modified,.\Records\file_access_log\file_access_log_2025-01-11_13-15-33.csv,1736581555.8693051,False,f71ecf55f896acc66c5b87a8e6dff230
modified,.\Records\file_access_log\file_access_log_2025-01-11_13-15-33.csv,1736581555.8902476,False,14319d60e013f0baf03c4dc65c0abd20
modified,.\Records\file_access_log\file_access_log_2025-01-11_13-15-33.csv,1736581555.9091966,False,db761215af6303609720c83f311386b6
modified,.\Records\file_access_log\file_access_log_2025-01-11_13-15-33.csv,1736581555.9221628,False,61f88e49931deeb5d2a510fd46a95b05
modified,.\Records\file_access_log\file_access_log_2025-01-11_13-15-33.csv,1736581555.9341311,False,a791981781360a97b6d2b928a1ebb85d
modified,.\Records\file_access_log\file_access_log_2025-01-11_13-15-33.csv,1736581555.9470956,False,0b8ae0c5c7ac792367c649e2ef84c76a
modified,.\Records\file_access_log\file_access_log_2025-01-11_13-15-33.csv,1736581555.9670413,False,43283828081b18e2a1c4567d2c4af274
modified,.\Records\file_access_log\file_access_log_2025-01-11_13-15-33.csv,1736581555.985991,False,0a0225b9c6e207e0486adf1e534d580b
modified,.\Records\file_access_log\file_access_log_2025-01-11_13-15-33.csv,1736581556.007932,False,4b960d4306d2a9fb600d984af2ec6261
modified,.\Records\file_access_log\file_access_log_2025-01-11_13-15-33.csv,1736581556.0318685,False,01f88664ffd4362db85fe56ea83c5862
modified,.\Records\file_access_log\file_access_log_2025-01-11_13-15-33.csv,1736581556.0697691,False,721514314f8512b72b46645cefe6d552
modified,.\Records\file_access_log\file_access_log_2025-01-11_13-15-33.csv,1736581556.1056714,False,e762937369fdd295a726773cfbc76904
modified,.\Records\file_access_log\file_access_log_2025-01-11_13-15-33.csv,1736581556.1345947,False,b1f3d8680e670e555777267d5df3b6d1
modified,.\Records\file_access_log\file_access_log_2025-01-11_13-15-33.csv,1736581556.1555371,False,fef1aef6531efdd98e00c3702cc64d3b
modified,.\Records\key_log\key_log_2025-01-11_13-15-33.csv,1736581556.1784766,False,d390e535fa9d14b310c591a93c1f17cc
modified,.\Records\file_access_log\file_access_log_2025-01-11_13-15-33.csv,1736581556.2034109,False,3d1fd20f02c19387cde57e02464a2130
modified,.\Records\file_access_log\file_access_log_2025-01-11_13-15-33.csv,1736581556.2373195,False,d0d36e55aa582abcd1a3e25f3c01ca1e
modified,.\Records\file_access_log\file_access_log_2025-01-11_13-15-33.csv,1736581556.2652466,False,4ef06073151028e6cb5f1c7824d538d6
modified,.\Records\file_access_log\file_access_log_2025-01-11_13-15-33.csv,1736581556.287192,False,81ff141c3662d1b527de2cb1d781c9df
modified,.\Records\file_access_log\file_access_log_2025-01-11_13-15-33.csv,1736581556.3071315,False,531b8442f6bb24a7c793ef242742b594
modified,.\Records\file_access_log\file_access_log_2025-01-11_13-15-33.csv,1736581556.3300726,False,383367bb2db1418ddd6cdfcdb2c9ee26
modified,.\Records\file_access_log\file_access_log_2025-01-11_13-15-33.csv,1736581556.3490205,False,e9dcd7b1115dd1737fff164331fb97f8
modified,.\Records\file_access_log\file_access_log_2025-01-11_13-15-33.csv,1736581556.3709617,False,d3010297ef2403b8dd5eed9f7b845c95
modified,.\Records\file_access_log\file_access_log_2025-01-11_13-15-33.csv,1736581556.3919067,False,6b9cbb818a6a9ef5dd410163439f7e1b
modified,.\Records\file_access_log\file_access_log_2025-01-11_13-15-33.csv,1736581556.414845,False,cc974f17267b186e1bbbdc6c4a599835
modified,.\Records\file_access_log\file_access_log_2025-01-11_13-15-33.csv,1736581556.4477603,False,a05994e817bced8e233b7e741ec292d1
modified,.\Records\file_access_log\file_access_log_2025-01-11_13-15-33.csv,1736581556.4687,False,b9909e0e093725e5638bf3cadd553432
modified,.\Records\file_access_log\file_access_log_2025-01-11_13-15-33.csv,1736581556.488647,False,0d4c9262112fb84d89152170f7bc66c3
modified,.\Records\file_access_log\file_access_log_2025-01-11_13-15-33.csv,1736581556.5046058,False,8e6dd5f347788d0321496cce4eba8f73
modified,.\Records\file_access_log\file_access_log_2025-01-11_13-15-33.csv,1736581556.5195677,False,bbe4181a8124551a54881d6bd8ecd65f
modified,.\Records\file_access_log\file_access_log_2025-01-11_13-15-33.csv,1736581556.5405087,False,858e5854a4e49a8787c36ab34ee66e1e
modified,.\Records\file_access_log\file_access_log_2025-01-11_13-15-33.csv,1736581556.5594573,False,504d05348952b6cc252f11c568684ce8
modified,.\Records\file_access_log\file_access_log_2025-01-11_13-15-33.csv,1736581556.5794058,False,7ed136c6fec7733d0c8c6494a23e9c5e
modified,.\Records\file_access_log\file_access_log_2025-01-11_13-15-33.csv,1736581556.5973558,False,3a3ccd7cc13382f752327107bee6692d
modified,.\Records\file_access_log\file_access_log_2025-01-11_13-15-33.csv,1736581556.6163146,False,8586a52d52f82ce8fe0b3783a054bc0b
modified,.\Records\file_access_log\file_access_log_2025-01-11_13-15-33.csv,1736581556.6292737,False,25421ba9b3a48e6ca39375a429990a48
modified,.\Records\file_access_log\file_access_log_2025-01-11_13-15-33.csv,1736581556.645229,False,3c345bba4a94a8e775451106ad33d3af
modified,.\Records\file_access_log\file_access_log_2025-01-11_13-15-33.csv,1736581556.666171,False,b27ab538be7c38b838c8418ad1c1eeb0
modified,.\Records\file_access_log\file_access_log_2025-01-11_13-15-33.csv,1736581556.6851237,False,5460439efc316e8ba8cfed157a3250a5
modified,.\Records\file_access_log\file_access_log_2025-01-11_13-15-33.csv,1736581556.70407,False,7082e9a5ed22aacf236addd590260778
modified,.\Records\file_access_log\file_access_log_2025-01-11_13-15-33.csv,1736581556.7240183,False,b04a988625a812b3a6380c4e62c2e530
modified,.\Records\file_access_log\file_access_log_2025-01-11_13-15-33.csv,1736581556.744963,False,1a46580df54c18700092eb497e3842ed
modified,.\Records\file_access_log\file_access_log_2025-01-11_13-15-33.csv,1736581556.7649078,False,e4691cbca0dd6423dcc27c98ae0bf97a
modified,.\Records\file_access_log\file_access_log_2025-01-11_13-15-33.csv,1736581556.7848554,False,4582fb293c76c7ee31e08917848d39e4
modified,.\Records\file_access_log\file_access_log_2025-01-11_13-15-33.csv,1736581556.8048038,False,fa672d687f2046aff91622d8b495437d
modified,.\Records\file_access_log\file_access_log_2025-01-11_13-15-33.csv,1736581556.8257449,False,ede077af54cad0de6f6b5e95e9ac9ee8
modified,.\Records\file_access_log\file_access_log_2025-01-11_13-15-33.csv,1736581556.8427007,False,f7e1e8d2b14b4c2fd63d2262dc2fa0bf
modified,.\Records\file_access_log\file_access_log_2025-01-11_13-15-33.csv,1736581556.8606513,False,f65e4e4382f9343d5f1ff15b1812948b
modified,.\Records\file_access_log\file_access_log_2025-01-11_13-15-33.csv,1736581556.8746152,False,f624295d4ef04c7488648552bde3c062
modified,.\Records\file_access_log\file_access_log_2025-01-11_13-15-33.csv,1736581556.8935657,False,c2f2b964dfe0b8f516ad24e18ae70f2b
modified,.\Records\file_access_log\file_access_log_2025-01-11_13-15-33.csv,1736581556.914512,False,f923761a44792681207cbad462879de0
modified,.\Records\file_access_log\file_access_log_2025-01-11_13-15-33.csv,1736581556.9354541,False,2752a0d5b7926dd8b1e926b616431a6c
modified,.\Records\file_access_log\file_access_log_2025-01-11_13-15-33.csv,1736581556.9563978,False,43af061944cf2cd68b673739e385dd7b
modified,.\Records\file_access_log\file_access_log_2025-01-11_13-15-33.csv,1736581556.9753475,False,ec3d6d3705cb3fa9ee761710f9bb6210
modified,.\Records\file_access_log\file_access_log_2025-01-11_13-15-33.csv,1736581556.9962912,False,0ecd8baafd091771242a435cab14876e
modified,.\Records\file_access_log\file_access_log_2025-01-11_13-15-33.csv,1736581557.0152402,False,1548967e943ffb0c60cb613fa45764d9
modified,.\Records\file_access_log\file_access_log_2025-01-11_13-15-33.csv,1736581557.0351853,False,0c77cff87f26b39ddb264fec94c22875
modified,.\Records\file_access_log\file_access_log_2025-01-11_13-15-33.csv,1736581557.0501444,False,4855319ec279c5eeaba4461ea7d41a1e
modified,.\Records\file_access_log\file_access_log_2025-01-11_13-15-33.csv,1736581557.0680969,False,89fa2dca092916610eb1c307f9041047
modified,.\Records\file_access_log\file_access_log_2025-01-11_13-15-33.csv,1736581557.0820608,False,97730e9fcb0faa8e8c34ce597605614e
modified,.\Records\key_log\key_log_2025-01-11_13-15-33.csv,1736581557.1020055,False,249bee569a830439519a197909340382
modified,.\Records\file_access_log\file_access_log_2025-01-11_13-15-33.csv,1736581557.1149716,False,d7eee41b4a4d1e0b27b0707859d3cc90
modified,.\Records\file_access_log\file_access_log_2025-01-11_13-15-33.csv,1736581557.1339219,False,66ebf54cee30e5a15f564f4b2ffd3915
modified,.\Records\file_access_log\file_access_log_2025-01-11_13-15-33.csv,1736581557.1548648,False,a6dfeb6e62f0b3ea863323f2938b3062
modified,.\Records\file_access_log\file_access_log_2025-01-11_13-15-33.csv,1736581557.1798062,False,8e680b6a3c5b4cd21691d4597715d16d
modified,.\Records\file_access_log\file_access_log_2025-01-11_13-15-33.csv,1736581557.2017395,False,21f9c0995ee5a5bcc22e26a54d9c878f
modified,.\Records\file_access_log\file_access_log_2025-01-11_13-15-33.csv,1736581557.2196906,False,0c3aade19c48fe60f3c7b4aa7fd987b1
modified,.\Records\file_access_log\file_access_log_2025-01-11_13-15-33.csv,1736581557.2376454,False,951e2ef1dccf9a9d05f6d0e00b08e8b4
modified,.\Records\file_access_log\file_access_log_2025-01-11_13-15-33.csv,1736581557.2575903,False,3c60ed8dea1eb0bc9a0eca341612cdd6
modified,.\Records\file_access_log\file_access_log_2025-01-11_13-15-33.csv,1736581557.2755432,False,b3567ad844151b614ed835b635d4d1e8
modified,.\Records\file_access_log\file_access_log_2025-01-11_13-15-33.csv,1736581557.2984803,False,a30c9e5e497d69a269a0b473385c633b
modified,.\Records\file_access_log\file_access_log_2025-01-11_13-15-33.csv,1736581557.3114474,False,78531261adb7a650bfefdfcc3e008374
modified,.\Records\file_access_log\file_access_log_2025-01-11_13-15-33.csv,1736581557.3234146,False,15238fcd9783c645a2da09621aa51285
modified,.\Records\file_access_log\file_access_log_2025-01-11_13-15-33.csv,1736581557.339373,False,ef25c64aefeb77be18346010353980a0
modified,.\Records\file_access_log\file_access_log_2025-01-11_13-15-33.csv,1736581557.359318,False,a275de62fcb64104cc70fb5c272bc845
modified,.\Records\file_access_log\file_access_log_2025-01-11_13-15-33.csv,1736581557.3722851,False,b09d9f4218ef53374550d1c5f768aec7
modified,.\Records\file_access_log\file_access_log_2025-01-11_13-15-33.csv,1736581557.3912325,False,73b87f6fe3ddd33fea3de0998404ec15
modified,.\Records\file_access_log\file_access_log_2025-01-11_13-15-33.csv,1736581557.4121757,False,df732e5b5e756679b60ab146c8572aee
modified,.\Records\file_access_log\file_access_log_2025-01-11_13-15-33.csv,1736581557.43312,False,0098fc692aadba22810be0a1c67f7238
modified,.\Records\file_access_log\file_access_log_2025-01-11_13-15-33.csv,1736581557.4520714,False,e8cbde5f3ec556d47b255feca18c30dc
modified,.\Records\file_access_log\file_access_log_2025-01-11_13-15-33.csv,1736581557.4730167,False,bee38aafa4dbcae216c633172f645f58
modified,.\Records\file_access_log\file_access_log_2025-01-11_13-15-33.csv,1736581557.4899683,False,e1b56e701dfcfbece3c4539ce3aba3db
modified,.\Records\file_access_log\file_access_log_2025-01-11_13-15-33.csv,1736581557.5069234,False,c87374b3ada1a24f50b147b82667712f
modified,.\Records\file_access_log\file_access_log_2025-01-11_13-15-33.csv,1736581557.525874,False,6e36b2214000a13c9c2bde42cf654685
modified,.\Records\file_access_log\file_access_log_2025-01-11_13-15-33.csv,1736581557.5468185,False,6087a7cbdbf4a7f641fa6311013fa189
modified,.\Records\file_access_log\file_access_log_2025-01-11_13-15-33.csv,1736581557.566764,False,c0ddb633a9afda0d392dc3748de8f2e3
modified,.\Records\file_access_log\file_access_log_2025-01-11_13-15-33.csv,1736581557.5817223,False,4b9f09419bab5b63d25dd983740651d4
modified,.\Records\file_access_log\file_access_log_2025-01-11_13-15-33.csv,1736581557.5946903,False,854f968a7b2d83a3cf729c6019f794b2
modified,.\Records\file_access_log\file_access_log_2025-01-11_13-15-33.csv,1736581557.615632,False,0096d8a2cdcf89bf2f99c504a0dc9cfd
modified,.\Records\file_access_log\file_access_log_2025-01-11_13-15-33.csv,1736581557.6276,False,9d8b4dc09b5caeae8608ac721364ca5b
modified,.\Records\file_access_log\file_access_log_2025-01-11_13-15-33.csv,1736581557.6465495,False,060f1f8536537e1d343c6e8ed045ea40
modified,.\Records\file_access_log\file_access_log_2025-01-11_13-15-33.csv,1736581557.6704853,False,7ab6ff84b4c4b099e4795801e57a876b
modified,.\Records\file_access_log\file_access_log_2025-01-11_13-15-33.csv,1736581557.6874406,False,e20f385282007c37d09eed2a55954686
modified,.\Records\file_access_log\file_access_log_2025-01-11_13-15-33.csv,1736581557.7053928,False,e51eb18e5667c73018c57086fe78c2db
modified,.\Records\file_access_log\file_access_log_2025-01-11_13-15-33.csv,1736581557.7263355,False,4cf78f70aa9698c635d9ac2ce8fb1ba5
modified,.\Records\file_access_log\file_access_log_2025-01-11_13-15-33.csv,1736581557.7452846,False,d4e84a015d1d02805b03f8ca6fe0107a
modified,.\Records\file_access_log\file_access_log_2025-01-11_13-15-33.csv,1736581557.7672272,False,90fed932cadefb97e9912adb09ed3fb0
modified,.\Records\file_access_log\file_access_log_2025-01-11_13-15-33.csv,1736581557.7891684,False,cb70456b82f6b420901242716b744d78
modified,.\Records\file_access_log\file_access_log_2025-01-11_13-15-33.csv,1736581557.8061342,False,f29e1115ac2161d57b5dc7bb81c168e9
modified,.\Records\file_access_log\file_access_log_2025-01-11_13-15-33.csv,1736581557.8250723,False,351b927127dfce4d137fabb4432c765f
modified,.\Records\file_access_log\file_access_log_2025-01-11_13-15-33.csv,1736581557.8450196,False,bd45aeaf6823c4b0a13a027a091f9a81
modified,.\Records\key_log\key_log_2025-01-11_13-15-33.csv,1736581557.8669593,False,f7f82eade76ceb25a557a1fd7f66dd19
modified,.\Records\file_access_log\file_access_log_2025-01-11_13-15-33.csv,1736581557.8869064,False,a312180089aa7d4077ff12400f15cf66
modified,.\Records\file_access_log\file_access_log_2025-01-11_13-15-33.csv,1736581557.9028635,False,4d5f4379688d6f24e9e4277590cd92a2
modified,.\Records\file_access_log\file_access_log_2025-01-11_13-15-33.csv,1736581557.9208157,False,266c9997b0bfbc4933777043d7b99cd0
modified,.\Records\file_access_log\file_access_log_2025-01-11_13-15-33.csv,1736581557.9407635,False,37deeed50d66b28048f735f9394adaad
modified,.\Records\file_access_log\file_access_log_2025-01-11_13-15-33.csv,1736581557.959714,False,28100829109740b9fc8bd889d25d053a
modified,.\Records\file_access_log\file_access_log_2025-01-11_13-15-33.csv,1736581557.9746745,False,8024d83977a5d4db91a5757e9d903ae4
modified,.\Records\file_access_log\file_access_log_2025-01-11_13-15-33.csv,1736581557.9936252,False,70a9365737cbc664ae299cbd0b35240f
modified,.\Records\file_access_log\file_access_log_2025-01-11_13-15-33.csv,1736581558.015563,False,a5e45f29866c49416d3b8162a97085a3
modified,.\Records\file_access_log\file_access_log_2025-01-11_13-15-33.csv,1736581558.0395002,False,9745960cf956a4f919a8016c76ff47ec
modified,.\Records\file_access_log\file_access_log_2025-01-11_13-15-33.csv,1736581558.0564535,False,ffaac53ec2b5aa34ab235cbae64258e5
modified,.\Records\file_access_log\file_access_log_2025-01-11_13-15-33.csv,1736581558.0773976,False,f45f0055f57f49ba1d3a837872888634
modified,.\Records\file_access_log\file_access_log_2025-01-11_13-15-33.csv,1736581558.0953498,False,bdf28f2e04dc761712eb296dac78931c
modified,.\Records\file_access_log\file_access_log_2025-01-11_13-15-33.csv,1736581558.115297,False,c57a6832e607067f524c52c9c9908e04
modified,.\Records\file_access_log\file_access_log_2025-01-11_13-15-33.csv,1736581558.1302574,False,60923fb3cd969a51bc65073f0d38b378
modified,.\Records\file_access_log\file_access_log_2025-01-11_13-15-33.csv,1736581558.1452248,False,99db310feea5b7694619530c123705fa
modified,.\Records\file_access_log\file_access_log_2025-01-11_13-15-33.csv,1736581558.1591797,False,e9e6d44591859a393b9256af2735e23b
modified,.\Records\file_access_log\file_access_log_2025-01-11_13-15-33.csv,1736581558.1791272,False,1152734d7d2a87275a523b6c3486ac77
modified,.\Records\file_access_log\file_access_log_2025-01-11_13-15-33.csv,1736581558.1970763,False,bdb86260c7a6ac6c30dc33dd5c96a02a
modified,.\Records\file_access_log\file_access_log_2025-01-11_13-15-33.csv,1736581558.2090466,False,1f21c08049cdb5d0e2da6bfec20328de
modified,.\Records\file_access_log\file_access_log_2025-01-11_13-15-33.csv,1736581558.2279942,False,3d4cf889c2e23b79d67312737a99cac2
modified,.\Records\file_access_log\file_access_log_2025-01-11_13-15-33.csv,1736581558.2439535,False,6eced2ac00d8a7489bc475afea2ddfed
modified,.\Records\file_access_log\file_access_log_2025-01-11_13-15-33.csv,1736581558.2559204,False,26f278d71465e1192056ee2924f1e977
modified,.\Records\file_access_log\file_access_log_2025-01-11_13-15-33.csv,1736581558.2708838,False,1af073b1cbfe2f0ab95548f5c8c1b4ff
modified,.\Records\file_access_log\file_access_log_2025-01-11_13-15-33.csv,1736581558.2908273,False,a2482bbcdd33af2820ef5bf19a63b455
modified,.\Records\file_access_log\file_access_log_2025-01-11_13-15-33.csv,1736581558.3037925,False,4433f93b75782bccaa30c91b706eadfb
modified,.\Records\file_access_log\file_access_log_2025-01-11_13-15-33.csv,1736581558.324735,False,7da27820ccb51acb6b0e2d8dfe34ea17
modified,.\Records\file_access_log\file_access_log_2025-01-11_13-15-33.csv,1736581558.3396964,False,35c372dee2295a7da304c652790abbe4
modified,.\Records\file_access_log\file_access_log_2025-01-11_13-15-33.csv,1736581558.3596416,False,c3bdbebfb68f6627af440876ae3164ed
modified,.\Records\file_access_log\file_access_log_2025-01-11_13-15-33.csv,1736581558.37959,False,5c230a9016374139e7d564e765ce344f
modified,.\Records\file_access_log\file_access_log_2025-01-11_13-15-33.csv,1736581558.3985393,False,2428420fdf6b2042606f897fa4427ff9
modified,.\Records\file_access_log\file_access_log_2025-01-11_13-15-33.csv,1736581558.4174888,False,36a88afd6ccf635e5af66cbbff4c201b
modified,.\Records\file_access_log\file_access_log_2025-01-11_13-15-33.csv,1736581558.4314528,False,d54561f387aa357147b768318b5673b1
modified,.\Records\file_access_log\file_access_log_2025-01-11_13-15-33.csv,1736581558.4513955,False,296afa11374eee52c950c9f83ad62724
modified,.\Records\file_access_log\file_access_log_2025-01-11_13-15-33.csv,1736581558.4713447,False,c7177be5f7aa02598e49d6b26de549eb
modified,.\Records\file_access_log\file_access_log_2025-01-11_13-15-33.csv,1736581558.4912922,False,60bef62a1488caddc407d808558710d1
modified,.\Records\file_access_log\file_access_log_2025-01-11_13-15-33.csv,1736581558.5142393,False,9da0f071d5fedf13d64152f9faa8ab6a
modified,.\Records\file_access_log\file_access_log_2025-01-11_13-15-33.csv,1736581558.5281925,False,6242fd73e4eaea98c630e2740188e136
modified,.\Records\file_access_log\file_access_log_2025-01-11_13-15-33.csv,1736581558.547141,False,41981944c5ce16bf5f173ed4669ba796
modified,.\Records\file_access_log\file_access_log_2025-01-11_13-15-33.csv,1736581558.568085,False,5606bb75fd88d39dc2cb3e5967ad3362
modified,.\Records\file_access_log\file_access_log_2025-01-11_13-15-33.csv,1736581558.587035,False,f54fac3163539849e671ee30b175e7f1
modified,.\Records\file_access_log\file_access_log_2025-01-11_13-15-33.csv,1736581558.6000009,False,7743b89409564d51cd91de86a3f0808d
modified,.\Records\file_access_log\file_access_log_2025-01-11_13-15-33.csv,1736581558.6199453,False,69e7bb6a91562b0735201d71466b6e65
modified,.\Records\file_access_log\file_access_log_2025-01-11_13-15-33.csv,1736581558.6349072,False,df8d36cbc73eb2cbde214ec42dc50c80
modified,.\Records\file_access_log\file_access_log_2025-01-11_13-15-33.csv,1736581558.6568484,False,43ca2153e0d6660643e36fac2e757fed
modified,.\Records\file_access_log\file_access_log_2025-01-11_13-15-33.csv,1736581558.676804,False,ee24f8ed3460d34eb8984a2e98eacda9
modified,.\Records\file_access_log\file_access_log_2025-01-11_13-15-33.csv,1736581558.6957438,False,bead30ba34949baf1163e6bf667dce22
modified,.\Records\file_access_log\file_access_log_2025-01-11_13-15-33.csv,1736581558.7097065,False,bb97c2ed276d9e632e63f87eab35e90b
modified,.\Records\file_access_log\file_access_log_2025-01-11_13-15-33.csv,1736581558.7396255,False,272635e20d23ecdf53b3690ebe3eacde
modified,.\Records\file_access_log\file_access_log_2025-01-11_13-15-33.csv,1736581558.7575772,False,8d742a38a4bbfce0e95b9682498a975f
modified,.\Records\file_access_log\file_access_log_2025-01-11_13-15-33.csv,1736581558.7835095,False,b679cb6910b06ce480a564e7a9e9012e
modified,.\Records\file_access_log\file_access_log_2025-01-11_13-15-33.csv,1736581558.8004632,False,2bd9c79a252259707dbb2e8eb46ed54f
modified,.\Records\file_access_log\file_access_log_2025-01-11_13-15-33.csv,1736581558.8194122,False,e075c3e4b3268668a532fe27c8c9dc12
modified,.\Records\key_log\key_log_2025-01-11_13-15-33.csv,1736581558.8393605,False,81ab30991dbbbe582462f156b9f537a7
modified,.\Records\file_access_log\file_access_log_2025-01-11_13-15-33.csv,1736581558.860302,False,0ca504d05594ec54b984d2d6de9cb9b4
modified,.\Records\file_access_log\file_access_log_2025-01-11_13-15-33.csv,1736581558.8722725,False,ab6f585119cdec29a10c1fc630157819
modified,.\Records\file_access_log\file_access_log_2025-01-11_13-15-33.csv,1736581558.8922184,False,26291258243ae6fdd9f260fe795dbe5f
modified,.\Records\file_access_log\file_access_log_2025-01-11_13-15-33.csv,1736581558.9051874,False,a9b9af942c2940f347e380fcacb1e507
modified,.\Records\file_access_log\file_access_log_2025-01-11_13-15-33.csv,1736581558.9241326,False,fc356de785269cbe212f7462ec7c6c87
modified,.\Records\file_access_log\file_access_log_2025-01-11_13-15-33.csv,1736581558.9470773,False,4caa48576073cf07573a00509d2ce5bd
modified,.\Records\file_access_log\file_access_log_2025-01-11_13-15-33.csv,1736581558.96602,False,90680511032501e2b7cf1368cd583a56
modified,.\Records\file_access_log\file_access_log_2025-01-11_13-15-33.csv,1736581558.9799821,False,ea995f7dba0c546f0314e51960cd636b
modified,.\Records\file_access_log\file_access_log_2025-01-11_13-15-33.csv,1736581558.9999328,False,7166f42186496e472db92993ec8ef817
modified,.\Records\file_access_log\file_access_log_2025-01-11_13-15-33.csv,1736581559.0198755,False,1ae18e7d36feb8a213da22ab8a895f26
modified,.\Records\file_access_log\file_access_log_2025-01-11_13-15-33.csv,1736581559.03983,False,a5ff1f597905b4f8d9c5c207c826715d
modified,.\Records\file_access_log\file_access_log_2025-01-11_13-15-33.csv,1736581559.060768,False,5fa3954f507a8456c32e1b96b9f78503
modified,.\Records\file_access_log\file_access_log_2025-01-11_13-15-33.csv,1736581559.07872,False,f419e3cff26a9144ec54e5f271e263c8
modified,.\Records\file_access_log\file_access_log_2025-01-11_13-15-33.csv,1736581559.0976703,False,6fd756074b69485dd8e422b150605eaf
modified,.\Records\file_access_log\file_access_log_2025-01-11_13-15-33.csv,1736581559.1176143,False,09d4a00e504fdb018349f36c8fb77011
modified,.\Records\file_access_log\file_access_log_2025-01-11_13-15-33.csv,1736581559.1375613,False,ca84d1600768891749a3e3eb45e4cc19
modified,.\Records\file_access_log\file_access_log_2025-01-11_13-15-33.csv,1736581559.152522,False,0476237753bbf7f741e4c0daee6e7cfa
modified,.\Records\file_access_log\file_access_log_2025-01-11_13-15-33.csv,1736581559.1724684,False,3a724a3aabc0645feebb615057a6ff70
modified,.\Records\file_access_log\file_access_log_2025-01-11_13-15-33.csv,1736581559.1924145,False,96a204dee24804fef5d4b11c85d68631
modified,.\Records\file_access_log\file_access_log_2025-01-11_13-15-33.csv,1736581559.2123654,False,0e391b12e82008e2fca77cd02e205ec0
modified,.\Records\file_access_log\file_access_log_2025-01-11_13-15-33.csv,1736581559.2263255,False,c656ec70d8b8b16441c9a576332e16cf
modified,.\Records\file_access_log\file_access_log_2025-01-11_13-15-33.csv,1736581559.2422807,False,32da8795af5e8a9f0272216aa3d719e3
modified,.\Records\file_access_log\file_access_log_2025-01-11_13-15-33.csv,1736581559.2642221,False,5b6279f09a6ac4aaf25ffaabe932b66d
modified,.\Records\file_access_log\file_access_log_2025-01-11_13-15-33.csv,1736581559.2751973,False,5deefdd4de133c3cbbf4ebae1d5bc60e
modified,.\Records\file_access_log\file_access_log_2025-01-11_13-15-33.csv,1736581559.292149,False,5b38cd6d695f8d0949ccf12b62c541ee
modified,.\Records\file_access_log\file_access_log_2025-01-11_13-15-33.csv,1736581559.3120944,False,a0d799d0eb8ed3c4797a1465e442a462
modified,.\Records\file_access_log\file_access_log_2025-01-11_13-15-33.csv,1736581559.327054,False,3a15e7f647ef574f2f43a3c371aac570
modified,.\Records\file_access_log\file_access_log_2025-01-11_13-15-33.csv,1736581559.347001,False,61011d512be564604bae85f4a1e2ede5
modified,.\Records\file_access_log\file_access_log_2025-01-11_13-15-33.csv,1736581559.3669477,False,9cdd8adcdeb21685a2e66989ac373203
modified,.\Records\file_access_log\file_access_log_2025-01-11_13-15-33.csv,1736581559.3819077,False,3d835aa48f16c207c39b59f34ca953e5
modified,.\Records\file_access_log\file_access_log_2025-01-11_13-15-33.csv,1736581559.4028547,False,9713f1e6d04f1004aea5a4f874cc2b65
modified,.\Records\file_access_log\file_access_log_2025-01-11_13-15-33.csv,1736581559.4228,False,3834235f4f3e66ebde7d690625fa9e85
modified,.\Records\file_access_log\file_access_log_2025-01-11_13-15-33.csv,1736581559.4347672,False,39efaa99c5d0759624076c98f88c36e9
modified,.\Records\file_access_log\file_access_log_2025-01-11_13-15-33.csv,1736581559.4547148,False,93561b5212f8a4ca7fbc254bd87748a2
modified,.\Records\file_access_log\file_access_log_2025-01-11_13-15-33.csv,1736581559.479646,False,b35a68dc3e3ff0f6f6d1d8b980b0128d
modified,.\Records\file_access_log\file_access_log_2025-01-11_13-15-33.csv,1736581559.4936097,False,8a015642b82f11eab42c8b4e215c1087
modified,.\Records\file_access_log\file_access_log_2025-01-11_13-15-33.csv,1736581559.509566,False,4f0e67b82176dc01993dbbea920b3fde
modified,.\Records\file_access_log\file_access_log_2025-01-11_13-15-33.csv,1736581559.5285146,False,e32f8abede3db93814a82dedfd225357
modified,.\Records\file_access_log\file_access_log_2025-01-11_13-15-33.csv,1736581559.543475,False,ee8b9c1cff87b3dc8a99aab9967aaecb
modified,.\Records\file_access_log\file_access_log_2025-01-11_13-15-33.csv,1736581559.5604289,False,3310f09c08973e161124ff9ceb7f1df9
modified,.\Records\file_access_log\file_access_log_2025-01-11_13-15-33.csv,1736581559.5793803,False,ce7cd203858a1743f71e0f37ee3a567b
modified,.\Records\file_access_log\file_access_log_2025-01-11_13-15-33.csv,1736581559.5993285,False,964255a405ebf62faa0521c8df9ea3eb
modified,.\Records\file_access_log\file_access_log_2025-01-11_13-15-33.csv,1736581559.6192737,False,7b8e688fd8dbbc1d5da10342a33ea990
modified,.\Records\file_access_log\file_access_log_2025-01-11_13-15-33.csv,1736581559.6402156,False,8b14e39130eea9a4e6bd91a1db44fd51
modified,.\Records\file_access_log\file_access_log_2025-01-11_13-15-33.csv,1736581559.653183,False,96f52c867607273351d5774c5accf29a
modified,.\Records\file_access_log\file_access_log_2025-01-11_13-15-33.csv,1736581559.6731293,False,4d1c5b1afb61c4715bc82d4626bf428e
modified,.\Records\file_access_log\file_access_log_2025-01-11_13-15-33.csv,1736581559.6930785,False,935889ccef681e1e7fa06f3a87dfed61
modified,.\Records\file_access_log\file_access_log_2025-01-11_13-15-33.csv,1736581559.709034,False,217edb291b720815f4ac91392465fb91
modified,.\Records\file_access_log\file_access_log_2025-01-11_13-15-33.csv,1736581559.7299786,False,6a6d7c17d79551f7e80daeffb292756c
modified,.\Records\file_access_log\file_access_log_2025-01-11_13-15-33.csv,1736581559.7559078,False,08ecbd9b62d5c1d96a8a2831f6827b6e
modified,.\Records\file_access_log\file_access_log_2025-01-11_13-15-33.csv,1736581559.7728653,False,2ac81adf8bcd83b3cbe7a1e43ae13909
modified,.\Records\file_access_log\file_access_log_2025-01-11_13-15-33.csv,1736581559.7928123,False,82c3cd07cf3d1865dd681fd2ffd5767a
modified,.\Records\file_access_log\file_access_log_2025-01-11_13-15-33.csv,1736581559.8097644,False,cd509a77c337bcf2a173fca43feb1570
modified,.\Records\file_access_log\file_access_log_2025-01-11_13-15-33.csv,1736581559.8217313,False,37aaab5485fcfb222f4f211b2ab21656
modified,.\Records\file_access_log\file_access_log_2025-01-11_13-15-33.csv,1736581559.836693,False,2297c8af20ce13e65babb9c26f4ed5ee
modified,.\Records\file_access_log\file_access_log_2025-01-11_13-15-33.csv,1736581559.8556402,False,3b87de3e2723b05f3a3d912b0fb418e1
modified,.\Records\file_access_log\file_access_log_2025-01-11_13-15-33.csv,1736581559.870601,False,352c63f02e96e459692e16fc9fa44279
modified,.\Records\file_access_log\file_access_log_2025-01-11_13-15-33.csv,1736581559.889551,False,27e3222426efae3affe71ae2b2f9809f
modified,.\Records\file_access_log\file_access_log_2025-01-11_13-15-33.csv,1736581559.9045107,False,22076e92c67628b909123daff8cdc5d5
modified,.\Records\file_access_log\file_access_log_2025-01-11_13-15-33.csv,1736581559.92346,False,1d70f897c22b42c2292ef623f100e317
modified,.\Records\file_access_log\file_access_log_2025-01-11_13-15-33.csv,1736581559.938421,False,81f9fa872cc56dbe7db02a4424a116ce
modified,.\Records\file_access_log\file_access_log_2025-01-11_13-15-33.csv,1736581559.9493928,False,9b9a4dd03ee48de0062a0df802c84e44
modified,.\Records\file_access_log\file_access_log_2025-01-11_13-15-33.csv,1736581559.9663446,False,5e0b291a9f37279251374d9842e21e9d
modified,.\Records\file_access_log\file_access_log_2025-01-11_13-15-33.csv,1736581559.9852955,False,8979296cc588e2f2b77869159cde12c8
modified,.\Records\file_access_log\file_access_log_2025-01-11_13-15-33.csv,1736581560.0052402,False,9a968a7c1e37c37816cd1818ea30c5c7
modified,.\Records\file_access_log\file_access_log_2025-01-11_13-15-33.csv,1736581560.0231905,False,17c8359fe73c41779072520293419a70
modified,.\Records\file_access_log\file_access_log_2025-01-11_13-15-33.csv,1736581560.0441353,False,76c15de4ecdb17b3acfa2a5b393cd27a
modified,.\Records\file_access_log\file_access_log_2025-01-11_13-15-33.csv,1736581560.0620885,False,46969c29fc32957587359f358367102f
modified,.\Records\file_access_log\file_access_log_2025-01-11_13-15-33.csv,1736581560.0810378,False,50775285c86dcbe8e38d30601929fd6b
modified,.\Records\file_access_log\file_access_log_2025-01-11_13-15-33.csv,1736581560.0999858,False,318eb1b16a6509d2a799359ae4a4eb70
modified,.\Records\file_access_log\file_access_log_2025-01-11_13-15-33.csv,1736581560.1159456,False,19fc81eb36ca5aff2f4b62a5ace32dae
modified,.\Records\file_access_log\file_access_log_2025-01-11_13-15-33.csv,1736581560.1358902,False,5ac76456cdbc631b4538f401ce27f669
modified,.\Records\file_access_log\file_access_log_2025-01-11_13-15-33.csv,1736581560.1558418,False,ffb718424a61a09d7567eaddbf76f1da
modified,.\Records\file_access_log\file_access_log_2025-01-11_13-15-33.csv,1736581560.174787,False,2d995cf8d7fcbdf993268c6e1a37b6fc
modified,.\Records\file_access_log\file_access_log_2025-01-11_13-15-33.csv,1736581560.192739,False,4ffcfa8bb0564289dddeb0c7eedb467a
modified,.\Records\file_access_log\file_access_log_2025-01-11_13-15-33.csv,1736581560.2136834,False,fe1036a7eaa31587b36f24941ba99dc4
modified,.\Records\file_access_log\file_access_log_2025-01-11_13-15-33.csv,1736581560.2346277,False,be2fd95ea81e92479ad43303e56d31fe
modified,.\Records\file_access_log\file_access_log_2025-01-11_13-15-33.csv,1736581560.254574,False,8c270a3bbc386bc652fbed1c2b3915f9
modified,.\Records\file_access_log\file_access_log_2025-01-11_13-15-33.csv,1736581560.2735236,False,c254dab98fe611dc2e307662fb80ecdd
modified,.\Records\file_access_log\file_access_log_2025-01-11_13-15-33.csv,1736581560.292474,False,9801554c54355ace11550bdc2af41fd2
modified,.\Records\file_access_log\file_access_log_2025-01-11_13-15-33.csv,1736581560.3124187,False,504dbf03ee0a901072ecd42c3569e227
modified,.\Records\file_access_log\file_access_log_2025-01-11_13-15-33.csv,1736581560.3293765,False,c8add0d68fa3a5ec133e2531ee48a906
modified,.\Records\file_access_log\file_access_log_2025-01-11_13-15-33.csv,1736581560.3493195,False,3d7ef845e2f4a1f748ebe6d6d9e1562f
modified,.\Records\file_access_log\file_access_log_2025-01-11_13-15-33.csv,1736581560.364281,False,0f56549eb2ac31f530791540be52aa00
modified,.\Records\mouse_data_log\mouse_data_log_2025-01-11_13-15-33.csv,1736581560.379241,False,9c9d0c041716068f5f06db5193e3a861
modified,.\Records\file_access_log\file_access_log_2025-01-11_13-15-33.csv,1736581560.399187,False,b75f96b553d5bedd9a72b10ad7c6f99f
modified,.\Records\mouse_data_log\mouse_data_log_2025-01-11_13-15-33.csv,1736581560.4121513,False,f62ca5309087a92708b4dfb59ac1d589
modified,.\Records\file_access_log\file_access_log_2025-01-11_13-15-33.csv,1736581560.4271114,False,73331f6fe9007ea40d57d8644490edf6
modified,.\Records\mouse_data_log\mouse_data_log_2025-01-11_13-15-33.csv,1736581560.447058,False,3fe750ffbf1e18e62bf9ad21ca27190a
modified,.\Records\file_access_log\file_access_log_2025-01-11_13-15-33.csv,1736581560.466007,False,326eb6864a1e04fe1fde93418ddd4385
modified,.\Records\mouse_data_log\mouse_data_log_2025-01-11_13-15-33.csv,1736581560.485954,False,75fc10a4afb1cb5b6050bb512967ea37
modified,.\Records\file_access_log\file_access_log_2025-01-11_13-15-33.csv,1736581560.5049028,False,7d5760931445e5d8f67b2a76e2630ff8
modified,.\Records\mouse_data_log\mouse_data_log_2025-01-11_13-15-33.csv,1736581560.52585,False,75fc10a4afb1cb5b6050bb512967ea37
modified,.\Records\file_access_log\file_access_log_2025-01-11_13-15-33.csv,1736581560.540807,False,272cf3faceb83e49b7f49ac6af7c77f8
modified,.\Records\mouse_data_log\mouse_data_log_2025-01-11_13-15-33.csv,1736581560.5577626,False,a15255428ed5664c39bb1ed45767742b
modified,.\Records\file_access_log\file_access_log_2025-01-11_13-15-33.csv,1736581560.5797043,False,7fe5df3498508b38577786ab0415beee
modified,.\Records\mouse_data_log\mouse_data_log_2025-01-11_13-15-33.csv,1736581560.5986528,False,72b0a41474504440d51554d7462a8064
modified,.\Records\file_access_log\file_access_log_2025-01-11_13-15-33.csv,1736581560.6166067,False,e2693102892b73bc70fd10cef68553db
modified,.\Records\mouse_data_log\mouse_data_log_2025-01-11_13-15-33.csv,1736581560.6325684,False,b38d984fee876d15a4614a460ecb74b8
modified,.\Records\file_access_log\file_access_log_2025-01-11_13-15-33.csv,1736581560.645528,False,106c8364fdd2834d68c9178ff53db2b6
modified,.\Records\mouse_data_log\mouse_data_log_2025-01-11_13-15-33.csv,1736581560.6465256,False,b38d984fee876d15a4614a460ecb74b8
modified,.\Records\file_access_log\file_access_log_2025-01-11_13-15-33.csv,1736581560.6594894,False,97016c363b34a99b5aa0252cea2821b5
modified,.\Records\mouse_data_log\mouse_data_log_2025-01-11_13-15-33.csv,1736581560.6604877,False,b38d984fee876d15a4614a460ecb74b8
modified,.\Records\file_access_log\file_access_log_2025-01-11_13-15-33.csv,1736581560.6804335,False,4ed0daa596325e53532335ae48f348d4
modified,.\Records\file_access_log\file_access_log_2025-01-11_13-15-33.csv,1736581560.7033732,False,a973b67ad3c21748d89b4e9d7c9fb2ff
modified,.\Records\file_access_log\file_access_log_2025-01-11_13-15-33.csv,1736581560.7213247,False,7f6de7be6fa844473fcbb43c4faffe23
modified,.\Records\file_access_log\file_access_log_2025-01-11_13-15-33.csv,1736581560.7392776,False,eb933fa703b6ce964f75e4bcd1433d4b
modified,.\Records\file_access_log\file_access_log_2025-01-11_13-15-33.csv,1736581560.7542367,False,a56214fe44ea741948c497fd4271eac0
modified,.\Records\file_access_log\file_access_log_2025-01-11_13-15-33.csv,1736581560.7751963,False,dd8423316ac345a07c2df05c0a3b41ce
modified,.\Records\file_access_log\file_access_log_2025-01-11_13-15-33.csv,1736581560.793132,False,253c2d538e5d7c0846ac382d1f7c9391
modified,.\Records\file_access_log\file_access_log_2025-01-11_13-15-33.csv,1736581560.8190625,False,ce39ce755873f1f80cfb84c3f51a9c74
modified,.\Records\file_access_log\file_access_log_2025-01-11_13-15-33.csv,1736581560.834026,False,90a84c1259107d04c5634dc76c444178
modified,.\Records\file_access_log\file_access_log_2025-01-11_13-15-33.csv,1736581560.8519762,False,df2fa202005e7318f81a7906656c47ca
modified,.\Records\file_access_log\file_access_log_2025-01-11_13-15-33.csv,1736581560.871923,False,e4f90fb09e8227cde9275e4155ba66d1
modified,.\Records\file_access_log\file_access_log_2025-01-11_13-15-33.csv,1736581560.8918715,False,281c7d8241ad5188fd6aa35e21ecd807
modified,.\Records\mouse_data_log\mouse_data_log_2025-01-11_13-15-33.csv,1736581560.911814,False,9d892f365c80abc38b9f2817ea6e223f
modified,.\Records\file_access_log\file_access_log_2025-01-11_13-15-33.csv,1736581560.9347548,False,ecd5c61824d1140947d5238ce7d08637
modified,.\Records\mouse_data_log\mouse_data_log_2025-01-11_13-15-33.csv,1736581560.9576926,False,dc153e6b66a6e23d816e4c62a27fcc60
modified,.\Records\file_access_log\file_access_log_2025-01-11_13-15-33.csv,1736581560.9736502,False,a356b85c9cbf646ad11464b0ed2a6458
modified,.\Records\mouse_data_log\mouse_data_log_2025-01-11_13-15-33.csv,1736581561.0005777,False,eb6f4e354851bd99acbf99bc44ab772b
modified,.\Records\file_access_log\file_access_log_2025-01-11_13-15-33.csv,1736581561.0225255,False,1fbb522a3860ecebdefd267a381d6e26
modified,.\Records\mouse_data_log\mouse_data_log_2025-01-11_13-15-33.csv,1736581561.0484502,False,eb6f4e354851bd99acbf99bc44ab772b
modified,.\Records\file_access_log\file_access_log_2025-01-11_13-15-33.csv,1736581561.0683956,False,c8e5bffd0ddb480eba225c025a5ccd2c
modified,.\Records\mouse_data_log\mouse_data_log_2025-01-11_13-15-33.csv,1736581561.0703902,False,eb6f4e354851bd99acbf99bc44ab772b
modified,.\Records\file_access_log\file_access_log_2025-01-11_13-15-33.csv,1736581561.0913355,False,621d0db7d80bc6ece6f6d44be0cf1085
modified,.\Records\mouse_data_log\mouse_data_log_2025-01-11_13-15-33.csv,1736581561.0933294,False,eb6f4e354851bd99acbf99bc44ab772b
modified,.\Records\file_access_log\file_access_log_2025-01-11_13-15-33.csv,1736581561.1152709,False,3ff57c3203da7d0c756e6105bd120a1b
modified,.\Records\file_access_log\file_access_log_2025-01-11_13-15-33.csv,1736581561.134221,False,e80609b7776a1bcfbcb2ebdc2a401f84
modified,.\Records\file_access_log\file_access_log_2025-01-11_13-15-33.csv,1736581561.154167,False,a754eb25989df0b65d34355f7cb4274c
modified,.\Records\file_access_log\file_access_log_2025-01-11_13-15-33.csv,1736581561.1721218,False,5b108ab5fc21f03fe654b3de4c912fd1
modified,.\Records\file_access_log\file_access_log_2025-01-11_13-15-33.csv,1736581561.1910732,False,db62cb0bce4febca1418e99930e174ed
modified,.\Records\file_access_log\file_access_log_2025-01-11_13-15-33.csv,1736581561.2070296,False,ba3cacfb87d20beb92e5a1b2ea3353af
modified,.\Records\file_access_log\file_access_log_2025-01-11_13-15-33.csv,1736581561.2209897,False,d5e6710fdfd63749fc4b1152d614abeb
modified,.\Records\file_access_log\file_access_log_2025-01-11_13-15-33.csv,1736581561.237945,False,e0ba617dff16020279ce79c9083c0a2a
modified,.\Records\mouse_data_log\mouse_data_log_2025-01-11_13-15-33.csv,1736581561.2578888,False,4c2e534694423ef7fc4d6bd33e1e0f2b
modified,.\Records\file_access_log\file_access_log_2025-01-11_13-15-33.csv,1736581561.2708578,False,1383d22245c9c4f7cf595252a64cead7
modified,.\Records\mouse_data_log\mouse_data_log_2025-01-11_13-15-33.csv,1736581561.2908027,False,40b54f6cdad7542fb6ece6d57dbcbcea
modified,.\Records\file_access_log\file_access_log_2025-01-11_13-15-33.csv,1736581561.3037674,False,7bb1627979d6a9f7a49a9114f06854b7
modified,.\Records\mouse_data_log\mouse_data_log_2025-01-11_13-15-33.csv,1736581561.3047638,False,40b54f6cdad7542fb6ece6d57dbcbcea
modified,.\Records\file_access_log\file_access_log_2025-01-11_13-15-33.csv,1736581561.333692,False,4860b0e7e63fa5549ecca9c6df9739db
modified,.\Records\file_access_log\file_access_log_2025-01-11_13-15-33.csv,1736581561.3546326,False,26fc45fc78211220678e8238c057a4f4
modified,.\Records\mouse_data_log\mouse_data_log_2025-01-11_13-15-33.csv,1736581561.3755755,False,6aebd21828561d4cda12223d1c4eec48
modified,.\Records\file_access_log\file_access_log_2025-01-11_13-15-33.csv,1736581561.3915355,False,9ccb514be301d4dc9d7d9a8ab3fa2cac
modified,.\Records\mouse_data_log\mouse_data_log_2025-01-11_13-15-33.csv,1736581561.4045002,False,6aebd21828561d4cda12223d1c4eec48
modified,.\Records\file_access_log\file_access_log_2025-01-11_13-15-33.csv,1736581561.4174628,False,032c4c28b72b3a2d68f54e18ae2407ca
modified,.\Records\mouse_data_log\mouse_data_log_2025-01-11_13-15-33.csv,1736581561.419459,False,6aebd21828561d4cda12223d1c4eec48
modified,.\Records\file_access_log\file_access_log_2025-01-11_13-15-33.csv,1736581561.4394052,False,0bab558c5063318ec22ed97e76ceb7c8
modified,.\Records\file_access_log\file_access_log_2025-01-11_13-15-33.csv,1736581561.4593503,False,f8e790502561ef90e1115443beabc30a
modified,.\Records\file_access_log\file_access_log_2025-01-11_13-15-33.csv,1736581561.471321,False,cb3943ddca40a37caeb6a1107144ebf6
modified,.\Records\file_access_log\file_access_log_2025-01-11_13-15-33.csv,1736581561.4862816,False,ad84d449a8bb66e96099af96ac985429
modified,.\Records\file_access_log\file_access_log_2025-01-11_13-15-33.csv,1736581561.5052273,False,cd13fcba1b05d6f46694eab4b488a369
modified,.\Records\file_access_log\file_access_log_2025-01-11_13-15-33.csv,1736581561.519192,False,614df8fce79fdb74aa37b2451805d6ac
modified,.\Records\file_access_log\file_access_log_2025-01-11_13-15-33.csv,1736581561.537142,False,96f0b119f1a08220c7d82d2557ba120f
modified,.\Records\file_access_log\file_access_log_2025-01-11_13-15-33.csv,1736581561.5521016,False,17fce5a99917b3a1e9217dca68278ed0
modified,.\Records\file_access_log\file_access_log_2025-01-11_13-15-33.csv,1736581561.5710514,False,e94ac996d3c8d8e54bdcdbb55a508882
modified,.\Records\file_access_log\file_access_log_2025-01-11_13-15-33.csv,1736581561.5840187,False,cdaf61d16d695314d38aee74cb027908
modified,.\Records\file_access_log\file_access_log_2025-01-11_13-15-33.csv,1736581561.6069572,False,576c5fa27fedc60d324cc866c623c559
modified,.\Records\mouse_data_log\mouse_data_log_2025-01-11_13-15-33.csv,1736581561.6298964,False,6ca3a2d9ab9504cce94da9f4fa276064
modified,.\Records\file_access_log\file_access_log_2025-01-11_13-15-33.csv,1736581561.651834,False,f721c46a75e35f867aeb32b9fc0f9ac2
modified,.\Records\file_access_log\file_access_log_2025-01-11_13-15-33.csv,1736581561.6767693,False,e4e037237f879bd94e17493f1f086960
modified,.\Records\mouse_data_log\mouse_data_log_2025-01-11_13-15-33.csv,1736581561.69871,False,f47d0fbbc1509edaebc634f888e33644
modified,.\Records\file_access_log\file_access_log_2025-01-11_13-15-33.csv,1736581561.7246397,False,32b7fc887263f06a43738f5b4dd2d970
modified,.\Records\file_access_log\file_access_log_2025-01-11_13-15-33.csv,1736581561.7425928,False,1cb99d08dd07294656e2cc685810e9ad
modified,.\Records\file_access_log\file_access_log_2025-01-11_13-15-33.csv,1736581561.7715154,False,403190eabea4b3c613e4969d076a9da9
modified,.\Records\file_access_log\file_access_log_2025-01-11_13-15-33.csv,1736581561.785479,False,46fae72a5c0d0f8db5f3a7d91384cd63
modified,.\Records\file_access_log\file_access_log_2025-01-11_13-15-33.csv,1736581561.802435,False,9b59f70841af917f815fd5a8de43729f
modified,.\Records\file_access_log\file_access_log_2025-01-11_13-15-33.csv,1736581561.8223798,False,1aae4b835b21768f7fc7bd713856de63
modified,.\Records\file_access_log\file_access_log_2025-01-11_13-15-33.csv,1736581561.8383367,False,281b80bb176315c37ee0a6c223d94b38
modified,.\Records\file_access_log\file_access_log_2025-01-11_13-15-33.csv,1736581561.8542943,False,fc533c1a5339cde2f66c5dc786e3ff4d
modified,.\Records\file_access_log\file_access_log_2025-01-11_13-15-33.csv,1736581561.871253,False,fa645e34cd5b07052f532fcfb3473817
modified,.\Records\file_access_log\file_access_log_2025-01-11_13-15-33.csv,1736581561.8832195,False,7047540987bffd9c1e2bc3b0cd8975bf
modified,.\Records\file_access_log\file_access_log_2025-01-11_13-15-33.csv,1736581561.8971806,False,9ad1ba011a9a5667f1f01d1e39ddb7f9
modified,.\Records\file_access_log\file_access_log_2025-01-11_13-15-33.csv,1736581561.9161308,False,d7359a12d5d3c4bab6bbeac8d1f69d2d
modified,.\Records\file_access_log\file_access_log_2025-01-11_13-15-33.csv,1736581561.9360766,False,575e49adf0f18fe49f9a31f54979a0a7
modified,.\Records\file_access_log\file_access_log_2025-01-11_13-15-33.csv,1736581561.9550264,False,6712d3d08b78ac292793e9d39d25f7da
modified,.\Records\file_access_log\file_access_log_2025-01-11_13-15-33.csv,1736581561.9689882,False,dedd93b293b5de080b09156b63b1576f
modified,.\Records\file_access_log\file_access_log_2025-01-11_13-15-33.csv,1736581561.9879377,False,5005fcef4a3f46465c643862f9e93a7e
modified,.\Records\file_access_log\file_access_log_2025-01-11_13-15-33.csv,1736581561.9999087,False,8f50de651673dcbd2c3afa8fe5b43d47
modified,.\Records\file_access_log\file_access_log_2025-01-11_13-15-33.csv,1736581562.0138667,False,0a6a4334f49fa94da52865f41cfb5639
modified,.\Records\file_access_log\file_access_log_2025-01-11_13-15-33.csv,1736581562.0358088,False,846aa69e396e4f260f2c284d39ddb2f1
modified,.\Records\file_access_log\file_access_log_2025-01-11_13-15-33.csv,1736581562.0537612,False,f9e2bcbd8f0837cb50ba4a8a0e1abd8b
modified,.\Records\file_access_log\file_access_log_2025-01-11_13-15-33.csv,1736581562.0737078,False,ce386423e046a0a5e353e6ac9ee3c5c6
modified,.\Records\file_access_log\file_access_log_2025-01-11_13-15-33.csv,1736581562.0916634,False,5d4510672a993c80c7880b24cc50d56e
modified,.\Records\file_access_log\file_access_log_2025-01-11_13-15-33.csv,1736581562.1056256,False,6163761b3a072ed292b77835a071c86c
modified,.\Records\file_access_log\file_access_log_2025-01-11_13-15-33.csv,1736581562.1225755,False,6785d567413a383d1de99ae75056d018
modified,.\Records\file_access_log\file_access_log_2025-01-11_13-15-33.csv,1736581562.1405282,False,c54c3fa8139f0f8a565957179428d8ba
modified,.\Records\file_access_log\file_access_log_2025-01-11_13-15-33.csv,1736581562.1594777,False,aef2ce28acd7a834de500d64bf24dc75
modified,.\Records\file_access_log\file_access_log_2025-01-11_13-15-33.csv,1736581562.1784258,False,a03a0c902d12785c98c9b3d18adfa7da
modified,.\Records\file_access_log\file_access_log_2025-01-11_13-15-33.csv,1736581562.1973763,False,031b28d058fd6fc9b1f63221e5337c90
modified,.\Records\file_access_log\file_access_log_2025-01-11_13-15-33.csv,1736581562.2173226,False,697a3c4cbefd3532496d289522bb8ac5
modified,.\Records\file_access_log\file_access_log_2025-01-11_13-15-33.csv,1736581562.2362723,False,1f0d504187216f7a68024e510742778e
modified,.\Records\file_access_log\file_access_log_2025-01-11_13-15-33.csv,1736581562.2562208,False,b832fec264576cbe16396088f28ef864
modified,.\Records\file_access_log\file_access_log_2025-01-11_13-15-33.csv,1736581562.2701826,False,54c096daeaa859b865c8722cb2846d85
modified,.\Records\file_access_log\file_access_log_2025-01-11_13-15-33.csv,1736581562.291127,False,b3b8b06ae4fc020199c98416e30e750b
modified,.\Records\file_access_log\file_access_log_2025-01-11_13-15-33.csv,1736581562.3090773,False,9120a7b7b03df020aec1c6d45901a587
modified,.\Records\file_access_log\file_access_log_2025-01-11_13-15-33.csv,1736581562.3290246,False,70c8db97fabf1a88a65cdcbc188d1093
modified,.\Records\file_access_log\file_access_log_2025-01-11_13-15-33.csv,1736581562.3479745,False,8676eb90708c1c265768dec05d778cc3
modified,.\Records\file_access_log\file_access_log_2025-01-11_13-15-33.csv,1736581562.367921,False,2d7e4b951206cb5c9e41cbbb07656a24
modified,.\Records\mouse_data_log\mouse_data_log_2025-01-11_13-15-33.csv,1736581562.3898633,False,c29b0434645aa8da3383c91ca70627c3
modified,.\Records\file_access_log\file_access_log_2025-01-11_13-15-33.csv,1736581562.4068177,False,a8f20b765898bb665c3a04908486a8af
modified,.\Records\mouse_data_log\mouse_data_log_2025-01-11_13-15-33.csv,1736581562.425764,False,c1c3f369fdedb9405c75212a76451b3f
modified,.\Records\file_access_log\file_access_log_2025-01-11_13-15-33.csv,1736581562.4487057,False,6c9b260583f2d92faffbe3519385cfc2
modified,.\Records\mouse_data_log\mouse_data_log_2025-01-11_13-15-33.csv,1736581562.473637,False,1241bde2f107b108973d7359fc71f57d
modified,.\Records\file_access_log\file_access_log_2025-01-11_13-15-33.csv,1736581562.4935834,False,94cefa8af7933b1cb13c2e953c540aba
modified,.\Records\mouse_data_log\mouse_data_log_2025-01-11_13-15-33.csv,1736581562.5055523,False,141d46af1fe7edfdcea924df5181d5fe
modified,.\Records\file_access_log\file_access_log_2025-01-11_13-15-33.csv,1736581562.523507,False,60367745d97c55b0723c2e95df741eae
modified,.\Records\mouse_data_log\mouse_data_log_2025-01-11_13-15-33.csv,1736581562.5464423,False,1d7c32c941be6686ed35c2bb9ad757e5
modified,.\Records\file_access_log\file_access_log_2025-01-11_13-15-33.csv,1736581562.5733705,False,1e6cf12998ccf3b569a7cdae4da6acad
modified,.\Records\mouse_data_log\mouse_data_log_2025-01-11_13-15-33.csv,1736581562.5953119,False,272036bf9395e64cea9046a54c956f41
modified,.\Records\file_access_log\file_access_log_2025-01-11_13-15-33.csv,1736581562.6162555,False,6fabf87519094de72ea234eded5fad08
modified,.\Records\mouse_data_log\mouse_data_log_2025-01-11_13-15-33.csv,1736581562.635207,False,2e4b47a8715d3f5568b68c50bd9a1237
modified,.\Records\file_access_log\file_access_log_2025-01-11_13-15-33.csv,1736581562.6551516,False,fe5e44b1979ac064b7f0c5520cd05608
modified,.\Records\mouse_data_log\mouse_data_log_2025-01-11_13-15-33.csv,1736581562.6780913,False,8508505e9ae5b22351ffbca81a951ba5
modified,.\Records\file_access_log\file_access_log_2025-01-11_13-15-33.csv,1736581562.6990335,False,945cc3045e36264638a1f0d270b7a45d
modified,.\Records\mouse_data_log\mouse_data_log_2025-01-11_13-15-33.csv,1736581562.7129967,False,26dbeddd824de4d20d1f658f4dcbac8b
modified,.\Records\file_access_log\file_access_log_2025-01-11_13-15-33.csv,1736581562.7319477,False,cf4d6286191a9ad440ca29ba8b146df2
modified,.\Records\mouse_data_log\mouse_data_log_2025-01-11_13-15-33.csv,1736581562.7329464,False,26dbeddd824de4d20d1f658f4dcbac8b
modified,.\Records\file_access_log\file_access_log_2025-01-11_13-15-33.csv,1736581562.7518926,False,316d51d68fa59bb6d5a69b28725507e3
modified,.\Records\mouse_data_log\mouse_data_log_2025-01-11_13-15-33.csv,1736581562.7778258,False,8de05097fa6aed5f0d2ee57fc4bd958d
modified,.\Records\file_access_log\file_access_log_2025-01-11_13-15-33.csv,1736581562.79777,False,71556d13e0fe9e8938939d093919721c
modified,.\Records\mouse_data_log\mouse_data_log_2025-01-11_13-15-33.csv,1736581562.8177197,False,c4d2ebdcf9724576e86399718b5eb3e0
modified,.\Records\file_access_log\file_access_log_2025-01-11_13-15-33.csv,1736581562.8346753,False,8ee610e593f0544750726c2669fb5f87
modified,.\Records\mouse_data_log\mouse_data_log_2025-01-11_13-15-33.csv,1736581562.8606026,False,e9539dbd466783d2b65f9d57aceb2dfc
modified,.\Records\file_access_log\file_access_log_2025-01-11_13-15-33.csv,1736581562.8865347,False,774a08cf32838ca16385aa47e3e5ffbc
modified,.\Records\mouse_data_log\mouse_data_log_2025-01-11_13-15-33.csv,1736581562.910468,False,c7858182ffac49afd80098d6e6c80567
modified,.\Records\file_access_log\file_access_log_2025-01-11_13-15-33.csv,1736581562.9304166,False,12fd497431362d2df8fee44caecefce8
modified,.\Records\mouse_data_log\mouse_data_log_2025-01-11_13-15-33.csv,1736581562.9543526,False,8862f2853732b1b6317717518ce8e8ca
modified,.\Records\file_access_log\file_access_log_2025-01-11_13-15-33.csv,1736581562.9713051,False,bd6bdc800dbe780f7dc2ca9c6cbca7e2
modified,.\Records\mouse_data_log\mouse_data_log_2025-01-11_13-15-33.csv,1736581563.000229,False,f6a08b108fa1d0737ebea9ff97149e15
modified,.\Records\file_access_log\file_access_log_2025-01-11_13-15-33.csv,1736581563.0211716,False,711b5e10d37a9c9cad38650434004c77
modified,.\Records\mouse_data_log\mouse_data_log_2025-01-11_13-15-33.csv,1736581563.0421166,False,9b6182c11789306f67417c87edaa2b05
modified,.\Records\file_access_log\file_access_log_2025-01-11_13-15-33.csv,1736581563.0640595,False,f2721ab31b645212b66c37d98e3e2584
modified,.\Records\mouse_data_log\mouse_data_log_2025-01-11_13-15-33.csv,1736581563.0880055,False,82af7b31be6d6833485c121214d4031b
modified,.\Records\file_access_log\file_access_log_2025-01-11_13-15-33.csv,1736581563.1089377,False,4a7e764f119d62d433b1efb1d0ae2d83
modified,.\Records\mouse_data_log\mouse_data_log_2025-01-11_13-15-33.csv,1736581563.1328745,False,34c0e8e27345104b9f624ebd198d1ef2
modified,.\Records\file_access_log\file_access_log_2025-01-11_13-15-33.csv,1736581563.1518226,False,2800f9c63753d152e2202fd8f41d3472
modified,.\Records\mouse_data_log\mouse_data_log_2025-01-11_13-15-33.csv,1736581563.1777534,False,5c0780af168e8b54872ae0d71138cbc5
modified,.\Records\file_access_log\file_access_log_2025-01-11_13-15-33.csv,1736581563.1957042,False,999c42a64f7169be80ec2bf3d878cfc3
modified,.\Records\mouse_data_log\mouse_data_log_2025-01-11_13-15-33.csv,1736581563.2186437,False,46b9e487b3119f561b90e1a74875ac4b
modified,.\Records\file_access_log\file_access_log_2025-01-11_13-15-33.csv,1736581563.2425835,False,e43be522c92eb81d08f6cd4619943110
modified,.\Records\mouse_data_log\mouse_data_log_2025-01-11_13-15-33.csv,1736581563.264522,False,05bb9d866fbeaa484bd47fb05260ccde
modified,.\Records\file_access_log\file_access_log_2025-01-11_13-15-33.csv,1736581563.2864664,False,487e15a5764fb4e7b056c6807dff86c5
modified,.\Records\mouse_data_log\mouse_data_log_2025-01-11_13-15-33.csv,1736581563.3123949,False,5b238e1150b86fd5d5520e507b0f44d1
modified,.\Records\file_access_log\file_access_log_2025-01-11_13-15-33.csv,1736581563.3323402,False,ad3c146b3270e921ed3cc8e097d9b027
modified,.\Records\mouse_data_log\mouse_data_log_2025-01-11_13-15-33.csv,1736581563.3552792,False,7aeca701595d87e1edfd079532311de8
modified,.\Records\file_access_log\file_access_log_2025-01-11_13-15-33.csv,1736581563.372235,False,135ca4f4f1cedcd27ae40c3c6b7e6863
modified,.\Records\mouse_data_log\mouse_data_log_2025-01-11_13-15-33.csv,1736581563.3951724,False,7aeca701595d87e1edfd079532311de8
modified,.\Records\file_access_log\file_access_log_2025-01-11_13-15-33.csv,1736581563.415122,False,c452efa942224ffa5bcfacbc293eecd5
modified,.\Records\mouse_data_log\mouse_data_log_2025-01-11_13-15-33.csv,1736581563.4300787,False,931050cb5171134ab5ea47df017662a0
modified,.\Records\file_access_log\file_access_log_2025-01-11_13-15-33.csv,1736581563.4530194,False,7814c1d0ea138c792078b4ce2fa524ec
modified,.\Records\mouse_data_log\mouse_data_log_2025-01-11_13-15-33.csv,1736581563.4669807,False,fa7086169a1dd8e9fb4184323388ae1d
modified,.\Records\file_access_log\file_access_log_2025-01-11_13-15-33.csv,1736581563.4889243,False,4b008d839914bc346ba09d639d15f6c4
modified,.\Records\mouse_data_log\mouse_data_log_2025-01-11_13-15-33.csv,1736581563.5128577,False,395d0fa0f7d032ede3de7840d907ed78
modified,.\Records\file_access_log\file_access_log_2025-01-11_13-15-33.csv,1736581563.530811,False,5711627283ff93598f4a4688e1ae30b1
modified,.\Records\mouse_data_log\mouse_data_log_2025-01-11_13-15-33.csv,1736581563.5477638,False,08d260e5946c263a4503f84e29629b9c
modified,.\Records\file_access_log\file_access_log_2025-01-11_13-15-33.csv,1736581563.5667152,False,779299900283aa7d6146d4c63c70ef86
modified,.\Records\mouse_data_log\mouse_data_log_2025-01-11_13-15-33.csv,1736581563.5677102,False,08d260e5946c263a4503f84e29629b9c
modified,.\Records\file_access_log\file_access_log_2025-01-11_13-15-33.csv,1736581563.5826716,False,21d51f9e83d5c4959550613f1ad9ebf4
modified,.\Records\mouse_data_log\mouse_data_log_2025-01-11_13-15-33.csv,1736581563.599627,False,d6934190d8fbb3c768b7c0d6cf04f788
modified,.\Records\file_access_log\file_access_log_2025-01-11_13-15-33.csv,1736581563.6175766,False,492305488003b473fd9e7e2a437ba06b
modified,.\Records\mouse_data_log\mouse_data_log_2025-01-11_13-15-33.csv,1736581563.6185741,False,d6934190d8fbb3c768b7c0d6cf04f788
modified,.\Records\file_access_log\file_access_log_2025-01-11_13-15-33.csv,1736581563.640515,False,678110b53e47129e7fc31b6c50053e06
modified,.\Records\mouse_data_log\mouse_data_log_2025-01-11_13-15-33.csv,1736581563.6594653,False,ebc32dd619fb9b3f5562bd04eebc715a
modified,.\Records\file_access_log\file_access_log_2025-01-11_13-15-33.csv,1736581563.679414,False,9e8becea48a382167226f3c40f2319d5
modified,.\Records\mouse_data_log\mouse_data_log_2025-01-11_13-15-33.csv,1736581563.6983607,False,1c882285aeecd15441e7b79a5652cf8f
modified,.\Records\file_access_log\file_access_log_2025-01-11_13-15-33.csv,1736581563.718307,False,09f8c0ac2171ff5faf8633aa2c410e40
modified,.\Records\mouse_data_log\mouse_data_log_2025-01-11_13-15-33.csv,1736581563.7412467,False,bbbb7580bca7fd3ed259baba1ce008bd
modified,.\Records\file_access_log\file_access_log_2025-01-11_13-15-33.csv,1736581563.7582054,False,7f318d6cd4cb20fb3b3b1889316107d3
modified,.\Records\mouse_data_log\mouse_data_log_2025-01-11_13-15-33.csv,1736581563.7591987,False,bbbb7580bca7fd3ed259baba1ce008bd
modified,.\Records\file_access_log\file_access_log_2025-01-11_13-15-33.csv,1736581563.7721646,False,6a9c2a8ff94a9bbe52fd67fdeb306936
modified,.\Records\mouse_data_log\mouse_data_log_2025-01-11_13-15-33.csv,1736581563.773161,False,bbbb7580bca7fd3ed259baba1ce008bd
modified,.\Records\file_access_log\file_access_log_2025-01-11_13-15-33.csv,1736581563.7891183,False,8c04fb067f9c4514ace40185719bf758
modified,.\Records\mouse_data_log\mouse_data_log_2025-01-11_13-15-33.csv,1736581563.8020883,False,10ab202195ca364ca36fa35f1ce2c7bd
modified,.\Records\file_access_log\file_access_log_2025-01-11_13-15-33.csv,1736581563.824025,False,2baed21b4a63f500dbb13c6425ed8854
modified,.\Records\mouse_data_log\mouse_data_log_2025-01-11_13-15-33.csv,1736581563.849955,False,058e5f3d2bd3b1b665227c4f3dc17521
modified,.\Records\file_access_log\file_access_log_2025-01-11_13-15-33.csv,1736581563.9207652,False,0588e585dad6908828b0102ec866b76e
modified,.\Records\mouse_data_log\mouse_data_log_2025-01-11_13-15-33.csv,1736581563.9895813,False,58f28879e494a8579cc2a23e6cd10e64
modified,.\Records\file_access_log\file_access_log_2025-01-11_13-15-33.csv,1736581564.026483,False,d6f3828cb4f09fb5bc89173f2a173a5a
modified,.\Records\mouse_data_log\mouse_data_log_2025-01-11_13-15-33.csv,1736581564.0494213,False,f987e3fa1b6afde0148052850ca44f57
modified,.\Records\file_access_log\file_access_log_2025-01-11_13-15-33.csv,1736581564.0723605,False,d6295aac8d0c7ac2c2a26021d1922645
modified,.\Records\mouse_data_log\mouse_data_log_2025-01-11_13-15-33.csv,1736581564.0952992,False,d32ce367265712155276836e15eca862
modified,.\Records\file_access_log\file_access_log_2025-01-11_13-15-33.csv,1736581564.1222277,False,205292018c6996ad77521f2c31dbdf9e
modified,.\Records\mouse_data_log\mouse_data_log_2025-01-11_13-15-33.csv,1736581564.143171,False,67f8eaa628ebda81d8ac10df3b261c8c
modified,.\Records\file_access_log\file_access_log_2025-01-11_13-15-33.csv,1736581564.1661172,False,989d01c65d8da572b111468317de17b6
modified,.\Records\mouse_data_log\mouse_data_log_2025-01-11_13-15-33.csv,1736581564.19204,False,df97037451d662034d4ee6f23254cbfd
modified,.\Records\file_access_log\file_access_log_2025-01-11_13-15-33.csv,1736581564.5889776,False,36337657b5083089b4ccbd6be96c32fb
modified,.\Records\mouse_data_log\mouse_data_log_2025-01-11_13-15-33.csv,1736581564.6548045,False,c4812908605b70d992759e152a5c71d6
modified,.\Records\file_access_log\file_access_log_2025-01-11_13-15-33.csv,1736581564.8672338,False,d491915db27f555bc839d919965e0799
modified,.\Records\mouse_data_log\mouse_data_log_2025-01-11_13-15-33.csv,1736581564.9171002,False,2bcd41d6dfc14dbd06a991b803915e87
modified,.\Records\file_access_log\file_access_log_2025-01-11_13-15-33.csv,1736581564.9420347,False,c6da52cf5cf20f2cbf8824b9094951bf
modified,.\Records\mouse_data_log\mouse_data_log_2025-01-11_13-15-33.csv,1736581565.983251,False,9878aacf15881abafcff5f750eb0175e
modified,.\Records\file_access_log\file_access_log_2025-01-11_13-15-33.csv,1736581566.3971424,False,9488b41dd2f0014f0e19e63af83bd282
modified,.\Records\mouse_data_log\mouse_data_log_2025-01-11_13-15-33.csv,1736581566.5666888,False,1bb5214cc3beebd22b1890b325e48227
modified,.\Records\file_access_log\file_access_log_2025-01-11_13-15-33.csv,1736581566.6065812,False,7d4cf6902584e6a7b5fa2fb37ad66797
modified,.\Records\mouse_data_log\mouse_data_log_2025-01-11_13-15-33.csv,1736581566.6414874,False,8c450b991acd36d301bfcb50ca124c2e
modified,.\Records\file_access_log\file_access_log_2025-01-11_13-15-33.csv,1736581566.6684153,False,658d205f9f5f42a395dd3ff6f01ad8dc
modified,.\Records\mouse_data_log\mouse_data_log_2025-01-11_13-15-33.csv,1736581566.7083085,False,31eefbc80f28b5fd4177ca3ae3a768f6
modified,.\Records\file_access_log\file_access_log_2025-01-11_13-15-33.csv,1736581566.7452114,False,8fa2ffc56e10a7873578174763920aa4
modified,.\Records\mouse_data_log\mouse_data_log_2025-01-11_13-15-33.csv,1736581566.7801182,False,e8b197ab36b1181f1366fb4c4aa70e00
modified,.\Records\file_access_log\file_access_log_2025-01-11_13-15-33.csv,1736581566.798069,False,0c3a4e736f46910b1acf833a493ecc2b
modified,.\Records\mouse_data_log\mouse_data_log_2025-01-11_13-15-33.csv,1736581566.840955,False,e8b197ab36b1181f1366fb4c4aa70e00
modified,.\Records\file_access_log\file_access_log_2025-01-11_13-15-33.csv,1736581566.8997967,False,c17cfccb991ee600960e603776e3354e
modified,.\Records\mouse_data_log\mouse_data_log_2025-01-11_13-15-33.csv,1736581566.9646363,False,a1d461524085df0e8d713aec9840c843
modified,.\Records\file_access_log\file_access_log_2025-01-11_13-15-33.csv,1736581566.98457,False,67242fba126086e6cfac5ad74d84814c
modified,.\Records\mouse_data_log\mouse_data_log_2025-01-11_13-15-33.csv,1736581567.035434,False,e2f1ddf1fb5eceb63be044ec43ace8d7
modified,.\Records\file_access_log\file_access_log_2025-01-11_13-15-33.csv,1736581567.060368,False,8ca50f352435d7b62ca74583cdb5df92
modified,.\Records\mouse_data_log\mouse_data_log_2025-01-11_13-15-33.csv,1736581567.061367,False,e2f1ddf1fb5eceb63be044ec43ace8d7
modified,.\Records\file_access_log\file_access_log_2025-01-11_13-15-33.csv,1736581567.093287,False,0a451e1fe70ecfab76d0d729e28af51c
modified,.\Records\mouse_data_log\mouse_data_log_2025-01-11_13-15-33.csv,1736581567.1162305,False,c1d72e270db04d69687041254305763d
modified,.\Records\file_access_log\file_access_log_2025-01-11_13-15-33.csv,1736581567.1401536,False,d0888831f1fc49d022b8ed30bb006767
modified,.\Records\mouse_data_log\mouse_data_log_2025-01-11_13-15-33.csv,1736581567.1710718,False,9a3e657ff6429e9c4a7ed0fdfdc06e0a
modified,.\Records\file_access_log\file_access_log_2025-01-11_13-15-33.csv,1736581567.2009926,False,1cf824caea7a8054787e18dc92b3dcaf
modified,.\Records\mouse_data_log\mouse_data_log_2025-01-11_13-15-33.csv,1736581567.2279413,False,3b38af195c4d7450adee613afbd3d243
modified,.\Records\file_access_log\file_access_log_2025-01-11_13-15-33.csv,1736581567.252853,False,b7ad17d72f211efc9934725e557d2b77
modified,.\Records\mouse_data_log\mouse_data_log_2025-01-11_13-15-33.csv,1736581567.2807777,False,ab5fd92c03d8b4f2759e47c40d2d20c3
modified,.\Records\file_access_log\file_access_log_2025-01-11_13-15-33.csv,1736581567.3027177,False,32b41d7f972f0f6f30ab079811773bb9
modified,.\Records\mouse_data_log\mouse_data_log_2025-01-11_13-15-33.csv,1736581567.3296485,False,ae37fd82dd4fc3c54f8fd8fd22f167be
modified,.\Records\file_access_log\file_access_log_2025-01-11_13-15-33.csv,1736581567.352586,False,f53adf19eae57e1ce08fad339beb8856
modified,.\Records\mouse_data_log\mouse_data_log_2025-01-11_13-15-33.csv,1736581567.3675485,False,2dd94d446ab27262726d61e9ce909438
modified,.\Records\file_access_log\file_access_log_2025-01-11_13-15-33.csv,1736581567.3874917,False,3e469c1ecfc76e09eb3858cd6c6352a5
modified,.\Records\mouse_data_log\mouse_data_log_2025-01-11_13-15-33.csv,1736581567.4064422,False,ff195540c61f73f352e684e388d9a441
modified,.\Records\file_access_log\file_access_log_2025-01-11_13-15-33.csv,1736581567.4283829,False,86c502d4f64539850c2007b8949e8d92
modified,.\Records\mouse_data_log\mouse_data_log_2025-01-11_13-15-33.csv,1736581567.445338,False,482028ec1a1431ff0846591eb71ad09c
modified,.\Records\file_access_log\file_access_log_2025-01-11_13-15-33.csv,1736581567.4573054,False,a7934d8b8413fa61b50496a0472e8f0c
modified,.\Records\mouse_data_log\mouse_data_log_2025-01-11_13-15-33.csv,1736581567.4832363,False,c57a96e926a177fb1b5aeba8135a61bb
modified,.\Records\file_access_log\file_access_log_2025-01-11_13-15-33.csv,1736581567.4991934,False,3af20a1a7ba833f0db535c7e4c01aa68
modified,.\Records\mouse_data_log\mouse_data_log_2025-01-11_13-15-33.csv,1736581567.5191433,False,f0ca0afc6f94d4081a1b2ca93bad17e6
modified,.\Records\file_access_log\file_access_log_2025-01-11_13-15-33.csv,1736581567.5321066,False,1c69aa1d654e43f8cbcdacd782e3fec2
modified,.\Records\mouse_data_log\mouse_data_log_2025-01-11_13-15-33.csv,1736581567.5480683,False,f0ca0afc6f94d4081a1b2ca93bad17e6
modified,.\Records\file_access_log\file_access_log_2025-01-11_13-15-33.csv,1736581567.5660148,False,931bcbad6c19da0732325be8dc72788e
modified,.\Records\mouse_data_log\mouse_data_log_2025-01-11_13-15-33.csv,1736581567.5680115,False,f0ca0afc6f94d4081a1b2ca93bad17e6
modified,.\Records\file_access_log\file_access_log_2025-01-11_13-15-33.csv,1736581567.5839677,False,2b9329db390bb5a4ef62e7acc4fbb0e8
modified,.\Records\mouse_data_log\mouse_data_log_2025-01-11_13-15-33.csv,1736581567.5849645,False,f0ca0afc6f94d4081a1b2ca93bad17e6
modified,.\Records\file_access_log\file_access_log_2025-01-11_13-15-33.csv,1736581567.5969343,False,6a15a39b1cedd920c5e9177189c5f62f
modified,.\Records\mouse_data_log\mouse_data_log_2025-01-11_13-15-33.csv,1736581567.597931,False,f0ca0afc6f94d4081a1b2ca93bad17e6
modified,.\Records\file_access_log\file_access_log_2025-01-11_13-15-33.csv,1736581567.6178796,False,0e7001b15ba19d787ea4ffc43c391431
modified,.\Records\mouse_data_log\mouse_data_log_2025-01-11_13-15-33.csv,1736581567.6597667,False,fa1ee963525240b620e275a73579bd85
modified,.\Records\file_access_log\file_access_log_2025-01-11_13-15-33.csv,1736581567.6797116,False,5b4361fedf38d4db8861e0b28336633b
modified,.\Records\mouse_data_log\mouse_data_log_2025-01-11_13-15-33.csv,1736581567.6807103,False,fa1ee963525240b620e275a73579bd85
modified,.\Records\file_access_log\file_access_log_2025-01-11_13-15-33.csv,1736581567.699658,False,0d4b0f84a88aef7325b201283d8089b1
modified,.\Records\mouse_data_log\mouse_data_log_2025-01-11_13-15-33.csv,1736581567.7006545,False,fa1ee963525240b620e275a73579bd85
modified,.\Records\file_access_log\file_access_log_2025-01-11_13-15-33.csv,1736581567.7215989,False,06586ba68f36cd2576e1a38841e1ffb1
modified,.\Records\mouse_data_log\mouse_data_log_2025-01-11_13-15-33.csv,1736581567.7644832,False,23a5b8ae2d2963ae82e30227e7d4844c
modified,.\Records\file_access_log\file_access_log_2025-01-11_13-15-33.csv,1736581567.7874227,False,d1f83ac55ceca4783e141dcaed90c222
modified,.\Records\mouse_data_log\mouse_data_log_2025-01-11_13-15-33.csv,1736581567.814352,False,d3711f9a84fd255af33fd2c2c0951b86
modified,.\Records\file_access_log\file_access_log_2025-01-11_13-15-33.csv,1736581567.8362923,False,f74d01f23569178474360f4573fd2889
modified,.\Records\mouse_data_log\mouse_data_log_2025-01-11_13-15-33.csv,1736581567.8662117,False,5d5527555a3ed44807bce006fec1490b
modified,.\Records\file_access_log\file_access_log_2025-01-11_13-15-33.csv,1736581567.9958646,False,7687eda30fc70f6bae0fceb2ba60379a
modified,.\Records\mouse_data_log\mouse_data_log_2025-01-11_13-15-33.csv,1736581568.020799,False,e354fac98f742c3b0a6c63a28729f846
modified,.\Records\file_access_log\file_access_log_2025-01-11_13-15-33.csv,1736581568.047726,False,f1fb27949ae14ed3c24a163ea68835db
modified,.\Records\mouse_data_log\mouse_data_log_2025-01-11_13-15-33.csv,1736581568.064683,False,e354fac98f742c3b0a6c63a28729f846
modified,.\Records\file_access_log\file_access_log_2025-01-11_13-15-33.csv,1736581568.0856264,False,bd9ac0de677542733e3291ed62dfb44b
modified,.\Records\mouse_data_log\mouse_data_log_2025-01-11_13-15-33.csv,1736581568.1165488,False,4f11b499eecd0936c7fb311122efebce
modified,.\Records\file_access_log\file_access_log_2025-01-11_13-15-33.csv,1736581568.141475,False,d45494da2013c63592f2cbf134863433
modified,.\Records\mouse_data_log\mouse_data_log_2025-01-11_13-15-33.csv,1736581568.1654115,False,eb95713503d585f3d7b5e772045cc314
modified,.\Records\file_access_log\file_access_log_2025-01-11_13-15-33.csv,1736581568.185359,False,de5f6d1e152180bdd106da74ea347b10
modified,.\Records\mouse_data_log\mouse_data_log_2025-01-11_13-15-33.csv,1736581568.2132845,False,e35d31033408039cb680bbb939846541
modified,.\Records\file_access_log\file_access_log_2025-01-11_13-15-33.csv,1736581568.2372215,False,ebc5b360226811e3d0a7fd4dfc607d94
modified,.\Records\mouse_data_log\mouse_data_log_2025-01-11_13-15-33.csv,1736581568.2661424,False,d01a76fdaa9ff212a30232e5fda8f10a
modified,.\Records\file_access_log\file_access_log_2025-01-11_13-15-33.csv,1736581568.2880847,False,67ea2ae92f59bec0a6adb09e54697b40
modified,.\Records\mouse_data_log\mouse_data_log_2025-01-11_13-15-33.csv,1736581568.3040466,False,20cd60fbae7e49a7616a1fbe68bc2ff9
modified,.\Records\file_access_log\file_access_log_2025-01-11_13-15-33.csv,1736581568.319999,False,29f6da11ecdc6209973eabf71dc9b0ec
modified,.\Records\mouse_data_log\mouse_data_log_2025-01-11_13-15-33.csv,1736581568.3209958,False,20cd60fbae7e49a7616a1fbe68bc2ff9
modified,.\Records\file_access_log\file_access_log_2025-01-11_13-15-33.csv,1736581568.3389492,False,31300368daa7ebb119a00ef97c1e3fab
modified,.\Records\mouse_data_log\mouse_data_log_2025-01-11_13-15-33.csv,1736581568.3399482,False,20cd60fbae7e49a7616a1fbe68bc2ff9
modified,.\Records\file_access_log\file_access_log_2025-01-11_13-15-33.csv,1736581568.3578956,False,681239b492e109d5cae9ac5157d4f7bd
modified,.\Records\mouse_data_log\mouse_data_log_2025-01-11_13-15-33.csv,1736581568.379838,False,08ebe34daf5f4b11d85551e8baf13792
modified,.\Records\file_access_log\file_access_log_2025-01-11_13-15-33.csv,1736581568.3997855,False,75fde5226164eff6197283f5676fa2ef
modified,.\Records\mouse_data_log\mouse_data_log_2025-01-11_13-15-33.csv,1736581568.4207292,False,c5956780bfd498d5e61ff197bb752e77
modified,.\Records\file_access_log\file_access_log_2025-01-11_13-15-33.csv,1736581568.4466584,False,10450b63165f3910c860539b3fe64fac
modified,.\Records\mouse_data_log\mouse_data_log_2025-01-11_13-15-33.csv,1736581568.463617,False,7149212d077166ee3a78d64bd671ab3e
modified,.\Records\file_access_log\file_access_log_2025-01-11_13-15-33.csv,1736581568.4785755,False,4b0be79e490274b6f64d72c3201ff664
modified,.\Records\mouse_data_log\mouse_data_log_2025-01-11_13-15-33.csv,1736581568.4975233,False,3b442a5ff78db52c099115a0d8920771
modified,.\Records\file_access_log\file_access_log_2025-01-11_13-15-33.csv,1736581568.515474,False,f216ed0f11a6dc0458b78081aa39cd6d
modified,.\Records\mouse_data_log\mouse_data_log_2025-01-11_13-15-33.csv,1736581568.5453942,False,551b6ff479944edcab364308db68cadb
modified,.\Records\file_access_log\file_access_log_2025-01-11_13-15-33.csv,1736581568.5663404,False,4fde70e4d879b686d256dad728bfbaaf
modified,.\Records\mouse_data_log\mouse_data_log_2025-01-11_13-15-33.csv,1736581568.5892775,False,6d270bf55afb97d36a666e37a99e34dd
modified,.\Records\file_access_log\file_access_log_2025-01-11_13-15-33.csv,1736581568.6022427,False,499bc15cd6c7aa2f1a524cc109f988d0
modified,.\Records\mouse_data_log\mouse_data_log_2025-01-11_13-15-33.csv,1736581568.6301703,False,2b163799dd0511c327fda0eb291b8e4e
modified,.\Records\file_access_log\file_access_log_2025-01-11_13-15-33.csv,1736581568.6541042,False,8a3fae73c2e2496ff56781f04d10cf66
modified,.\Records\mouse_data_log\mouse_data_log_2025-01-11_13-15-33.csv,1736581568.6770444,False,6d054566a7433d4407110aa2b630e201
modified,.\Records\file_access_log\file_access_log_2025-01-11_13-15-33.csv,1736581568.6959922,False,87d20e75ba8310167b425eb8c4b2cb39
modified,.\Records\mouse_data_log\mouse_data_log_2025-01-11_13-15-33.csv,1736581568.7119489,False,6f5f7bddc7d444e4676fb136e0321b89
modified,.\Records\file_access_log\file_access_log_2025-01-11_13-15-33.csv,1736581568.7338908,False,0a29d558e4b34ba5a262b849fe751e03
modified,.\Records\mouse_data_log\mouse_data_log_2025-01-11_13-15-33.csv,1736581568.761818,False,20e7822d97780173faefceda72ddfb31
modified,.\Records\file_access_log\file_access_log_2025-01-11_13-15-33.csv,1736581568.779768,False,93cb06ec0f23956aa66e8c9c6b2a5aae
modified,.\Records\mouse_data_log\mouse_data_log_2025-01-11_13-15-33.csv,1736581568.8027067,False,770e9d7e80ea7757305fb536f782ea78
modified,.\Records\file_access_log\file_access_log_2025-01-11_13-15-33.csv,1736581568.8256478,False,d914cac42e537a19c9fb083664e6f2e7
modified,.\Records\mouse_data_log\mouse_data_log_2025-01-11_13-15-33.csv,1736581568.8485842,False,a4651556f8e1108347dc4090df1cdce3
modified,.\Records\file_access_log\file_access_log_2025-01-11_13-15-33.csv,1736581568.864542,False,1cd4e3e432246a9da01d51cb85cd310f
modified,.\Records\mouse_data_log\mouse_data_log_2025-01-11_13-15-33.csv,1736581568.888477,False,93ff7a1e613285faf9660b71a4a7818c
modified,.\Records\file_access_log\file_access_log_2025-01-11_13-15-33.csv,1736581568.9114153,False,29ec7c638a757e87b301819f5d7229e5
modified,.\Records\mouse_data_log\mouse_data_log_2025-01-11_13-15-33.csv,1736581568.9353538,False,052fe5db018fa1773291464f940f5f9c
modified,.\Records\file_access_log\file_access_log_2025-01-11_13-15-33.csv,1736581568.955299,False,0a3062d24a528d10d9dd3d3fda9732c4
modified,.\Records\mouse_data_log\mouse_data_log_2025-01-11_13-15-33.csv,1736581568.973253,False,97275aabe7054e330905005c49dfbeca
modified,.\Records\file_access_log\file_access_log_2025-01-11_13-15-33.csv,1736581569.0021727,False,5a16b87fe68c5490405594c3eaa87d9d
modified,.\Records\mouse_data_log\mouse_data_log_2025-01-11_13-15-33.csv,1736581569.0031705,False,97275aabe7054e330905005c49dfbeca
modified,.\Records\file_access_log\file_access_log_2025-01-11_13-15-33.csv,1736581569.0330904,False,5e27da4dc85ef761347eff88dceca3da
modified,.\Records\mouse_data_log\mouse_data_log_2025-01-11_13-15-33.csv,1736581569.0570278,False,48696907215238d53087dce1d1dcee6a
modified,.\Records\file_access_log\file_access_log_2025-01-11_13-15-33.csv,1736581569.0739813,False,a86af710beceb680fb1e7e139edeb363
modified,.\Records\mouse_data_log\mouse_data_log_2025-01-11_13-15-33.csv,1736581569.0929296,False,00e68b295ac1da6d3c14d50b3e8f43af
modified,.\Records\file_access_log\file_access_log_2025-01-11_13-15-33.csv,1736581569.1128778,False,c8843f642acb8736c76e8ecbfcfb73d1
modified,.\Records\mouse_data_log\mouse_data_log_2025-01-11_13-15-33.csv,1736581569.1368127,False,5e60f99545eb550b60454d268513f77c
modified,.\Records\file_access_log\file_access_log_2025-01-11_13-15-33.csv,1736581569.1567607,False,68da2fafdb5f2254f6245164357b643f
modified,.\Records\mouse_data_log\mouse_data_log_2025-01-11_13-15-33.csv,1736581569.1777048,False,2480d9011ac0ad83fbb20f5742d4557f
modified,.\Records\file_access_log\file_access_log_2025-01-11_13-15-33.csv,1736581569.1996458,False,fbb423d8b3ef837890fe13412e3f03cf
modified,.\Records\mouse_data_log\mouse_data_log_2025-01-11_13-15-33.csv,1736581569.2215862,False,cf4d8aa725a1e1ad05690b87f9a5196a
modified,.\Records\file_access_log\file_access_log_2025-01-11_13-15-33.csv,1736581569.2425303,False,31fa4444965a89c0ae2deab16960fcaa
modified,.\Records\mouse_data_log\mouse_data_log_2025-01-11_13-15-33.csv,1736581569.2634747,False,e00924f1083ab15f5eb12607e5f15727
modified,.\Records\file_access_log\file_access_log_2025-01-11_13-15-33.csv,1736581569.2814288,False,d294a88511ce166e296d52e289fc61da
modified,.\Records\mouse_data_log\mouse_data_log_2025-01-11_13-15-33.csv,1736581569.3013732,False,e00924f1083ab15f5eb12607e5f15727
modified,.\Records\file_access_log\file_access_log_2025-01-11_13-15-33.csv,1736581569.323315,False,2d70c66e3e441df9978492156b438651
modified,.\Records\mouse_data_log\mouse_data_log_2025-01-11_13-15-33.csv,1736581569.3243115,False,e00924f1083ab15f5eb12607e5f15727
modified,.\Records\file_access_log\file_access_log_2025-01-11_13-15-33.csv,1736581569.342265,False,e4c238bc9d41c57c74c862d3d4528688
modified,.\Records\mouse_data_log\mouse_data_log_2025-01-11_13-15-33.csv,1736581569.3442583,False,e00924f1083ab15f5eb12607e5f15727
modified,.\Records\file_access_log\file_access_log_2025-01-11_13-15-33.csv,1736581569.364205,False,a88a0d1f210bc04e49848d074f4be2ad
modified,.\Records\mouse_data_log\mouse_data_log_2025-01-11_13-15-33.csv,1736581569.3811638,False,88ff75b67c37a0afdd71685730f0fc82
modified,.\Records\file_access_log\file_access_log_2025-01-11_13-15-33.csv,1736581569.3951223,False,6b69d3abc643bd2d52cccb5ee3a8edd6
modified,.\Records\mouse_data_log\mouse_data_log_2025-01-11_13-15-33.csv,1736581569.3961203,False,88ff75b67c37a0afdd71685730f0fc82
modified,.\Records\file_access_log\file_access_log_2025-01-11_13-15-33.csv,1736581569.4150708,False,c1dab175b7cdafb5d5245feb070cdf3f
modified,.\Records\mouse_data_log\mouse_data_log_2025-01-11_13-15-33.csv,1736581569.4160674,False,88ff75b67c37a0afdd71685730f0fc82
modified,.\Records\file_access_log\file_access_log_2025-01-11_13-15-33.csv,1736581569.4290314,False,78528e85f481ab73523a86702a4c84e8
modified,.\Records\mouse_data_log\mouse_data_log_2025-01-11_13-15-33.csv,1736581569.43003,False,88ff75b67c37a0afdd71685730f0fc82
modified,.\Records\file_access_log\file_access_log_2025-01-11_13-15-33.csv,1736581569.44499,False,daa968634beb0e471f716057460d31ee
modified,.\Records\mouse_data_log\mouse_data_log_2025-01-11_13-15-33.csv,1736581569.4469852,False,88ff75b67c37a0afdd71685730f0fc82
modified,.\Records\file_access_log\file_access_log_2025-01-11_13-15-33.csv,1736581569.4599535,False,c0fc3245d141f90b2965a6e8b40e6899
modified,.\Records\mouse_data_log\mouse_data_log_2025-01-11_13-15-33.csv,1736581569.4619427,False,88ff75b67c37a0afdd71685730f0fc82
modified,.\Records\file_access_log\file_access_log_2025-01-11_13-15-33.csv,1736581569.477902,False,8a8e988eb017ca9e3ee1cb7d345aaab1
modified,.\Records\mouse_data_log\mouse_data_log_2025-01-11_13-15-33.csv,1736581569.4798949,False,88ff75b67c37a0afdd71685730f0fc82
modified,.\Records\file_access_log\file_access_log_2025-01-11_13-15-33.csv,1736581569.5008426,False,895d4dc72681401cd4a64dd3892638bb
modified,.\Records\mouse_data_log\mouse_data_log_2025-01-11_13-15-33.csv,1736581569.5018363,False,88ff75b67c37a0afdd71685730f0fc82
modified,.\Records\file_access_log\file_access_log_2025-01-11_13-15-33.csv,1736581569.522781,False,e4b1afe446d2b1f306857e7f80355838
modified,.\Records\mouse_data_log\mouse_data_log_2025-01-11_13-15-33.csv,1736581569.524775,False,88ff75b67c37a0afdd71685730f0fc82
modified,.\Records\file_access_log\file_access_log_2025-01-11_13-15-33.csv,1736581569.5447242,False,e62debe0189bb95af3f4c8d0ee7d3385
modified,.\Records\mouse_data_log\mouse_data_log_2025-01-11_13-15-33.csv,1736581569.5467174,False,88ff75b67c37a0afdd71685730f0fc82
modified,.\Records\file_access_log\file_access_log_2025-01-11_13-15-33.csv,1736581569.5666623,False,cab0561dcdc9811970d9b419564073ed
modified,.\Records\mouse_data_log\mouse_data_log_2025-01-11_13-15-33.csv,1736581569.5676603,False,88ff75b67c37a0afdd71685730f0fc82
modified,.\Records\file_access_log\file_access_log_2025-01-11_13-15-33.csv,1736581569.5846155,False,51034a249708d9795513277fc6562df4
modified,.\Records\mouse_data_log\mouse_data_log_2025-01-11_13-15-33.csv,1736581569.5856118,False,88ff75b67c37a0afdd71685730f0fc82
modified,.\Records\file_access_log\file_access_log_2025-01-11_13-15-33.csv,1736581569.607553,False,54d94059f525c40bc9393c4b55b8fade
modified,.\Records\mouse_data_log\mouse_data_log_2025-01-11_13-15-33.csv,1736581569.6085525,False,88ff75b67c37a0afdd71685730f0fc82
modified,.\Records\file_access_log\file_access_log_2025-01-11_13-15-33.csv,1736581569.6314907,False,06abd0a584a4cc4fe73e2c3bcbeb3dce
modified,.\Records\mouse_data_log\mouse_data_log_2025-01-11_13-15-33.csv,1736581569.659416,False,f027c5fc37476211e538d616d71a24d8
modified,.\Records\file_access_log\file_access_log_2025-01-11_13-15-33.csv,1736581569.6813562,False,1eb41736cc8876d240d60e287f194d0d
modified,.\Records\mouse_data_log\mouse_data_log_2025-01-11_13-15-33.csv,1736581569.7023008,False,f027c5fc37476211e538d616d71a24d8
modified,.\Records\file_access_log\file_access_log_2025-01-11_13-15-33.csv,1736581569.721253,False,cb19b3ebdb754018f7477c73d273c159
modified,.\Records\mouse_data_log\mouse_data_log_2025-01-11_13-15-33.csv,1736581569.7232456,False,f027c5fc37476211e538d616d71a24d8
modified,.\Records\file_access_log\file_access_log_2025-01-11_13-15-33.csv,1736581569.7362118,False,5c1b53665abf417235c1078ff4111c86
modified,.\Records\mouse_data_log\mouse_data_log_2025-01-11_13-15-33.csv,1736581569.7372096,False,f027c5fc37476211e538d616d71a24d8
modified,.\Records\file_access_log\file_access_log_2025-01-11_13-15-33.csv,1736581569.754162,False,6cb910fad8a25ae159934069d7523b2c
modified,.\Records\mouse_data_log\mouse_data_log_2025-01-11_13-15-33.csv,1736581569.772114,False,cc17b3034f78592f1a70647600c4b255
modified,.\Records\file_access_log\file_access_log_2025-01-11_13-15-33.csv,1736581569.791065,False,958c42985c42d3f2d9d79d36f933a442
modified,.\Records\mouse_data_log\mouse_data_log_2025-01-11_13-15-33.csv,1736581569.8110085,False,73bd36ce863ec8028617d530d828da76
modified,.\Records\file_access_log\file_access_log_2025-01-11_13-15-33.csv,1736581569.8319545,False,dd49ba68c5a1672a8347d132c3d94d6a
modified,.\Records\mouse_data_log\mouse_data_log_2025-01-11_13-15-33.csv,1736581569.8479145,False,8a45f865193e481bb78290f34dc9cf02
modified,.\Records\file_access_log\file_access_log_2025-01-11_13-15-33.csv,1736581569.8678567,False,3688850f902a00cd316deb06fe8948b6
modified,.\Records\mouse_data_log\mouse_data_log_2025-01-11_13-15-33.csv,1736581569.8698518,False,8a45f865193e481bb78290f34dc9cf02
modified,.\Records\file_access_log\file_access_log_2025-01-11_13-15-33.csv,1736581569.8917935,False,dc7ae2cd9414564570418eb3815ed1a3
modified,.\Records\mouse_data_log\mouse_data_log_2025-01-11_13-15-33.csv,1736581569.9177244,False,a700480f60dbff26a9a4fd2ff1d05035
modified,.\Records\file_access_log\file_access_log_2025-01-11_13-15-33.csv,1736581569.9416623,False,dc0504051417116818a2309ee1306b08
modified,.\Records\mouse_data_log\mouse_data_log_2025-01-11_13-15-33.csv,1736581569.9426575,False,a700480f60dbff26a9a4fd2ff1d05035
modified,.\Records\file_access_log\file_access_log_2025-01-11_13-15-33.csv,1736581569.964598,False,8d4822617d4c568f6d41b9d09e198096
modified,.\Records\mouse_data_log\mouse_data_log_2025-01-11_13-15-33.csv,1736581569.9656005,False,a700480f60dbff26a9a4fd2ff1d05035
modified,.\Records\file_access_log\file_access_log_2025-01-11_13-15-33.csv,1736581570.0723114,False,741335e35c79f2630e52725843cb25aa
modified,.\Records\mouse_data_log\mouse_data_log_2025-01-11_13-15-33.csv,1736581570.1072173,False,49eacf38af1822fa8b3799aec7c883ea
modified,.\Records\file_access_log\file_access_log_2025-01-11_13-15-33.csv,1736581570.1311538,False,102a65123e4a5fd08d2074c17ca58e4e
modified,.\Records\mouse_data_log\mouse_data_log_2025-01-11_13-15-33.csv,1736581570.132151,False,49eacf38af1822fa8b3799aec7c883ea
modified,.\Records\file_access_log\file_access_log_2025-01-11_13-15-33.csv,1736581570.1520996,False,d4bf34cf0fc9763931d6e119ec202c8d
modified,.\Records\mouse_data_log\mouse_data_log_2025-01-11_13-15-33.csv,1736581570.1540916,False,49eacf38af1822fa8b3799aec7c883ea
modified,.\Records\file_access_log\file_access_log_2025-01-11_13-15-33.csv,1736581570.1820173,False,ff4e3a3e6ab801e9cce793a2be56a7a6
modified,.\Records\mouse_data_log\mouse_data_log_2025-01-11_13-15-33.csv,1736581570.2049572,False,3a3cd6e95e02b83bab52c6745457573f
modified,.\Records\file_access_log\file_access_log_2025-01-11_13-15-33.csv,1736581570.2259,False,f98c272c9747e63a486329ad1980fddd
modified,.\Records\mouse_data_log\mouse_data_log_2025-01-11_13-15-33.csv,1736581570.227901,False,3a3cd6e95e02b83bab52c6745457573f
modified,.\Records\file_access_log\file_access_log_2025-01-11_13-15-33.csv,1736581570.2598093,False,3323b97b36e27b7c4e4001d098f397a2
modified,.\Records\mouse_data_log\mouse_data_log_2025-01-11_13-15-33.csv,1736581570.2618039,False,3a3cd6e95e02b83bab52c6745457573f
modified,.\Records\file_access_log\file_access_log_2025-01-11_13-15-33.csv,1736581570.286736,False,5a668b0d40cc00efc481382813cc706e
modified,.\Records\mouse_data_log\mouse_data_log_2025-01-11_13-15-33.csv,1736581570.288732,False,3a3cd6e95e02b83bab52c6745457573f
modified,.\Records\file_access_log\file_access_log_2025-01-11_13-15-33.csv,1736581570.3106735,False,d5ae2f91289ea9b8f356ac9f9017b4bd
modified,.\Records\mouse_data_log\mouse_data_log_2025-01-11_13-15-33.csv,1736581570.3126686,False,3a3cd6e95e02b83bab52c6745457573f
modified,.\Records\file_access_log\file_access_log_2025-01-11_13-15-33.csv,1736581570.333612,False,97c0c65b6fb13213679704f59201cb3c
modified,.\Records\mouse_data_log\mouse_data_log_2025-01-11_13-15-33.csv,1736581570.3346117,False,3a3cd6e95e02b83bab52c6745457573f
modified,.\Records\file_access_log\file_access_log_2025-01-11_13-15-33.csv,1736581570.356552,False,b0d8871dde2623a74dd3a7f38166d35b
modified,.\Records\mouse_data_log\mouse_data_log_2025-01-11_13-15-33.csv,1736581570.357548,False,3a3cd6e95e02b83bab52c6745457573f
modified,.\Records\file_access_log\file_access_log_2025-01-11_13-15-33.csv,1736581570.378491,False,ad8e8c9056df6ddce79c25e3bb16a8ce
modified,.\Records\mouse_data_log\mouse_data_log_2025-01-11_13-15-33.csv,1736581570.3804865,False,3a3cd6e95e02b83bab52c6745457573f
modified,.\Records\file_access_log\file_access_log_2025-01-11_13-15-33.csv,1736581570.400436,False,ed5343929923420e4746192e8f570581
modified,.\Records\mouse_data_log\mouse_data_log_2025-01-11_13-15-33.csv,1736581570.401431,False,3a3cd6e95e02b83bab52c6745457573f
modified,.\Records\file_access_log\file_access_log_2025-01-11_13-15-33.csv,1736581570.4223752,False,f50155e0d6fa66e22dd071ce81b8a6bb
modified,.\Records\mouse_data_log\mouse_data_log_2025-01-11_13-15-33.csv,1736581570.4243703,False,3a3cd6e95e02b83bab52c6745457573f
modified,.\Records\file_access_log\file_access_log_2025-01-11_13-15-33.csv,1736581570.4453158,False,3d2d0917e8b3fda711348cd68cf04e29
modified,.\Records\mouse_data_log\mouse_data_log_2025-01-11_13-15-33.csv,1736581570.44631,False,3a3cd6e95e02b83bab52c6745457573f
modified,.\Records\file_access_log\file_access_log_2025-01-11_13-15-33.csv,1736581570.4662569,False,855d75f1267b5e81c9f1c82442a3357b
modified,.\Records\mouse_data_log\mouse_data_log_2025-01-11_13-15-33.csv,1736581570.467254,False,3a3cd6e95e02b83bab52c6745457573f
modified,.\Records\file_access_log\file_access_log_2025-01-11_13-15-33.csv,1736581570.4891984,False,5010e25f7d61264420613c99380cfcef
modified,.\Records\mouse_data_log\mouse_data_log_2025-01-11_13-15-33.csv,1736581570.4901938,False,3a3cd6e95e02b83bab52c6745457573f
modified,.\Records\file_access_log\file_access_log_2025-01-11_13-15-33.csv,1736581570.5121503,False,21d8b6f7c4c13208e7d427bdeb1e2228
modified,.\Records\mouse_data_log\mouse_data_log_2025-01-11_13-15-33.csv,1736581570.5141294,False,3a3cd6e95e02b83bab52c6745457573f
modified,.\Records\file_access_log\file_access_log_2025-01-11_13-15-33.csv,1736581570.529088,False,bc36f2ff742ccc70bebdcdfaef816078
modified,.\Records\mouse_data_log\mouse_data_log_2025-01-11_13-15-33.csv,1736581570.5300853,False,3a3cd6e95e02b83bab52c6745457573f
modified,.\Records\file_access_log\file_access_log_2025-01-11_13-15-33.csv,1736581570.553031,False,ae9454fa4a24dc974de7234437e5da72
modified,.\Records\mouse_data_log\mouse_data_log_2025-01-11_13-15-33.csv,1736581570.5550208,False,3a3cd6e95e02b83bab52c6745457573f
modified,.\Records\file_access_log\file_access_log_2025-01-11_13-15-33.csv,1736581570.5679862,False,a204653776f5c64f13e2dc111310f499
modified,.\Records\mouse_data_log\mouse_data_log_2025-01-11_13-15-33.csv,1736581570.5689828,False,3a3cd6e95e02b83bab52c6745457573f
modified,.\Records\file_access_log\file_access_log_2025-01-11_13-15-33.csv,1736581570.5899277,False,7c4e6634644f116c16199b1385a5423a
modified,.\Records\mouse_data_log\mouse_data_log_2025-01-11_13-15-33.csv,1736581570.590925,False,3a3cd6e95e02b83bab52c6745457573f
modified,.\Records\file_access_log\file_access_log_2025-01-11_13-15-33.csv,1736581570.6108704,False,fc40289bc17fb47e71af0362cf66563a
modified,.\Records\mouse_data_log\mouse_data_log_2025-01-11_13-15-33.csv,1736581570.6128657,False,3a3cd6e95e02b83bab52c6745457573f
modified,.\Records\file_access_log\file_access_log_2025-01-11_13-15-33.csv,1736581570.6308184,False,02fe1157b71822ee666b31718c57d5eb
modified,.\Records\mouse_data_log\mouse_data_log_2025-01-11_13-15-33.csv,1736581570.6318147,False,3a3cd6e95e02b83bab52c6745457573f
modified,.\Records\file_access_log\file_access_log_2025-01-11_13-15-33.csv,1736581570.6537583,False,091fed4441f2268c10fdb3c05313d8e5
modified,.\Records\mouse_data_log\mouse_data_log_2025-01-11_13-15-33.csv,1736581570.6547523,False,3a3cd6e95e02b83bab52c6745457573f
modified,.\Records\file_access_log\file_access_log_2025-01-11_13-15-33.csv,1736581570.67071,False,5437a0c869b54025a4c28f376b63d563
modified,.\Records\mouse_data_log\mouse_data_log_2025-01-11_13-15-33.csv,1736581570.6717079,False,3a3cd6e95e02b83bab52c6745457573f
modified,.\Records\file_access_log\file_access_log_2025-01-11_13-15-33.csv,1736581570.6926577,False,3cf1cac45a4fe82efe02efe487e75093
modified,.\Records\mouse_data_log\mouse_data_log_2025-01-11_13-15-33.csv,1736581570.6936498,False,3a3cd6e95e02b83bab52c6745457573f
modified,.\Records\file_access_log\file_access_log_2025-01-11_13-15-33.csv,1736581570.7135947,False,4ba848971fdc2548bdcd8a8a677af230
modified,.\Records\file_access_log\file_access_log_2025-01-11_13-15-33.csv,1736581570.7335417,False,04848ff86d2546e98dbcbb1014ba19ce
modified,.\Records\file_access_log\file_access_log_2025-01-11_13-15-33.csv,1736581570.754486,False,9321502bdb4bf2a28d93c1ee9672c59c
modified,.\Records\file_access_log\file_access_log_2025-01-11_13-15-33.csv,1736581570.7794201,False,675df13e7ef28edc625dac92726edf94
modified,.\Records\file_access_log\file_access_log_2025-01-11_13-15-33.csv,1736581570.80136,False,9d6ff1b40ac8fd766fd465dcb31a98e7
modified,.\Records\file_access_log\file_access_log_2025-01-11_13-15-33.csv,1736581570.8163204,False,2904190096c3212962218e8ce096fb2c
modified,.\Records\file_access_log\file_access_log_2025-01-11_13-15-33.csv,1736581570.837263,False,5eea1c2e7b70ac7e0cef6bd9f9b16e6f
modified,.\Records\file_access_log\file_access_log_2025-01-11_13-15-33.csv,1736581570.852225,False,cc232e30d5da4e308b6850c952f2425a
modified,.\Records\file_access_log\file_access_log_2025-01-11_13-15-33.csv,1736581570.8731678,False,7f81eb55dedd29e9dd23257e868803ad
modified,.\Records\file_access_log\file_access_log_2025-01-11_13-15-33.csv,1736581570.8931146,False,02c1712da4af28da8d84c884b943bf2c
modified,.\Records\file_access_log\file_access_log_2025-01-11_13-15-33.csv,1736581570.9090722,False,1cff79f2b2a1b3a1c4bd245622784815
modified,.\Records\file_access_log\file_access_log_2025-01-11_13-15-33.csv,1736581570.9280226,False,34ccca0623b2d5a6cb8e18320a060787
modified,.\Records\file_access_log\file_access_log_2025-01-11_13-15-33.csv,1736581570.942988,False,9b43cc3fb4ca5e145ea37eff6c8cf5e3
modified,.\Records\file_access_log\file_access_log_2025-01-11_13-15-33.csv,1736581570.9639244,False,2bf8428fbd1192ce50a7db184aae00d0
modified,.\Records\file_access_log\file_access_log_2025-01-11_13-15-33.csv,1736581570.985866,False,42b9678dd454add6d30ae4a7a633f513
modified,.\Records\file_access_log\file_access_log_2025-01-11_13-15-33.csv,1736581571.0117986,False,db12146074fa1076a8e5beefa8a75abd
modified,.\Records\file_access_log\file_access_log_2025-01-11_13-15-33.csv,1736581571.031749,False,76713cf47d12bf8a4c2a83e7bfe7a3ed
modified,.\Records\file_access_log\file_access_log_2025-01-11_13-15-33.csv,1736581571.0526886,False,7da05529b873caee78cd6b846066322f
modified,.\Records\file_access_log\file_access_log_2025-01-11_13-15-33.csv,1736581571.0676482,False,b5e4625d8f8975f84477e4a0e9d46d51
modified,.\Records\file_access_log\file_access_log_2025-01-11_13-15-33.csv,1736581571.0865986,False,c26f6138b8ac3d439300ba9fe43a79ac
modified,.\Records\file_access_log\file_access_log_2025-01-11_13-15-33.csv,1736581571.1075416,False,4cf58763eba99fc5f955bf9ae23800b8
modified,.\Records\file_access_log\file_access_log_2025-01-11_13-15-33.csv,1736581571.1225011,False,36fedf1a07e932fbfe41c4a07b501365
modified,.\Records\file_access_log\file_access_log_2025-01-11_13-15-33.csv,1736581571.1374617,False,c8516a2dad980c5f5ebcd39614fe6f5c
modified,.\Records\file_access_log\file_access_log_2025-01-11_13-15-33.csv,1736581571.1633918,False,daeda979dc6223f1b6e371ad0c9c3589
modified,.\Records\file_access_log\file_access_log_2025-01-11_13-15-33.csv,1736581571.1813457,False,43b380eb54586ef20207f3c31fc8b724
modified,.\Records\file_access_log\file_access_log_2025-01-11_13-15-33.csv,1736581571.1983037,False,23cb51f0ad9a845914767e0602775caa
modified,.\Records\file_access_log\file_access_log_2025-01-11_13-15-33.csv,1736581571.217247,False,589952f578ce842933c58a27a7d762b8
modified,.\Records\file_access_log\file_access_log_2025-01-11_13-15-33.csv,1736581571.2371955,False,33741696fda839effcc6ef9f28115f32
modified,.\Records\file_access_log\file_access_log_2025-01-11_13-15-33.csv,1736581571.2531543,False,07c92518d677a2e84feebba1d53acaee
modified,.\Records\file_access_log\file_access_log_2025-01-11_13-15-33.csv,1736581571.2701075,False,a2d4cec85a4e391ca9d1d26091e4d6b4
modified,.\Records\file_access_log\file_access_log_2025-01-11_13-15-33.csv,1736581571.2900538,False,395d82ee588b63af9b6828b093a42976
modified,.\Records\file_access_log\file_access_log_2025-01-11_13-15-33.csv,1736581571.309999,False,0b0685c1f54cf241a2913ad84e0f640b
modified,.\Records\file_access_log\file_access_log_2025-01-11_13-15-33.csv,1736581571.328956,False,45d80453cd09e97544a0e43e3d69ad75
modified,.\Records\file_access_log\file_access_log_2025-01-11_13-15-33.csv,1736581571.3439097,False,ba40d3d9fd23f037aeebfef098e6f71d
modified,.\Records\file_access_log\file_access_log_2025-01-11_13-15-33.csv,1736581571.364855,False,787403f161b785ed5d2c592b777bfe38
modified,.\Records\file_access_log\file_access_log_2025-01-11_13-15-33.csv,1736581571.3808105,False,ccf25c26dedffdbe944b5cc73c4788bb
modified,.\Records\file_access_log\file_access_log_2025-01-11_13-15-33.csv,1736581571.3997605,False,9222580db92fd36389ff03c6b11815c1
modified,.\Records\file_access_log\file_access_log_2025-01-11_13-15-33.csv,1736581571.4207056,False,91c9116f660e82315032ccfd9fe9e794
modified,.\Records\file_access_log\file_access_log_2025-01-11_13-15-33.csv,1736581571.4416475,False,9dbcb1ef6697f44c1f08045f3e487ef3
modified,.\Records\file_access_log\file_access_log_2025-01-11_13-15-33.csv,1736581571.4615965,False,3ce2540a735c8cfee74d2b8a071e66b2
modified,.\Records\file_access_log\file_access_log_2025-01-11_13-15-33.csv,1736581571.4815423,False,a4d292945a4e60350ac2f805040ada8e
modified,.\Records\file_access_log\file_access_log_2025-01-11_13-15-33.csv,1736581571.506474,False,e807fce85b3cd7e931cd17f22da1345a
modified,.\Records\mouse_data_log\mouse_data_log_2025-01-11_13-15-33.csv,1736581571.5413826,False,51df44b671b64c3cc06f14577d90fd22
modified,.\Records\file_access_log\file_access_log_2025-01-11_13-15-33.csv,1736581571.554346,False,ab1dfec4a745d6c8ceb24ada2ae68354
modified,.\Records\file_access_log\file_access_log_2025-01-11_13-15-33.csv,1736581571.5772843,False,fe196a1cd5aba57c93e43538acbb89a9
